round,client_id,mec_id,uplink_mbps,latency_ms,packet_loss
0,0,2,0.050496,185.42,0
0,1,2,0,0,0
0,2,2,0.033664,216.971,0
0,3,3,0.193568,23.4528,0
0,4,1,0.143072,75.651,0
0,5,1,0.08416,133.119,0
0,6,2,0,0,0
0,7,2,0,0,0
0,8,2,0,0,0
0,9,2,0,0,0
0,10,2,0,0,0
0,11,3,0.075744,149.455,0
0,12,1,0.143072,75.6519,0
0,13,3,0.075744,145.566,0
0,14,2,0.033664,217.221,0
0,15,2,0,0,0
0,16,1,0.193568,22.2793,0
0,17,3,0.04208,194.379,0
0,18,3,0.025248,31.4957,0
0,19,2,0.050496,185.254,0
1,0,2,0.185152,448.294,0
1,1,2,0,0,0
1,2,2,0.075744,406.788,0
1,3,3,0.698528,25.2959,0
1,4,1,0.538624,159.211,0
1,5,1,0.328224,277.009,0
1,6,2,0,0,0
1,7,2,0,0,0
1,8,2,0,0,0
1,9,2,0,0,0
1,10,2,0,0,0
1,11,3,0.277728,318.477,0
1,12,1,0.555456,158.427,0
1,13,3,0.260896,310.143,0
1,14,2,0.117824,570.447,0
1,15,2,0,0,0
1,16,1,0.698528,21.7901,0
1,17,3,0.151488,495.234,0
1,18,3,0.025248,31.4957,0
1,19,2,0.159904,437.178,0
2,0,2,0.319808,514.202,0
2,1,2,0,0,0
2,2,2,0.075744,406.788,0
2,3,3,1.20349,26.9244,0
2,4,1,0.92576,179.535,0
2,5,1,0.563872,303.187,0
2,6,2,0,0,0
2,7,2,0,0,0
2,8,2,0,0,0
2,9,2,0.008416,307.2,0
2,10,2,0,0,0
2,11,3,0.4208,365.466,0
2,12,1,1.13616,121.246,0
2,13,3,0.37872,420.219,0
2,14,2,0.2104,712.248,0
2,15,2,0,0,0
2,16,1,1.09408,63.8415,0
2,17,3,0.269312,594.466,0
2,18,3,0.025248,31.4957,0
2,19,2,0.244064,580.24,0
3,0,2,0.454464,540.841,0
3,1,2,0,0,0
3,2,2,0.075744,406.788,0
3,3,3,1.72528,28.6443,0
3,4,1,1.32131,187.623,0
3,5,1,0.807936,313.969,0
3,6,2,0,0,0
3,7,2,0,0,0
3,8,2,0,0,0
3,9,2,0.008416,307.2,0
3,10,2,0,0,0
3,11,3,0.454464,394.249,0
3,12,1,1.64954,90.245,0
3,13,3,0.488128,487.927,0
3,14,2,0.345056,709.067,0
3,15,2,0,0,0
3,16,1,1.48963,101.495,0
3,17,3,0.37872,631.161,0
3,18,3,0.025248,31.4957,0
3,19,2,0.269312,684.851,0
4,0,2,0.58912,554.833,0
4,1,2,0,0,0
4,2,2,0.075744,406.788,0
4,3,3,2.14608,45.4296,0
4,4,1,1.77578,186.065,0
4,5,1,1.04358,319.323,0
4,6,2,0,0,0
4,7,2,0.008416,283.812,0
4,8,2,0,0,0
4,9,2,0.008416,307.2,0
4,10,2,0,0,0
4,11,3,0.454464,394.249,0
4,12,1,2.16291,73.9529,0
4,13,3,0.58912,528.898,0
4,14,2,0.479712,676.897,0
4,15,2,0,0,0
4,16,1,1.87677,123.089,0
4,17,3,0.496544,652.631,0
4,18,3,0.033664,65.6604,0
4,19,2,0.361888,873.105,0
5,0,2,0.723776,563.404,0
5,1,2,0,0,0
5,2,2,0.075744,406.788,0
5,3,3,2.55846,69.3538,0
5,4,1,2.33965,153.636,0
5,5,1,1.30448,320.138,0
5,6,2,0,0,0
5,7,2,0.008416,283.812,0
5,8,2,0,0,0
5,9,2,0.008416,307.2,0
5,10,2,0.008416,366.474,0
5,11,3,0.454464,394.249,0
5,12,1,2.67629,63.8924,0
5,13,3,0.58912,528.898,0
5,14,2,0.597536,664.147,0
5,15,2,0,0,0
5,16,1,2.30598,136.354,0
5,17,3,0.605952,665.253,0
5,18,3,0.033664,65.6604,0
5,19,2,0.437632,892.047,0
6,0,2,0.8416,572.767,0
6,1,2,0.058912,278.839,0
6,2,2,0.075744,406.788,0
6,3,3,3.00451,86.8158,0
6,4,1,2.85302,130.049,0
6,5,1,1.64112,306.344,0
6,6,2,0.04208,284.359,0
6,7,2,0.016832,314.05,0
6,8,3,0,0,0
6,9,2,0.058912,290.614,0
6,10,2,0.058912,307.165,0
6,11,3,0.454464,394.249,0
6,12,1,3.18966,57.0599,0
6,13,3,0.58912,528.898,0
6,14,2,0.740608,663.949,0
6,15,2,0.025248,316.577,0
6,16,1,2.76045,143.234,0
6,17,3,0.656448,669.788,0
6,18,3,0.033664,65.6604,0
6,19,2,0.488128,916.202,0
7,0,2,0.934176,590.973,0
7,1,2,0.16832,248.855,0
7,2,2,0.109408,2357.77,0
7,3,3,3.33274,100.777,0
7,4,1,3.35798,114.766,0
7,5,1,2.08717,279.933,0
7,6,2,0.176736,246.757,0
7,7,2,0.100992,234.36,0
7,8,3,0.016832,200.126,0
7,9,2,0.134656,261.13,0
7,10,2,0.134656,267.338,0
7,11,3,0.622784,947.543,0
7,12,1,3.70304,53.0377,0
7,13,3,0.58912,528.898,0
7,14,2,0.934176,612.904,0
7,15,2,0.075744,254.435,0
7,16,1,3.2065,148.495,0
7,17,3,0.656448,669.788,0
7,18,3,0.04208,92.04,0
7,19,3,0.496544,924.013,0
8,0,2,1.04358,599.663,0
8,1,2,0.227232,230.665,0
8,2,2,0.109408,2357.77,0
8,3,3,3.54314,117.199,0
8,4,1,3.87978,103.281,0
8,5,1,2.41539,273.346,0
8,6,2,0.353472,207.753,0
8,7,2,0.193568,194.141,0
8,8,3,0.058912,188.996,0
8,9,2,0.244064,217.188,0
8,10,2,0.29456,204.949,0
8,11,3,0.892096,755.374,0
8,12,1,4.208,50.1277,0
8,13,3,0.58912,528.898,0
8,14,2,1.14458,559.886,0
8,15,2,0.176736,188.581,0
8,16,1,3.68621,151.119,0
8,17,3,0.656448,669.788,0
8,18,3,0.04208,92.04,0
8,19,3,0.54704,854.856,0
9,0,2,1.18666,594.802,0
9,1,2,0.286144,219.402,0
9,2,3,0.109408,2357.77,0
9,3,3,3.84611,130.378,0
9,4,1,4.39315,94.7058,0
9,5,1,2.72678,272.436,0
9,6,2,0.429216,197.955,0
9,7,2,0.227232,191.906,0
9,8,3,0.08416,182.793,0
9,9,2,0.345056,199.251,0
9,10,2,0.33664,202.659,0
9,11,3,1.2119,622.076,0
9,12,1,4.72979,47.9919,0
9,13,3,0.605952,588.893,0
9,14,2,1.43072,508.407,0
9,15,2,0.2104,184.53,0
9,16,1,4.12384,154.385,0
9,17,3,0.656448,669.788,0
9,18,2,0.067328,127.184,0
9,19,3,0.580704,815.022,0
10,0,2,1.33814,583.567,0.0141956
10,1,2,0.328224,210.596,0.0378549
10,2,3,0.12624,2069.83,0.0189274
10,3,3,4.17434,140.31,0
10,4,1,4.89811,87.8584,0
10,5,1,2.98768,275.291,0.00630915
10,6,2,0.50496,194.685,0.0378549
10,7,2,0.302976,184.233,0.0378549
10,8,3,0.08416,182.793,0.0378549
10,9,2,0.370304,198.489,0.0378549
10,10,2,0.37872,196.521,0.0378549
10,11,3,1.43914,577.833,0.00946372
10,12,1,5.23475,46.2453,0
10,13,3,0.605952,588.893,0.00788644
10,14,2,1.62429,495.782,0.0173502
10,15,2,0.25248,181.226,0.0378549
10,16,1,4.56147,157.475,0
10,17,3,0.656448,669.788,0.0157729
10,18,2,0.092576,138.692,0.033123
10,19,3,0.580704,815.022,0.0141956
11,0,2,1.54854,561.232,0.0776978
11,1,2,0.37872,202.229,0.122302
11,2,3,0.134656,1953.7,0.103597
11,3,3,4.62038,145.459,0
11,4,1,5.41149,82.3312,0.0172662
11,5,1,3.1055,275.507,0.0532374
11,6,2,0.54704,193.572,0.122302
11,7,2,0.319808,184.571,0.122302
11,8,3,0.100992,176.131,0.122302
11,9,2,0.395552,196.117,0.120863
11,10,2,0.387136,195.661,0.122302
11,11,3,1.72528,534.817,0.0604317
11,12,1,5.73971,45.3077,0.0143885
11,13,2,0.67328,547.025,0.0633094
11,14,2,1.75894,500.874,0.0877698
11,15,2,0.29456,182.322,0.122302
11,16,1,5.04118,158.719,0
11,17,3,0.732192,1174.95,0.0820144
11,18,2,0.2104,160.629,0.117986
11,19,3,0.58912,805.769,0.0805755
12,0,2,1.78419,533.908,0.130952
12,1,2,0.395552,200.397,0.193122
12,2,3,0.16832,1600.03,0.175926
12,3,3,5.18426,143.491,0
12,4,1,5.93328,77.2317,0.0343915
12,5,1,3.156,274.048,0.0912698
12,6,2,0.597536,190.007,0.193122
12,7,2,0.361888,182.771,0.193122
12,8,3,0.117824,180.575,0.193122
12,9,2,0.429216,194.934,0.191799
12,10,2,0.4208,193.128,0.193122
12,11,3,2.17133,462.894,0.113757
12,12,1,6.25309,43.6014,0.0132275
12,13,2,0.75744,504.492,0.121693
12,14,2,1.88518,510.244,0.146825
12,15,2,0.353472,180.324,0.193122
12,16,1,5.61347,147.498,0.00925926
12,17,3,0.917344,1088.3,0.138889
12,18,2,0.29456,160.859,0.189153
12,19,3,0.614368,779.98,0.141534
13,0,2,2.01984,511.782,0.176255
13,1,2,0.4208,198.358,0.253366
13,2,3,0.185152,1471.46,0.237454
13,3,3,5.71446,132.764,0
13,4,1,6.44666,72.8059,0.0501836
13,5,1,3.156,274.048,0.124847
13,6,2,0.656448,189.566,0.253366
13,7,2,0.4208,181.72,0.252142
13,8,3,0.2104,170.558,0.253366
13,9,2,0.454464,192.294,0.252142
13,10,2,0.479712,190.706,0.253366
13,11,3,2.4743,437.412,0.175031
13,12,1,6.76646,41.9389,0.0122399
13,13,2,0.850016,467.206,0.170135
13,14,2,2.01142,518.747,0.190942
13,15,2,0.387136,180.575,0.253366
13,16,1,6.12685,136.961,0.0257038
13,17,3,1.15299,940.416,0.186047
13,18,2,0.395552,166.696,0.249694
13,19,3,0.698528,707.869,0.201958
14,0,2,2.24707,494.679,0.214123
14,1,2,0.429216,197.551,0.305239
14,2,3,0.218816,1270.39,0.290433
14,3,3,6.17734,127.648,0.00341686
14,4,1,6.96003,69.0839,0.0569476
14,5,1,3.18966,272.853,0.15262
14,6,2,0.67328,189.723,0.305239
14,7,2,0.454464,182.468,0.3041
14,8,3,0.286144,176.358,0.305239
14,9,2,0.471296,191.54,0.3041
14,10,2,0.496544,191.516,0.305239
14,11,3,2.77728,418.986,0.232346
14,12,1,7.25459,41.1608,0.0113895
14,13,2,0.959424,431.463,0.224374
14,14,2,2.12925,527.261,0.228929
14,15,2,0.395552,179.831,0.305239
14,16,1,6.62339,128.724,0.0398633
14,17,3,1.33814,866.61,0.22779
14,18,2,0.446048,165.149,0.300683
14,19,3,0.791104,643.96,0.246014
15,0,2,2.38173,491.644,0.249201
15,1,2,0.429216,197.551,0.350373
15,2,3,0.260896,1092.05,0.336528
15,3,3,6.61498,130.613,0.0170394
15,4,1,7.47341,65.9295,0.0532481
15,5,1,3.29066,269.99,0.175719
15,6,2,0.732192,188.21,0.350373
15,7,2,0.471296,182.116,0.349308
15,8,3,0.33664,175.683,0.350373
15,9,2,0.538624,188.481,0.349308
15,10,2,0.521792,190.618,0.349308
15,11,3,3.05501,406.335,0.282215
15,12,1,7.72589,44.7269,0.0106496
15,13,2,1.00992,418.789,0.27476
15,14,2,2.27232,531.121,0.264111
15,15,2,0.437632,179.501,0.350373
15,16,1,7.09469,126.252,0.0489883
15,17,3,1.48963,826.264,0.263046
15,18,2,0.50496,163.322,0.346113
15,19,3,0.892096,591.022,0.28754
16,0,2,2.50797,485.211,0.28
16,1,1,0.446048,191.556,0.38
16,2,3,0.353472,854.787,0.377
16,3,3,7.08627,133.19,0.024
16,4,1,7.98678,63.1964,0.05
16,5,1,3.49264,263.096,0.185
16,6,2,0.8416,183.442,0.381
16,7,2,0.622784,176.564,0.384
16,8,3,0.4208,178.102,0.39
16,9,2,0.656448,182.688,0.38
16,10,2,0.690112,185.113,0.379
16,11,3,3.29066,402.821,0.326
16,12,1,8.29818,45.5795,0.01
16,13,2,1.13616,389.861,0.319
16,14,2,2.45747,527.12,0.292
16,15,2,0.605952,176.349,0.387
16,16,1,7.66698,121.518,0.053
16,17,3,1.56538,824.629,0.302
16,18,2,0.648032,161.107,0.386
16,19,3,1.01834,536.424,0.331
17,0,2,2.75203,469.647,0.313559
17,1,1,0.513376,189.596,0.404896
17,2,3,0.4208,745.144,0.412429
17,3,3,7.61648,133.467,0.0423729
17,4,1,8.50016,60.7519,0.047081
17,5,1,3.50947,262.868,0.181733
17,6,2,0.942592,182.453,0.40113
17,7,2,0.749024,174.753,0.413371
17,8,3,0.446048,176.817,0.421846
17,9,2,0.723776,182.951,0.405838
17,10,2,0.8416,177.145,0.405838
17,11,3,3.5768,393.053,0.345574
17,12,1,8.81155,44.1656,0.0094162
17,13,2,1.22032,374.58,0.357815
17,14,2,2.65104,519.501,0.309793
17,15,2,0.67328,177.088,0.414313
17,16,1,8.18035,115.2,0.0564972
17,17,3,1.56538,824.629,0.341808
17,18,2,0.765856,162.209,0.419962
17,19,3,1.07725,516.991,0.36629
18,0,2,2.83619,467.831,0.337489
18,1,1,0.521792,189.746,0.430988
18,2,3,0.446048,713.997,0.444346
18,3,3,8.11302,133.009,0.0730187
18,4,1,8.8873,63.639,0.0445236
18,5,1,3.50947,262.868,0.191451
18,6,2,0.959424,182.683,0.416741
18,7,2,0.765856,174.557,0.43455
18,8,3,0.446048,176.817,0.449688
18,9,2,0.765856,182.46,0.428317
18,10,2,0.858432,177.354,0.423865
18,11,3,3.93869,378.812,0.352627
18,12,1,9.32493,42.912,0.00890472
18,13,2,1.2624,368.385,0.392698
18,14,2,2.80253,518.891,0.323241
18,15,2,0.698528,176.804,0.436331
18,16,1,8.59274,113.579,0.0578807
18,17,3,1.56538,824.629,0.37756
18,18,2,0.774272,162.828,0.451469
18,19,3,1.09408,512.051,0.39715
19,0,2,2.85302,467.984,0.357264
19,1,1,0.538624,188.621,0.454392
19,2,3,0.454464,704.111,0.472973
19,3,3,8.54224,135.68,0.0903716
19,4,1,9.11453,70.3164,0.0422297
19,5,1,3.5263,262.438,0.202703
19,6,2,0.959424,182.683,0.439189
19,7,2,0.774272,174.899,0.461149
19,8,3,0.446048,176.817,0.475507
19,9,2,0.765856,182.46,0.44848
19,10,2,0.858432,177.354,0.44848
19,11,3,4.3679,360.06,0.353885
19,12,1,9.8383,41.7926,0.00844595
19,13,2,1.2624,368.385,0.423142
19,14,2,2.91194,522.957,0.331926
19,15,2,0.698528,176.804,0.461993
19,16,1,8.95462,117.9,0.0625
19,17,3,1.56538,824.629,0.409628
19,18,2,0.774272,162.828,0.477196
19,19,3,1.09408,512.051,0.425676
20,0,3,2.85302,467.984,0.373494
20,1,1,0.563872,188.831,0.476305
20,2,3,0.471296,685.693,0.497189
20,3,3,8.86205,139.468,0.103614
20,4,1,9.34176,77.4503,0.0401606
20,5,1,3.55155,261.719,0.216867
20,6,2,0.96784,182.778,0.460241
20,7,2,0.782688,174.832,0.480321
20,8,3,0.471296,176.962,0.501205
20,9,2,0.765856,182.46,0.473896
20,10,2,0.875264,177.234,0.473092
20,11,3,4.68771,351.637,0.363855
20,12,1,10.3517,41.5607,0.00803213
20,13,2,1.27082,367.039,0.450602
20,14,2,3.06342,529.503,0.346988
20,15,2,0.706944,176.669,0.484337
20,16,1,9.47642,117.149,0.0666667
20,17,3,1.70003,902.686,0.438554
20,18,2,0.774272,162.828,0.499598
20,19,3,1.12774,502.134,0.453815
21,0,3,2.86144,467.184,0.383614
21,1,1,0.58912,188.224,0.496937
21,2,3,0.479712,677.341,0.518377
21,3,3,9.11453,144.352,0.104135
21,4,1,9.51008,83.3722,0.0382848
21,5,1,3.65254,258.729,0.248851
21,6,2,0.96784,182.778,0.482389
21,7,2,0.791104,175.14,0.502297
21,8,3,0.488128,177.473,0.522971
21,9,2,0.782688,181.295,0.496172
21,10,2,0.892096,177.706,0.496937
21,11,3,4.90653,352.113,0.367534
21,12,1,10.8651,40.7434,0.00918836
21,13,2,1.27923,365.606,0.468606
21,14,2,3.23174,526.607,0.365237
21,15,2,0.706944,176.669,0.504594
21,16,1,9.98979,113.21,0.0673813
21,17,3,1.76736,876.734,0.457887
21,18,2,0.807936,162.417,0.511485
21,19,3,1.12774,502.134,0.477795
22,0,3,2.86144,467.184,0.391368
22,1,1,0.597536,188.065,0.518654
22,2,3,0.488128,668.322,0.537674
22,3,3,9.35859,149.021,0.100219
22,4,1,9.56058,86.804,0.0365764
22,5,1,3.66938,258.293,0.278713
22,6,2,1.0015,182.204,0.500366
22,7,2,0.824768,174.746,0.520849
22,8,3,0.521792,177.777,0.541331
22,9,2,0.816352,181.334,0.515728
22,10,2,0.92576,177.097,0.516459
22,11,3,5.07485,355.102,0.357718
22,12,1,11.37,40.1679,0.00877835
22,13,2,1.29606,362.939,0.486467
22,14,2,3.3664,523.934,0.38259
22,15,2,0.732192,177.043,0.522312
22,16,1,10.5032,109.122,0.0643745
22,17,3,2.12083,771.945,0.466715
22,18,2,0.850016,163.175,0.525238
22,19,3,1.13616,499.956,0.498903
23,0,3,2.86986,466.234,0.397059
23,1,1,0.605952,187.369,0.537115
23,2,3,0.496544,660.289,0.556723
23,3,3,9.55216,154.35,0.0959384
23,4,1,9.68682,98.9565,0.035014
23,5,1,3.70304,257.734,0.309524
23,6,2,1.03517,181.203,0.517507
23,7,2,0.866848,173.768,0.536415
23,8,3,0.521792,177.777,0.553221
23,9,2,0.8416,180.884,0.534314
23,10,2,0.942592,176.85,0.532213
23,11,3,5.20109,361.555,0.359944
23,12,1,11.8076,40.7986,0.00840336
23,13,2,1.3129,360.242,0.5007
23,14,2,3.47581,525.319,0.398459
23,15,2,0.732192,177.043,0.539916
23,16,1,11.0165,105.379,0.0616246
23,17,3,2.17133,761.229,0.469888
23,18,2,0.917344,160.986,0.537815
23,19,3,1.14458,497.332,0.513305
24,0,3,2.87827,465.286,0.405641
24,1,2,0.605952,187.369,0.555406
24,2,3,0.521792,635.494,0.571525
24,3,3,9.74573,159.657,0.0920081
24,4,1,9.91405,106.579,0.0335796
24,5,1,3.8377,253.946,0.334453
24,6,2,1.06883,179.701,0.53593
24,7,2,0.88368,174.119,0.553392
24,8,3,0.521792,177.777,0.566823
24,9,2,0.866848,180.192,0.551377
24,10,2,0.976256,175.515,0.550034
24,11,3,5.22634,364.823,0.361988
24,12,0,12.0433,45.8173,0.00873069
24,13,2,1.32131,359.158,0.513096
24,14,2,3.50947,527.17,0.413029
24,15,2,0.740608,177.272,0.556749
24,16,1,11.5299,101.923,0.0591001
24,17,3,2.30598,732.899,0.476158
24,18,2,0.942592,161.179,0.554063
24,19,3,1.15299,494.751,0.525856
25,0,3,2.87827,465.286,0.421935
25,1,2,0.605952,187.369,0.572903
25,2,3,0.521792,635.494,0.584516
25,3,3,9.9393,164.766,0.0929032
25,4,1,10.5032,105.219,0.0322581
25,5,1,3.93869,251.691,0.352258
25,6,2,1.06883,179.701,0.549032
25,7,2,0.88368,174.119,0.569032
25,8,3,0.530208,178.44,0.57871
25,9,2,0.875264,180.454,0.561935
25,10,2,0.976256,175.515,0.562581
25,11,3,5.22634,364.823,0.365161
25,12,2,12.0433,45.8173,0.0083871
25,13,2,1.32131,359.158,0.528387
25,14,2,3.50947,527.17,0.425161
25,15,2,0.740608,177.272,0.570323
25,16,1,12.0433,98.6892,0.0567742
25,17,3,2.55005,690.806,0.485806
25,18,2,0.942592,161.179,0.566452
25,19,3,1.16141,492.625,0.536129
26,0,3,2.90352,462.845,0.428926
26,1,2,0.639616,186.997,0.587213
26,2,3,0.521792,635.494,0.5928
26,3,3,10.1497,169.631,0.0924891
26,4,1,11.0081,101.366,0.0310366
26,5,1,4.03126,249.951,0.362508
26,6,2,1.13616,179.136,0.558038
26,7,2,0.92576,175.165,0.571074
26,8,3,0.54704,179.069,0.589075
26,9,2,0.917344,179.882,0.571074
26,10,2,1.01834,175.812,0.566729
26,11,3,5.23475,364.48,0.372439
26,12,2,12.077,46.2275,0.00806952
26,13,2,1.38864,351.439,0.536934
26,14,2,3.55997,560.433,0.433271
26,15,2,0.774272,178.051,0.573557
26,16,1,12.5567,95.6859,0.0546245
26,17,3,2.92877,638.487,0.500931
26,18,2,0.959424,161.389,0.570453
26,19,3,1.16982,490.098,0.544382
27,0,3,2.97085,456.445,0.436005
27,1,2,0.791104,181.395,0.598086
27,2,3,0.563872,602.517,0.603469
27,3,3,10.4611,172.72,0.0891148
27,4,1,11.5299,97.6993,0.0299043
27,5,1,4.19117,246.488,0.385766
27,6,2,1.28765,177.415,0.567584
27,7,2,1.07725,171.459,0.58134
27,8,3,0.622784,178.934,0.603469
27,9,2,1.08566,174.908,0.581938
27,10,2,1.16982,172.089,0.574163
27,11,3,5.32733,361.139,0.375
27,12,2,12.1948,47.3373,0.00777512
27,13,2,1.57379,328.094,0.547249
27,14,2,3.65254,588.211,0.440789
27,15,2,0.858432,177.478,0.587321
27,16,1,13.07,92.9109,0.0526316
27,17,3,3.45898,564.459,0.519737
27,18,2,0.959424,161.389,0.580742
27,19,3,1.19507,483.564,0.558612
28,0,3,3.01293,452.406,0.452395
28,1,2,0.96784,178.204,0.611656
28,2,3,0.648032,542.839,0.616849
28,3,3,10.7388,175.232,0.0859781
28,4,1,12.0433,94.4045,0.0328909
28,5,1,4.3679,243.441,0.407386
28,6,2,1.41389,176.65,0.582227
28,7,2,1.2624,170.991,0.595499
28,8,3,0.664864,177.706,0.617426
28,9,2,1.25398,171.396,0.595499
28,10,2,1.32131,170.947,0.589152
28,11,3,5.43674,357.157,0.372187
28,12,2,12.3968,49.4441,0.00750144
28,13,2,1.72528,313.992,0.561454
28,14,2,3.7872,593.513,0.450087
28,15,2,1.08566,171.96,0.600115
28,16,1,13.5834,90.3375,0.0530871
28,17,3,3.98918,499.798,0.536642
28,18,1,0.976256,159.275,0.594922
28,19,3,1.2119,479.194,0.572995
29,0,3,3.02976,451.03,0.471014
29,1,2,1.06883,176.808,0.624303
29,2,3,0.690112,521.228,0.629877
29,3,3,10.9829,179.277,0.0886288
29,4,1,12.5483,91.4643,0.0507246
29,5,1,4.54464,240.594,0.426421
29,6,2,1.51488,176.012,0.596433
29,7,2,1.41389,170.52,0.608696
29,8,3,0.698528,177.319,0.630435
29,9,2,1.35498,169.009,0.609253
29,10,2,1.41389,170.235,0.603122
29,11,3,5.4704,355.923,0.365106
29,12,2,12.4893,50.2718,0.00724638
29,13,2,1.79261,308.594,0.576366
29,14,2,3.93027,591.391,0.461538
29,15,2,1.22032,170.86,0.613712
29,16,1,14.0968,88.0078,0.0613155
29,17,3,4.50256,455.403,0.552397
29,18,1,1.06883,160.889,0.608696
29,19,2,1.2119,479.194,0.586957
30,0,3,3.02976,451.03,0.48841
30,1,2,1.07725,176.731,0.634501
30,2,3,0.690112,521.228,0.64097
30,3,3,11.2438,182.215,0.0981132
30,4,1,13.07,88.6571,0.0673854
30,5,1,4.56147,240.199,0.442588
30,6,2,1.54013,175.453,0.609164
30,7,2,1.41389,170.52,0.621024
30,8,3,0.706944,177.229,0.64097
30,9,2,1.36339,169.355,0.622102
30,10,2,1.46438,170.194,0.615094
30,11,3,5.4704,355.923,0.365499
30,12,2,12.4978,50.3665,0.00700809
30,13,2,1.80944,307.254,0.589757
30,14,2,4.02285,594.561,0.470081
30,15,2,1.24557,170.722,0.625876
30,16,1,14.6102,85.8371,0.0625337
30,17,3,4.89811,425.156,0.561186
30,18,1,1.08566,160.408,0.621024
30,19,2,1.2119,479.194,0.598922
31,0,3,3.02976,451.03,0.504175
31,1,2,1.07725,176.731,0.645094
31,2,3,0.690112,521.228,0.651879
31,3,3,11.4121,185.834,0.111169
31,4,1,13.5834,86.0962,0.0866388
31,5,1,4.5783,239.828,0.455115
31,6,2,1.54013,175.453,0.621608
31,7,2,1.41389,170.52,0.632568
31,8,3,0.706944,177.229,0.650835
31,9,2,1.36339,169.355,0.632568
31,10,2,1.46438,170.194,0.626305
31,11,3,5.4704,355.923,0.372651
31,12,2,12.4978,50.3665,0.00678497
31,13,2,1.81786,306.51,0.602296
31,14,2,4.10701,602.345,0.477557
31,15,2,1.24557,170.722,0.637787
31,16,1,15.1236,83.8177,0.0610647
31,17,3,5.22634,408.487,0.567328
31,18,1,1.11091,160.936,0.631002
31,19,2,1.2119,479.194,0.611691
32,0,3,3.03818,450.314,0.519474
32,1,2,1.07725,176.731,0.655033
32,2,3,0.690112,521.228,0.662114
32,3,3,11.5804,190.433,0.123925
32,4,1,14.0547,84.3951,0.111786
32,5,1,4.59514,239.47,0.470916
32,6,2,1.54854,175.562,0.630754
32,7,2,1.4223,170.723,0.64087
32,8,3,0.706944,177.229,0.660091
32,9,2,1.36339,169.355,0.64087
32,10,2,1.4728,170.149,0.635812
32,11,3,5.47882,355.573,0.381892
32,12,2,12.5062,50.5071,0.00708144
32,13,2,1.81786,306.51,0.613556
32,14,2,4.19958,608.674,0.485078
32,15,2,1.24557,170.722,0.647446
32,16,1,15.6369,81.9729,0.0591806
32,17,3,5.33574,405.343,0.562468
32,18,1,1.11933,160.832,0.637835
32,19,2,1.22032,477.62,0.623166
33,0,3,3.03818,450.314,0.533366
33,1,2,1.08566,177.905,0.665358
33,2,3,0.690112,521.228,0.671737
33,3,3,11.7487,194.75,0.138862
33,4,1,14.4587,86.7631,0.131011
33,5,1,4.59514,239.47,0.484298
33,6,2,1.55696,176.222,0.640334
33,7,2,1.4223,170.723,0.650147
33,8,3,0.706944,177.229,0.670265
33,9,2,1.36339,169.355,0.650638
33,10,2,1.4728,170.149,0.645731
33,11,3,5.47882,355.573,0.395976
33,12,2,12.5062,50.5071,0.00736016
33,13,2,1.81786,306.51,0.624141
33,14,2,4.29216,614.699,0.493131
33,15,2,1.25398,171.143,0.657998
33,16,1,16.1503,80.458,0.0574092
33,17,3,5.59664,399.964,0.57262
33,18,1,1.12774,160.865,0.647203
33,19,2,1.22032,477.62,0.633955
34,0,3,3.04659,449.646,0.546451
34,1,2,1.08566,177.905,0.675083
34,2,3,0.690112,521.228,0.679848
34,3,3,11.9171,198.806,0.15293
34,4,1,14.8458,90.0008,0.143402
34,5,1,4.59514,239.47,0.491186
34,6,2,1.55696,176.222,0.64888
34,7,2,1.4223,170.723,0.659362
34,8,3,0.706944,177.229,0.679848
34,9,2,1.37181,170.005,0.659838
34,10,2,1.4728,170.149,0.654121
34,11,3,5.47882,355.573,0.41353
34,12,2,12.5062,50.5071,0.0276322
34,13,2,1.81786,306.51,0.634588
34,14,2,4.38474,620.436,0.505955
34,15,2,1.25398,171.143,0.667461
34,16,1,16.6637,79.0729,0.0557408
34,17,3,5.98378,389.809,0.574559
34,18,1,1.13616,161.255,0.656027
34,19,2,1.22032,477.62,0.64364
35,0,3,3.04659,449.646,0.558796
35,1,2,1.08566,177.905,0.684259
35,2,3,0.690112,521.228,0.688889
35,3,3,12.0854,202.529,0.166204
35,4,1,15.2498,92.9082,0.139352
35,5,1,4.59514,239.47,0.499537
35,6,2,1.55696,176.222,0.658796
35,7,2,1.4223,170.723,0.668981
35,8,3,0.706944,177.229,0.688426
35,9,2,1.37181,170.005,0.669444
35,10,2,1.4728,170.149,0.663889
35,11,3,5.47882,355.573,0.430093
35,12,2,12.5062,50.5071,0.0550926
35,13,2,1.81786,306.51,0.644444
35,14,2,4.47731,625.926,0.519907
35,15,2,1.25398,171.143,0.676852
35,16,1,17.1771,77.7617,0.0541667
35,17,3,6.38774,378.597,0.570833
35,18,1,1.13616,161.255,0.665741
35,19,2,1.22032,477.62,0.653704
36,0,3,3.06342,448.05,0.570014
36,1,2,1.08566,177.905,0.69113
36,2,3,0.690112,521.228,0.696983
36,3,3,12.2621,206.499,0.177848
36,4,1,15.8305,91.8463,0.135525
36,5,1,4.59514,239.47,0.50968
36,6,2,1.55696,176.222,0.664115
36,7,2,1.4223,170.723,0.675371
36,8,3,0.71536,177.407,0.696083
36,9,2,1.37181,170.005,0.674921
36,10,2,1.4728,170.149,0.670869
36,11,3,5.47882,355.573,0.444394
36,12,2,12.5146,50.646,0.0787933
36,13,2,1.81786,306.51,0.649707
36,14,2,4.56989,631.189,0.530392
36,15,2,1.27082,173.056,0.683926
36,16,1,17.682,76.6651,0.052679
36,17,3,6.75805,368.985,0.56371
36,18,1,1.16982,161.971,0.674021
36,19,2,1.22032,477.62,0.662765
37,0,3,3.06342,448.05,0.577564
37,1,2,1.08566,177.905,0.689746
37,2,3,0.690112,521.228,0.700701
37,3,3,12.4304,210.121,0.183611
37,4,1,16.3439,89.6291,0.131902
37,5,1,4.61197,239.317,0.514023
37,6,2,1.58221,177.866,0.66433
37,7,2,1.45597,172.924,0.675285
37,8,3,0.71536,177.407,0.699387
37,9,2,1.38864,171.268,0.674847
37,10,2,1.4728,170.149,0.66915
37,11,3,5.47882,355.573,0.453988
37,12,2,12.5314,50.9168,0.0964067
37,13,2,1.83469,306.382,0.650745
37,14,2,4.66246,636.247,0.538124
37,15,2,1.3129,175.777,0.684926
37,16,1,18.1954,75.4712,0.0512708
37,17,3,7.16202,359.392,0.549518
37,18,1,1.20349,162.595,0.682734
37,19,2,1.24557,474.307,0.670465
38,0,3,3.07184,447.247,0.586854
38,1,2,1.08566,177.905,0.690141
38,2,3,0.690112,521.228,0.706359
38,3,3,12.6072,213.681,0.190781
38,4,1,16.8404,87.7432,0.128468
38,5,1,4.6793,238.197,0.516432
38,6,2,1.59904,179.125,0.664959
38,7,2,1.4728,174.324,0.675203
38,8,3,0.71536,177.407,0.705079
38,9,2,1.40547,172.565,0.674776
38,10,2,1.48963,171.359,0.671362
38,11,3,5.48723,355.323,0.463508
38,12,2,12.5398,51.0589,0.109262
38,13,2,1.83469,306.382,0.651729
38,14,2,4.75504,641.091,0.543321
38,15,2,1.32973,177.58,0.683739
38,16,1,18.7004,74.425,0.049936
38,17,3,7.63331,351.288,0.535211
38,18,1,1.25398,162.454,0.689714
38,19,2,1.25398,473.219,0.67819
39,0,3,3.08867,445.688,0.596506
39,1,2,1.08566,177.905,0.693428
39,2,3,0.690112,521.228,0.712146
39,3,3,12.7839,217.181,0.199667
39,4,1,17.3117,87.8254,0.125208
39,5,1,4.74662,237.293,0.521631
39,6,2,1.60746,179.448,0.671381
39,7,2,1.48963,175.562,0.676373
39,8,3,0.71536,177.407,0.71173
39,9,2,1.41389,173.415,0.678869
39,10,2,1.48963,171.359,0.675957
39,11,3,5.49565,355.06,0.475874
39,12,2,12.5398,51.0589,0.128536
39,13,2,1.8431,306.436,0.657238
39,14,2,4.81395,644.059,0.547837
39,15,2,1.33814,178.222,0.68594
39,16,1,19.1127,73.9113,0.0486689
39,17,3,7.96154,345.701,0.521631
39,18,1,1.32973,162.901,0.693428
39,19,2,1.2624,471.994,0.686356
40,0,3,3.13075,442.232,0.606491
40,1,2,1.09408,178.861,0.700609
40,2,3,0.740608,496.974,0.71927
40,3,3,12.9691,220.369,0.206491
40,4,1,17.8335,88.8649,0.12211
40,5,1,4.89811,234.66,0.532252
40,6,2,1.60746,179.448,0.678296
40,7,2,1.48963,175.562,0.684381
40,8,3,0.732192,177.687,0.718458
40,9,2,1.4223,174.152,0.686815
40,10,2,1.48963,171.359,0.681947
40,11,3,5.52931,353.91,0.488844
40,12,2,12.5398,51.0589,0.150101
40,13,2,1.8431,306.436,0.665314
40,14,2,4.81395,644.059,0.554564
40,15,2,1.33814,178.222,0.692495
40,16,1,19.4157,75.0284,0.0474645
40,17,3,8.48333,331.578,0.514402
40,18,1,1.39706,162.937,0.699391
40,19,2,1.2624,471.994,0.694118
41,0,3,3.16442,439.343,0.615598
41,1,2,1.09408,178.861,0.707838
41,2,3,0.765856,486.643,0.726049
41,3,3,13.1542,223.575,0.217736
41,4,1,18.3048,90.6613,0.119161
41,5,1,4.98227,233.794,0.543151
41,6,2,1.60746,179.448,0.686065
41,7,2,1.48963,175.562,0.692003
41,8,3,0.749024,176.545,0.725257
41,9,2,1.4223,174.152,0.694378
41,10,2,1.48963,171.359,0.689232
41,11,3,5.57981,352.268,0.501188
41,12,2,12.5398,51.0589,0.17023
41,13,2,1.8431,306.436,0.673001
41,14,2,4.81395,644.059,0.561362
41,15,2,1.34656,178.811,0.699921
41,16,1,19.9375,75.4273,0.0463183
41,17,3,9.03878,314.019,0.511876
41,18,1,1.53171,163.983,0.706255
41,19,2,1.2624,471.994,0.701108
42,0,3,3.18125,437.763,0.624662
42,1,2,1.09408,178.861,0.714727
42,2,3,0.774272,483.662,0.732509
42,3,3,13.3309,226.58,0.228836
42,4,1,18.7929,92.4937,0.116351
42,5,1,5.0496,233.174,0.55315
42,6,2,1.60746,179.448,0.693081
42,7,2,1.48963,175.562,0.698879
42,8,3,0.774272,177.358,0.731736
42,9,2,1.4223,174.152,0.701585
42,10,2,1.49805,172.114,0.69656
42,11,3,5.59664,351.737,0.512563
42,12,2,12.5398,51.0589,0.189795
42,13,2,1.8431,306.436,0.680711
42,14,2,4.81395,644.059,0.567453
42,15,2,1.36339,179.629,0.70661
42,16,1,20.2994,76.1428,0.0452261
42,17,3,9.55216,299.285,0.517201
42,18,1,1.64954,164.696,0.712408
42,19,2,1.2624,471.994,0.708156
43,0,3,3.2065,435.718,0.633308
43,1,2,1.09408,178.861,0.720921
43,2,3,0.79952,473.318,0.738671
43,3,3,13.5245,229.534,0.239048
43,4,1,19.2558,94.3909,0.117069
43,5,1,5.11693,232.302,0.563444
43,6,2,1.60746,179.448,0.699773
43,7,2,1.48963,175.562,0.705816
43,8,3,0.79952,176.966,0.737915
43,9,2,1.43072,174.794,0.708459
43,10,2,1.49805,172.114,0.70355
43,11,3,5.6303,350.731,0.523792
43,12,2,12.5398,51.0589,0.208459
43,13,2,1.85152,306.598,0.688066
43,14,2,4.81395,644.059,0.573263
43,15,2,1.36339,179.629,0.713369
43,16,1,20.6024,77.3882,0.0441843
43,17,3,9.92246,291.95,0.513973
43,18,1,1.75053,163.907,0.718656
43,19,2,1.2624,471.994,0.714879
44,0,3,3.21491,435.107,0.641196
44,1,2,1.09408,178.861,0.727206
44,2,3,0.79952,473.318,0.744555
44,3,3,13.676,232.006,0.2488
44,4,1,19.6934,96.3754,0.12034
44,5,1,5.19267,231.39,0.573274
44,6,2,1.60746,179.448,0.706534
44,7,2,1.48963,175.562,0.71244
44,8,3,0.816352,177.034,0.743817
44,9,2,1.43072,174.794,0.714655
44,10,2,1.49805,172.114,0.710225
44,11,3,5.65555,349.958,0.534515
44,12,2,12.5398,51.0589,0.226283
44,13,2,1.85152,306.598,0.69509
44,14,2,4.81395,644.059,0.578811
44,15,2,1.36339,179.629,0.719823
44,16,1,21.0905,77.5293,0.0431894
44,17,3,10.2339,286.895,0.508675
44,18,1,1.81786,164.448,0.724991
44,19,2,1.2624,471.994,0.721299
45,0,2,3.21491,435.107,0.648736
45,1,2,1.09408,178.861,0.733213
45,2,3,0.816352,466.996,0.750181
45,3,3,13.7938,236.24,0.257762
45,4,1,20.0132,98.5653,0.122383
45,5,1,5.24317,230.917,0.582671
45,6,2,1.60746,179.448,0.712996
45,7,2,1.48963,175.562,0.718773
45,8,3,0.8416,177.288,0.749458
45,9,2,1.43072,174.794,0.720939
45,10,2,1.49805,172.114,0.716606
45,11,3,5.6808,349.285,0.544765
45,12,2,12.5398,51.0589,0.243321
45,13,2,1.85152,306.598,0.701805
45,14,2,4.81395,644.059,0.584116
45,15,2,1.36339,179.629,0.725993
45,16,1,21.5029,77.3147,0.0422383
45,17,3,10.5368,282.985,0.502527
45,18,1,1.87677,165.197,0.730686
45,19,2,1.2624,471.994,0.727437
46,0,2,3.21491,435.107,0.65572
46,1,2,1.09408,178.861,0.738701
46,2,3,0.824768,463.718,0.755297
46,3,3,13.9032,239.368,0.266596
46,4,1,20.2657,101.421,0.119703
46,5,1,5.27683,230.538,0.591102
46,6,2,1.60746,179.448,0.718927
46,7,2,1.48963,175.562,0.724223
46,8,3,0.858432,176.632,0.754237
46,9,2,1.43072,174.794,0.726695
46,10,2,1.49805,172.114,0.722458
46,11,3,5.71446,348.414,0.554379
46,12,2,12.5398,51.0589,0.258475
46,13,2,1.85152,306.598,0.70798
46,14,2,4.81395,644.059,0.588983
46,15,3,1.36339,179.629,0.730932
46,16,1,22.0163,77.1435,0.0416667
46,17,3,10.9576,275.947,0.495763
46,18,1,1.91885,164.845,0.735169
46,19,2,1.2624,471.994,0.732698
47,0,2,3.21491,435.107,0.66298
47,1,2,1.09408,178.861,0.74421
47,2,3,0.8416,457.653,0.760456
47,3,3,13.9958,243.681,0.274801
47,4,1,20.5266,104.123,0.117179
47,5,1,5.30208,230.349,0.598686
47,6,2,1.60746,179.448,0.723816
47,7,2,1.48963,175.562,0.729001
47,8,3,0.866848,176.671,0.759419
47,9,2,1.43072,174.794,0.731421
47,10,2,1.49805,172.114,0.727964
47,11,3,5.72288,348.214,0.563775
47,12,2,12.5398,51.0589,0.273764
47,13,2,1.85152,306.598,0.713446
47,14,2,4.81395,644.059,0.593847
47,15,3,1.37181,179.881,0.734186
47,16,1,22.4791,76.9839,0.0407881
47,17,3,11.3195,271.48,0.489803
47,18,1,1.95251,165.238,0.739371
47,19,2,1.2624,471.994,0.737643
48,0,2,3.21491,435.107,0.669601
48,1,2,1.09408,178.861,0.749492
48,2,3,0.850016,454.789,0.765403
48,3,3,14.08,247.787,0.282668
48,4,1,20.7875,106.662,0.11476
48,5,1,5.30208,230.349,0.604604
48,6,2,1.60746,179.448,0.728842
48,7,2,1.48963,175.562,0.73392
48,8,3,0.866848,176.671,0.764387
48,9,2,1.43072,174.794,0.736628
48,10,2,1.50646,173.025,0.733243
48,11,3,5.7313,347.901,0.572444
48,12,2,12.5483,51.2498,0.288761
48,13,2,1.85152,306.598,0.719364
48,14,2,4.81395,644.059,0.599526
48,15,3,1.38022,180.023,0.739675
48,16,1,22.9757,76.3792,0.0402844
48,17,3,11.6814,269.59,0.484428
48,18,1,1.96934,165.297,0.742383
48,19,2,1.2624,471.994,0.742383
49,0,2,3.4169,418.745,0.674959
49,1,2,1.22874,183.905,0.754229
49,2,3,0.908928,436.864,0.770149
49,3,3,14.1136,249.44,0.290216
49,4,1,20.9222,107.786,0.112438
49,5,2,5.37782,229.157,0.609287
49,6,2,1.74211,182.418,0.733997
49,7,2,1.60746,178.48,0.73864
49,8,3,0.900512,176.122,0.769154
49,9,2,1.46438,177.699,0.741625
49,10,2,1.65795,175.079,0.73864
49,11,3,5.76496,346.854,0.580431
49,12,2,12.6997,52.9133,0.303151
49,13,2,1.96934,301.28,0.72471
49,14,2,4.81395,644.059,0.607629
49,15,3,1.43914,179.074,0.74461
49,16,1,23.4722,75.576,0.0424544
49,17,3,12.1275,265.265,0.478939
49,18,1,2.01984,165.853,0.744279
49,19,2,1.39706,447.804,0.747595
50,0,2,3.6273,402.045,0.680104
50,1,2,1.43914,179.654,0.759103
50,2,3,1.04358,400.411,0.772757
50,3,3,14.1136,249.44,0.297464
50,4,1,21.0232,113.537,0.110208
50,5,2,5.62189,225.416,0.611508
50,6,2,1.9441,177.738,0.739272
50,7,2,1.80102,175.252,0.743823
50,8,3,1.04358,174.585,0.773082
50,9,3,1.50646,177.005,0.746424
50,10,2,1.8431,171.85,0.743823
50,11,3,5.89962,342.522,0.587451
50,12,2,12.8092,53.7765,0.31697
50,13,2,2.12925,289.036,0.730169
50,14,2,4.81395,644.059,0.61541
50,15,3,1.54013,178.647,0.74935
50,16,1,23.9856,74.4826,0.0484395
50,17,3,12.5398,257.641,0.471391
50,18,1,2.27232,162.679,0.746099
50,19,2,1.55696,416.459,0.752601
51,0,2,3.6273,402.045,0.685368
51,1,2,1.43914,179.654,0.763787
51,2,3,1.04358,400.411,0.776219
51,3,3,14.1136,249.44,0.304112
51,4,0,21.3261,115.509,0.109021
51,5,2,5.62189,225.416,0.615556
51,6,2,1.9441,177.738,0.744342
51,7,2,1.80102,175.252,0.748805
51,8,3,1.04358,174.585,0.776538
51,9,3,1.50646,177.005,0.751355
51,10,2,1.8431,171.85,0.748805
51,11,3,5.89962,342.522,0.59388
51,12,2,12.8092,53.7765,0.330252
51,13,2,2.12925,289.036,0.735416
51,14,2,4.81395,644.059,0.622888
51,15,3,1.54854,178.504,0.753586
51,16,1,24.499,73.4516,0.049729
51,17,3,12.6156,257.927,0.462225
51,18,1,2.39014,163.373,0.746573
51,19,2,1.55696,416.459,0.757412
52,0,2,3.76195,394.197,0.690119
52,1,2,1.57379,180.351,0.768293
52,2,3,1.07725,392.504,0.779862
52,3,3,14.2315,268.547,0.310507
52,4,2,21.4271,115.655,0.10788
52,5,2,5.73971,224.312,0.6207
52,6,2,2.08717,177.786,0.749218
52,7,2,1.92726,173.101,0.753596
52,8,3,1.06883,174.505,0.779862
52,9,3,1.55696,176.039,0.756098
52,10,2,2.02826,172.197,0.753283
52,11,3,5.96694,340.64,0.601001
52,12,2,12.9017,54.7398,0.343027
52,13,2,2.22182,284.219,0.740463
52,14,2,4.81395,644.059,0.630081
52,15,3,1.60746,177.306,0.758286
52,16,1,25.0124,72.4387,0.0531582
52,17,3,13.1626,254.97,0.453408
52,18,1,2.48272,163.932,0.746717
52,19,2,1.69162,397.037,0.762039
53,0,2,3.87978,387.437,0.695612
53,1,2,1.78419,175.265,0.77263
53,2,3,1.16982,375.077,0.783369
53,3,3,14.282,271.604,0.316662
53,4,2,21.6375,116.094,0.107395
53,5,2,5.91645,222.119,0.625652
53,6,2,2.28074,175.414,0.753912
53,7,2,2.11242,171.583,0.758208
53,8,3,1.09408,174.882,0.783369
53,9,3,1.66637,176.132,0.760356
53,10,2,2.23866,169.41,0.757901
53,11,3,6.12685,335.972,0.606935
53,12,2,13.0953,56.0996,0.355324
53,13,2,2.42381,273.963,0.745014
53,14,2,4.81395,644.059,0.637005
53,15,3,1.65795,177.413,0.762811
53,16,1,25.5257,71.4457,0.0595275
53,17,3,13.6423,248.366,0.449831
53,18,1,2.70154,163.788,0.748696
53,19,2,1.75053,388.913,0.766493
54,0,2,4.01443,379.611,0.700904
54,1,2,1.90202,173.311,0.776807
54,2,3,1.27082,357.423,0.787349
54,3,3,14.3493,277.448,0.323494
54,4,2,21.789,116.217,0.108133
54,5,2,6.14368,219.78,0.629518
54,6,2,2.46589,174.484,0.758434
54,7,2,2.3144,169.309,0.762651
54,8,2,1.11091,173.651,0.786747
54,9,3,1.74211,175.134,0.764759
54,10,2,2.38173,168.477,0.762349
54,11,3,6.21942,333.439,0.613253
54,12,2,13.2636,57.3848,0.367169
54,13,2,2.56688,266.93,0.749699
54,14,2,4.81395,644.059,0.643675
54,15,3,1.70845,177.378,0.767169
54,16,1,26.0391,70.5061,0.0608434
54,17,3,14.1473,240.867,0.449096
54,18,1,2.8951,164.489,0.750602
54,19,2,1.76736,386.661,0.770783
55,0,2,4.09859,375.237,0.7063
55,1,2,1.96093,173.418,0.780834
55,2,3,1.37181,342.585,0.790594
55,3,3,14.4419,281.223,0.331854
55,4,2,21.9405,116.503,0.112984
55,5,2,6.27834,218.259,0.634723
55,6,2,2.5248,173.576,0.762792
55,7,2,2.39856,168.896,0.766933
55,8,2,1.19507,173.559,0.789707
55,9,3,1.80944,175.138,0.769003
55,10,2,2.42381,168.875,0.766637
55,11,3,6.33725,330.317,0.619343
55,12,2,13.3225,57.8162,0.378586
55,13,2,2.67629,262.949,0.754215
55,14,2,4.81395,644.059,0.650104
55,15,3,1.77578,176.566,0.771369
55,16,1,26.5525,69.6143,0.061816
55,17,3,14.6523,233.769,0.447501
55,18,1,3.09709,165.223,0.753032
55,19,3,1.79261,383.632,0.774919
56,0,2,4.23325,368.396,0.711795
56,1,2,2.11242,172.02,0.785009
56,2,3,1.49805,326.728,0.794306
56,3,3,14.5008,284.707,0.339919
56,4,2,22.0499,116.678,0.120279
56,5,2,6.54765,215.704,0.640325
56,6,2,2.66787,172.61,0.767286
56,7,2,2.5248,168.429,0.771354
56,8,2,1.33814,171.517,0.793144
56,9,3,1.88518,174.57,0.773388
56,10,2,2.43222,169.049,0.771063
56,11,3,6.54765,324.857,0.625508
56,12,2,13.4319,58.5545,0.38989
56,13,2,2.81936,257.676,0.758861
56,14,2,4.81395,644.059,0.656595
56,15,3,1.86835,176.315,0.775712
56,16,1,27.0659,68.7168,0.0618826
56,17,3,15.174,226.891,0.443637
56,18,1,3.42531,163.557,0.756537
56,19,3,1.90202,371.029,0.779198
57,0,2,4.46048,357.602,0.716814
57,1,2,2.25549,170.439,0.788752
57,2,3,1.64954,310.979,0.797317
57,3,3,14.5513,288.609,0.348558
57,4,2,22.2519,116.979,0.126749
57,5,2,6.76646,213.35,0.646018
57,6,2,2.86144,169.185,0.771339
57,7,2,2.75203,165.853,0.775335
57,8,2,1.58221,168.76,0.79646
57,9,3,1.95251,174.396,0.777334
57,10,1,2.55846,166.82,0.774764
57,11,3,6.67389,321.704,0.631744
57,12,2,13.6423,60.1154,0.400228
57,13,2,2.9961,251.787,0.76306
57,14,2,4.81395,644.059,0.662575
57,15,3,1.87677,176.171,0.779332
57,16,1,27.5792,67.8817,0.0625178
57,17,3,15.6285,221.525,0.439623
57,18,1,3.68621,164.152,0.759635
57,19,3,2.00301,360.039,0.783043
58,0,2,4.55306,353.614,0.721661
58,1,2,2.39014,170.483,0.792368
58,2,3,1.70845,305.543,0.800505
58,3,3,14.5849,291.993,0.356622
58,4,2,22.3866,117.277,0.132997
58,5,2,6.92637,211.778,0.652076
58,6,2,3.06342,169.016,0.775253
58,7,2,2.91194,165.213,0.779181
58,8,2,1.74211,168.219,0.799944
58,9,3,2.02826,174.379,0.781145
58,10,1,2.74362,167.678,0.77862
58,11,3,6.74963,319.906,0.637486
58,12,2,13.777,61.0413,0.410494
58,13,2,3.18125,245.218,0.767116
58,14,2,4.81395,644.059,0.66835
58,15,3,1.8936,176.381,0.782828
58,16,1,28.101,67.063,0.0622896
58,17,3,16.1251,216.393,0.437149
58,18,1,3.82928,164.335,0.762907
58,19,3,2.0535,354.634,0.786756
59,0,2,4.71296,347.232,0.718621
59,1,2,2.48272,169.77,0.789793
59,2,3,1.75894,301.003,0.801379
59,3,3,14.6186,296.097,0.366345
59,4,2,22.4707,117.44,0.143172
59,5,2,7.11152,210.02,0.654069
59,6,2,3.11392,168.857,0.773241
59,7,2,3.04659,163.621,0.778207
59,8,2,1.8431,166.699,0.801379
59,9,3,2.08717,173.968,0.783448
59,10,1,2.83619,167.152,0.777103
59,11,3,6.79171,319.007,0.641655
59,12,2,13.8443,61.5798,0.414897
59,13,2,3.34115,241.657,0.765517
59,14,2,4.81395,644.059,0.673931
59,15,3,1.97776,176.627,0.784
59,16,1,28.606,66.3833,0.0617931
59,17,3,16.4617,214.802,0.433379
59,18,1,3.92186,164.103,0.76469
59,19,3,2.09558,350.85,0.784276
60,0,2,4.92336,339.349,0.71758
60,1,2,2.65104,169.064,0.788117
60,2,3,1.88518,291.514,0.800868
60,3,3,14.6186,296.097,0.376831
60,4,2,22.6138,117.674,0.154097
60,5,2,7.28826,208.564,0.653283
60,6,2,3.3159,168.018,0.771839
60,7,2,3.26541,162.853,0.776451
60,8,2,1.9441,166.249,0.800868
60,9,3,2.18816,174.046,0.785947
60,10,1,3.05501,165.195,0.775095
60,11,3,6.8927,316.95,0.64433
60,12,2,14.0042,62.6578,0.421595
60,13,2,3.60205,234.96,0.765871
60,14,2,4.81395,644.059,0.679327
60,15,3,2.0535,176.037,0.78459
60,16,1,29.1194,65.7538,0.0607705
60,17,3,16.8741,211.564,0.429463
60,18,1,4.09018,164.199,0.760445
60,19,3,2.18816,342.992,0.784319
61,0,2,5.10851,332.774,0.72111
61,1,2,2.82778,167.1,0.791033
61,2,3,1.96093,286.218,0.80411
61,3,3,14.6186,296.097,0.386976
61,4,2,22.7148,117.89,0.160929
61,5,2,7.5239,206.932,0.658393
61,6,2,3.55997,166.857,0.774486
61,7,2,3.4169,162.414,0.779557
61,8,2,2.02826,165.562,0.803843
61,9,3,2.33965,172.42,0.789165
61,10,1,3.25699,164.836,0.777956
61,11,3,6.9432,315.918,0.65012
61,12,2,14.2062,63.5956,0.430478
61,13,2,3.87978,228.769,0.768882
61,14,2,4.84762,677.955,0.684548
61,15,3,2.12925,175.791,0.78783
61,16,1,29.5822,65.8513,0.0597812
61,17,3,17.236,210.02,0.43368
61,18,1,4.33424,163.746,0.760875
61,19,3,2.27232,336.665,0.787297
62,0,2,5.31891,325.254,0.722164
62,1,2,3.02134,167.839,0.789916
62,2,3,2.04509,281.009,0.805672
62,3,3,14.6186,296.097,0.393382
62,4,2,22.74,117.965,0.170693
62,5,2,7.82688,203.775,0.659139
62,6,2,3.71987,166.477,0.77416
62,7,2,3.61888,162.405,0.779149
62,8,2,2.13766,165.445,0.806197
62,9,3,2.49955,171.797,0.790966
62,10,1,3.53472,162.278,0.775473
62,11,3,7.06102,313.125,0.652836
62,12,2,14.3409,64.3514,0.436187
62,13,2,4.23325,221.011,0.768382
62,14,2,4.88128,695.672,0.689601
62,15,3,2.19658,175.87,0.789653
62,16,1,30.0788,65.3976,0.0588235
62,17,3,17.4969,208.984,0.428046
62,18,1,4.58672,163.385,0.761555
62,19,3,2.33965,332.029,0.786765
63,0,2,5.54614,318.183,0.722409
63,1,2,3.22333,167.457,0.78625
63,2,3,2.17133,273.773,0.806151
63,3,3,14.6186,296.097,0.401137
63,4,3,22.7989,118.19,0.177048
63,5,2,8.12144,201.38,0.65986
63,6,2,3.87136,165.831,0.771776
63,7,2,3.8377,160.407,0.776945
63,8,2,2.25549,164.747,0.808736
63,9,3,2.69312,170.923,0.790644
63,10,1,3.79562,160.82,0.773326
63,11,3,7.17043,310.895,0.653916
63,12,2,14.5428,65.5437,0.43939
63,13,2,4.4184,217.705,0.767382
63,14,3,4.91494,706.77,0.694236
63,15,3,2.25549,175.191,0.790902
63,16,1,30.5837,64.92,0.0578961
63,17,3,17.7493,208.217,0.422848
63,18,1,4.79712,163.495,0.75756
63,19,3,2.43222,324.774,0.788576
64,0,2,5.74813,312.946,0.723155
64,1,2,3.3664,167.261,0.786768
64,2,3,2.23866,269.721,0.806107
64,3,3,14.6775,295.55,0.408651
64,4,3,22.9168,120.772,0.186005
64,5,2,8.28134,200.373,0.65827
64,6,2,3.96394,165.773,0.769975
64,7,2,4.208,158.347,0.7743
64,8,2,2.38173,163.925,0.811196
64,9,3,2.7857,170.596,0.791603
64,10,1,3.80403,160.89,0.772519
64,11,3,7.23776,309.538,0.656234
64,12,2,14.6943,66.4806,0.443257
64,13,2,4.47731,217.098,0.766921
64,14,3,4.98227,699.086,0.698982
64,15,3,2.32282,174.657,0.792875
64,16,1,31.0382,64.6081,0.0569975
64,17,3,17.9766,207.545,0.416539
64,18,1,4.80554,163.496,0.756234
64,19,3,2.54163,317.637,0.791094
65,0,2,5.88278,309.429,0.724881
65,1,2,3.51789,166.84,0.787772
65,2,3,2.37331,263.119,0.805061
65,3,3,14.7028,295.28,0.414683
65,4,3,23.0262,123.653,0.193435
65,5,2,8.48333,199.32,0.658482
65,6,2,4.07334,165.51,0.771736
65,7,2,4.60355,160.733,0.775495
65,8,2,2.4743,163.683,0.810323
65,9,3,2.87827,169.975,0.793285
65,10,1,3.82086,160.846,0.774743
65,11,3,7.33034,307.598,0.65798
65,12,2,14.7953,67.0859,0.450013
65,13,2,4.53622,216.47,0.766725
65,14,3,5.07485,689.084,0.703332
65,15,3,2.3649,174.905,0.794037
65,16,1,31.4758,65.2435,0.0561263
65,17,3,18.187,206.82,0.410423
65,18,1,4.81395,163.553,0.752694
65,19,3,2.65104,310.346,0.793786
66,0,2,6.0511,305.011,0.725074
66,1,2,3.68621,166.975,0.786525
66,2,3,2.50797,256.396,0.804294
66,3,3,14.728,295.04,0.421767
66,4,3,23.1356,126.635,0.201876
66,5,2,8.53382,199.119,0.656466
66,6,2,4.24166,165.2,0.770977
66,7,2,4.88128,167.96,0.774926
66,8,2,2.67629,162.734,0.80923
66,9,3,2.96243,169.714,0.793682
66,10,1,3.89661,160.961,0.778134
66,11,3,7.38925,306.296,0.656713
66,12,2,14.9721,68.2612,0.454097
66,13,0,4.64563,215.12,0.766288
66,14,3,5.15059,681.352,0.707799
66,15,3,2.42381,174.231,0.794669
66,16,1,31.9808,65.2424,0.0552813
66,17,3,18.6835,203.836,0.404245
66,18,2,4.92336,163.42,0.747038
66,19,3,2.72678,305.961,0.792695
67,0,2,6.12685,303.331,0.722344
67,1,2,3.80403,166.68,0.786044
67,2,3,2.59213,253.201,0.803307
67,3,3,14.7364,294.967,0.42937
67,4,3,23.2366,129.369,0.208607
67,5,2,8.53382,199.119,0.65451
67,6,2,4.35107,165.107,0.767809
67,7,2,5.14218,175.084,0.771943
67,8,2,2.70995,162.883,0.805009
67,9,3,3.05501,169.353,0.794797
67,10,1,3.96394,161.205,0.776076
67,11,3,7.43974,305.422,0.658643
67,12,2,15.0815,69.0326,0.456844
67,13,1,4.67088,214.438,0.763676
67,14,3,5.21792,674.65,0.711646
67,15,3,2.44906,173.905,0.797471
67,16,1,32.4184,65.3595,0.0544615
67,17,3,19.0707,201.345,0.399222
67,18,2,5.01594,163.248,0.744226
67,19,3,2.7857,302.907,0.793581
68,0,2,6.16893,302.6,0.724006
68,1,2,3.82086,166.623,0.785338
68,2,3,2.71837,248.246,0.804983
68,3,2,14.7364,294.967,0.43771
68,4,3,23.3544,132.543,0.216339
68,5,1,8.76106,194.683,0.655486
68,6,2,4.35949,165.16,0.766411
68,7,2,5.34416,183.181,0.769526
68,8,2,2.7352,162.954,0.804025
68,9,3,3.07184,169.288,0.796119
68,10,1,4.00602,161.349,0.775036
68,11,3,7.45658,305.092,0.661476
68,12,2,15.1067,69.1858,0.461428
68,13,1,4.6793,214.337,0.762578
68,14,3,5.26842,669.781,0.715381
68,15,3,2.4743,173.971,0.799713
68,16,1,32.7887,65.7538,0.0536655
68,17,3,19.3147,201.654,0.394106
68,18,2,5.0496,163.469,0.74437
68,19,3,2.81094,301.554,0.7954
69,0,2,6.20259,301.966,0.723022
69,1,2,3.8377,166.61,0.785596
69,2,3,2.95402,251.058,0.806375
69,3,2,14.7701,294.64,0.445809
69,4,3,23.4722,135.199,0.224557
69,5,1,9.27443,185.761,0.655726
69,6,2,4.39315,165.121,0.768123
69,7,2,5.52931,191.457,0.769303
69,8,2,2.7352,162.954,0.80425
69,9,3,3.07184,169.288,0.796694
69,10,1,4.06493,161.536,0.774734
69,11,3,7.45658,305.092,0.664699
69,12,2,15.1572,69.4653,0.466824
69,13,1,4.70454,214.068,0.760567
69,14,3,5.26842,669.781,0.719244
69,15,3,2.4743,173.971,0.799764
69,16,1,33.2516,66.3711,0.0528926
69,17,3,19.6093,203.17,0.392916
69,18,2,5.06643,163.489,0.744982
69,19,3,2.84461,300.011,0.796458
70,0,2,6.21101,301.796,0.721136
70,1,2,3.90502,166.211,0.784218
70,2,3,3.16442,255.118,0.805633
70,3,2,14.8037,294.338,0.453678
70,4,3,23.5985,138.014,0.231611
70,5,1,9.78781,177.402,0.654795
70,6,2,4.44365,164.93,0.765596
70,7,2,5.72288,199.681,0.76676
70,8,2,2.74362,163.125,0.803771
70,9,3,3.07184,169.288,0.796788
70,10,1,4.11542,161.842,0.772579
70,11,3,7.47341,304.696,0.667365
70,12,2,15.1572,69.4653,0.469739
70,13,1,4.73821,213.997,0.757682
70,14,3,5.26842,669.781,0.722533
70,15,3,2.49955,173.964,0.800978
70,16,1,33.5714,67.0581,0.0521415
70,17,3,19.8533,204.45,0.389665
70,18,2,5.11693,163.615,0.743715
70,19,3,2.86144,299.288,0.797253
71,0,2,6.24467,301.021,0.72045
71,1,2,3.93027,166.114,0.782649
71,2,3,3.34957,258,0.806518
71,3,2,14.8542,293.981,0.461327
71,4,3,23.7247,140.823,0.240303
71,5,1,10.3012,169.704,0.652743
71,6,2,4.4689,165.031,0.762222
71,7,2,5.8912,206.463,0.766123
71,8,2,2.7857,163.265,0.804453
71,9,3,3.08867,169.347,0.795961
71,10,1,4.18275,161.943,0.769796
71,11,3,7.49866,304.23,0.670186
71,12,2,15.1656,69.52,0.471655
71,13,1,4.90653,212.631,0.752812
71,14,3,5.30208,666.568,0.725958
71,15,3,2.50797,173.765,0.801469
71,16,1,34.068,67.3584,0.0527886
71,17,3,20.0048,205.563,0.389029
71,18,2,5.2095,163.74,0.740418
71,19,3,2.91194,297.185,0.798026
72,0,2,6.26992,300.557,0.718198
72,1,2,3.98077,165.942,0.779765
72,2,3,3.3664,258.548,0.806474
72,3,2,14.9047,293.491,0.468764
72,4,3,23.8425,143.456,0.250113
72,5,1,10.8146,162.662,0.650068
72,6,2,4.51098,164.923,0.761431
72,7,2,6.07635,213.351,0.764147
72,8,2,2.7857,163.265,0.803757
72,9,3,3.12234,169.251,0.794024
72,10,1,4.23325,162.118,0.765052
72,11,3,7.54915,303.324,0.672024
72,12,2,15.1909,69.7361,0.475102
72,13,1,5.0496,211.289,0.746944
72,14,3,5.34416,662.682,0.729742
72,15,3,2.53322,173.749,0.802852
72,16,1,34.5393,66.8946,0.0525124
72,17,3,20.3499,206.503,0.390901
72,18,2,5.24317,163.751,0.736985
72,19,3,2.95402,295.128,0.797872
73,0,2,6.28675,300.265,0.715785
73,1,2,4.00602,165.958,0.777852
73,2,3,3.37482,258.873,0.805983
73,3,2,14.9468,293.191,0.475776
73,4,3,23.9604,146.094,0.256754
73,5,1,11.3279,156.238,0.647912
73,6,2,4.56147,164.899,0.760661
73,7,2,6.23626,220.728,0.761107
73,8,3,2.7857,163.265,0.803304
73,9,3,3.16442,168.943,0.792364
73,10,1,4.27533,162.508,0.762894
73,11,3,7.59965,302.44,0.673141
73,12,2,15.2245,69.9248,0.476892
73,13,1,5.21792,210.103,0.745925
73,14,3,5.4199,655.639,0.733199
73,15,3,2.55846,173.46,0.803528
73,16,1,35.0442,66.6562,0.0520205
73,17,3,20.6192,207.421,0.392498
73,18,2,5.29366,163.776,0.736325
73,19,3,3.00451,292.936,0.798616
74,0,2,6.32042,299.613,0.71438
74,1,2,4.10701,165.54,0.776921
74,2,2,3.47581,255.985,0.806651
74,3,2,15.031,292.501,0.481172
74,4,3,24.095,148.838,0.263819
74,5,1,11.4878,155.802,0.647434
74,6,2,4.6793,164.804,0.761066
74,7,2,6.32883,225.722,0.753799
74,8,3,2.8951,163.132,0.803127
74,9,3,3.29907,168.788,0.791896
74,10,1,4.27533,162.508,0.76569
74,11,3,7.69222,300.5,0.675622
74,12,2,15.3424,70.6183,0.480511
74,13,1,5.36099,208.376,0.748073
74,14,3,5.54614,644.683,0.73486
74,15,3,2.60054,173.704,0.804669
74,16,1,35.566,66.079,0.0519709
74,17,3,21.1999,205.806,0.394407
74,18,2,5.4199,163.339,0.739485
74,19,3,3.1055,288.337,0.798282
75,0,1,6.41299,296.814,0.714472
75,1,2,4.19117,165.455,0.775532
75,2,2,3.6273,252.154,0.805302
75,3,2,15.1236,291.738,0.487397
75,4,3,24.2381,151.35,0.270752
75,5,1,11.6982,155.968,0.647762
75,6,2,4.77187,164.446,0.761625
75,7,2,6.35408,229.385,0.746197
75,8,3,3.03818,162.26,0.802912
75,9,3,3.44214,168.266,0.792916
75,10,2,4.35949,162.024,0.768579
75,11,3,7.7848,298.78,0.677532
75,12,2,15.4181,71.1348,0.484789
75,13,1,5.63872,205.976,0.749674
75,14,3,5.69763,631.774,0.735767
75,15,3,2.6847,172.839,0.805954
75,16,1,36.0794,65.4984,0.0538896
75,17,3,21.6544,202.34,0.396132
75,18,2,5.47882,163.318,0.742938
75,19,3,3.25699,282.091,0.798783
76,0,1,6.80854,287.865,0.713918
76,1,2,4.2585,165.294,0.774609
76,2,2,3.69462,250.541,0.804632
76,3,2,15.1825,291.206,0.493674
76,4,3,24.4064,153.98,0.277504
76,5,1,11.8666,156.061,0.651512
76,6,2,4.84762,164.291,0.76024
76,7,2,6.3625,231.591,0.74244
76,8,3,3.19808,161.779,0.800343
76,9,3,3.51789,168.441,0.792837
76,10,2,4.44365,162.159,0.769033
76,11,3,7.86054,297.548,0.680249
76,12,2,15.4518,71.3344,0.485953
76,13,1,6.00061,200.057,0.75059
76,14,3,5.81546,622.165,0.737294
76,15,2,2.76886,171.544,0.806777
76,16,1,36.5928,64.8981,0.053828
76,17,3,22.1762,199.371,0.392237
76,18,2,5.54614,163.169,0.742869
76,19,3,3.4169,276.646,0.799056
77,0,1,7.1536,280.356,0.716554
77,1,2,4.40157,164.959,0.774979
77,2,2,3.81245,247.407,0.805461
77,3,2,15.3508,289.656,0.5
77,4,3,24.5747,156.12,0.284081
77,5,1,12.1527,155.679,0.656012
77,6,2,4.98227,163.937,0.761219
77,7,2,6.3625,231.591,0.739204
77,8,3,3.29066,161.647,0.802286
77,9,3,3.64413,168.356,0.793607
77,10,2,4.58672,162.133,0.770957
77,11,3,7.93629,296.112,0.683319
77,12,2,15.6117,72.3446,0.491321
77,13,1,6.48874,192.098,0.753175
77,14,3,5.99219,608.35,0.738992
77,15,2,2.91194,170.869,0.80906
77,16,1,37.1061,64.3236,0.0548264
77,17,3,22.4876,197.803,0.3895
77,18,2,5.70605,163.209,0.744496
77,19,3,3.61046,269.985,0.800593
78,0,1,7.46499,274.789,0.719122
78,1,2,4.62038,164.166,0.777429
78,2,2,3.9471,245.018,0.803344
78,3,2,15.4854,288.387,0.505956
78,4,3,24.7683,158.319,0.290491
78,5,1,12.1948,155.767,0.654336
78,6,2,5.13376,163.976,0.763427
78,7,2,6.3625,231.591,0.737513
78,8,3,3.42531,162.057,0.804389
78,9,3,3.75354,167.974,0.796029
78,10,2,4.69613,162.164,0.772832
78,11,3,8.03728,294.525,0.687147
78,12,2,15.7127,73.0054,0.496761
78,13,1,6.85062,188.462,0.756113
78,14,3,6.08477,601.491,0.741484
78,15,2,3.03818,169.659,0.810867
78,16,1,37.6195,63.7787,0.0566353
78,17,3,22.7148,197.217,0.390178
78,18,2,5.84912,162.989,0.746917
78,19,3,3.77878,265.335,0.80209
79,0,1,7.77638,269.859,0.721832
79,1,2,4.79712,163.557,0.779612
79,2,2,4.09859,241.928,0.800454
79,3,2,15.5948,287.534,0.511762
79,4,3,24.9619,160.337,0.296327
79,5,1,12.1948,155.767,0.646306
79,6,2,5.27683,163.986,0.766199
79,7,2,6.37933,245.276,0.736277
79,8,3,3.58522,161.425,0.806851
79,9,3,3.84611,167.7,0.798597
79,10,2,4.86445,161.244,0.77404
79,11,3,8.23085,291.439,0.691085
79,12,2,15.8894,73.6901,0.50227
79,13,1,7.23776,184.716,0.758357
79,14,3,6.20259,593.049,0.744738
79,15,2,3.17283,169.683,0.813042
79,16,1,38.1329,63.2381,0.0581923
79,17,3,22.9168,196.913,0.391251
79,18,2,6.0511,162.695,0.74969
79,19,3,4.00602,258.547,0.803962
80,0,1,8.13827,264.237,0.725087
80,1,2,4.9991,163.647,0.780925
80,2,2,4.30899,238.052,0.797636
80,3,2,15.7716,285.954,0.516609
80,4,3,25.1723,162.325,0.302018
80,5,2,12.3126,155.69,0.638272
80,6,2,5.4704,163.654,0.767883
80,7,2,6.39616,260.314,0.735072
80,8,3,3.72829,161.532,0.808845
80,9,3,3.84611,167.7,0.800897
80,10,2,5.09168,160.942,0.775219
80,11,3,8.33184,290.099,0.694518
80,12,2,16.0746,74.7095,0.508457
80,13,1,7.50707,183.756,0.759731
80,14,3,6.34566,583.279,0.747707
80,15,2,3.39165,167.772,0.814958
80,16,1,38.6463,62.6858,0.0609334
80,17,3,23.245,196.178,0.393723
80,18,2,6.21101,161.948,0.751376
80,19,3,4.21642,253.796,0.805788
81,0,1,8.4665,259.032,0.727657
81,1,2,5.26842,163.226,0.78281
81,2,2,4.42682,235.223,0.7969
81,3,2,15.9315,284.573,0.521538
81,4,3,25.3827,163.901,0.30777
81,5,2,12.5146,155.721,0.630435
81,6,2,5.77338,161.961,0.769928
81,7,2,6.42141,284.353,0.734098
81,8,3,3.8377,161.321,0.810386
81,9,3,3.84611,167.7,0.802738
81,10,2,5.33574,161.27,0.776771
81,11,3,8.44966,288.45,0.697464
81,12,2,16.3186,76.0664,0.51409
81,13,1,7.84371,182.505,0.759259
81,14,3,6.43824,577.135,0.749799
81,15,2,3.63571,166.952,0.816828
81,16,1,39.1596,62.1544,0.0619968
81,17,3,23.4722,195.704,0.396337
81,18,2,6.43824,161.499,0.752415
81,19,3,4.35107,250.964,0.807367
82,0,1,8.73581,255.594,0.730364
82,1,2,5.40307,162.862,0.78445
82,2,2,4.50256,233.898,0.798966
82,3,2,16.083,283.387,0.525949
82,4,3,25.7866,164.723,0.313184
82,5,2,12.7671,155.684,0.622788
82,6,2,5.95853,161.545,0.771525
82,7,2,6.44666,309.862,0.732949
82,8,3,3.91344,161.46,0.812686
82,9,2,3.91344,167.346,0.804733
82,10,2,5.48723,160.942,0.778087
82,11,3,8.50858,287.7,0.69994
82,12,2,16.4364,76.5773,0.519189
82,13,1,8.16352,181.771,0.7586
82,14,3,6.55606,569.861,0.752038
82,15,2,3.77037,166.661,0.818453
82,16,1,39.673,61.6284,0.0616425
82,17,3,23.691,195.189,0.396898
82,18,2,6.56448,161.489,0.754623
82,19,3,4.55306,247.064,0.808511
83,0,1,8.92938,253.749,0.733202
83,1,2,5.50406,163.002,0.786444
83,2,2,4.68771,231.005,0.801179
83,3,2,16.2513,282.152,0.530845
83,4,3,26.1906,165.281,0.318664
83,5,2,12.8933,155.549,0.615324
83,6,2,6.09318,161.459,0.773281
83,7,2,6.5224,334.069,0.732613
83,8,3,3.98077,161.729,0.814538
83,9,2,4.05651,166.666,0.805894
83,10,2,5.6303,161.089,0.780157
83,11,3,8.61798,286.203,0.702358
83,12,2,16.5374,77.0096,0.524361
83,13,1,8.42442,180.41,0.757957
83,14,3,6.66547,563.226,0.753242
83,15,2,3.87136,166.219,0.820236
83,16,1,40.1864,61.1257,0.0614931
83,17,3,24.0445,194.013,0.396071
83,18,2,6.66547,161.632,0.756189
83,19,3,4.68771,244.883,0.809627
84,0,1,9.27443,249.496,0.735585
84,1,2,5.70605,162.526,0.786449
84,2,2,4.84762,228.281,0.800427
84,3,2,16.4701,280.247,0.534265
84,4,3,26.5525,166.005,0.323821
84,5,2,13.1374,155.213,0.616191
84,6,2,6.28675,160.402,0.773248
84,7,2,6.59814,342.592,0.733644
84,8,3,4.12384,161.959,0.814211
84,9,2,4.30058,164.74,0.804892
84,10,2,5.8407,160.601,0.782955
84,11,3,8.71056,285.01,0.704135
84,12,2,16.7647,78.0464,0.527276
84,13,1,8.71056,179.458,0.757329
84,14,3,6.76646,557.047,0.753252
84,15,2,4.06493,165.526,0.821394
84,16,1,40.6998,60.6316,0.0607649
84,17,3,24.4906,191.855,0.391963
84,18,2,6.87587,161.464,0.756164
84,19,3,4.82237,242.759,0.809357
85,0,1,9.52691,247.137,0.735035
85,1,2,5.88278,162.137,0.787414
85,2,2,4.97386,226.789,0.800269
85,3,2,16.6973,278.54,0.538181
85,4,3,26.9228,166.769,0.328473
85,5,2,13.2468,155.125,0.615695
85,6,2,6.48032,160.188,0.774175
85,7,2,6.70755,349.989,0.736186
85,8,3,4.18275,162.023,0.813699
85,9,2,4.46048,164.52,0.804298
85,10,2,5.96694,160.718,0.783576
85,11,3,8.7863,284.014,0.705487
85,12,2,17.0172,79.2078,0.531466
85,13,1,8.89571,178.935,0.753454
85,14,3,6.81696,554.067,0.752878
85,15,2,4.19117,165.483,0.821182
85,16,1,41.2132,60.1392,0.0600537
85,17,3,24.9282,189.335,0.387951
85,18,2,7.02736,160.921,0.758058
85,19,3,4.8897,241.961,0.808327
86,0,1,9.77939,244.595,0.730135
86,1,2,6.06794,162.094,0.787787
86,2,2,4.9991,226.437,0.800493
86,3,2,16.8236,277.627,0.541438
86,4,3,27.2594,167.684,0.332638
86,5,2,13.4319,155.176,0.615778
86,6,2,6.61498,160.238,0.774701
86,7,2,6.7833,356.354,0.739048
86,8,3,4.21642,161.875,0.811493
86,9,2,4.61197,164.345,0.804665
86,10,2,6.13526,160.86,0.783994
86,11,3,8.81155,283.611,0.706808
86,12,2,17.1266,79.7678,0.535179
86,13,1,9.03037,178.771,0.747582
86,14,3,6.88429,550.515,0.752323
86,15,2,4.32582,165.36,0.821544
86,16,1,41.7349,59.6621,0.059359
86,17,3,25.349,187.454,0.384032
86,18,2,7.14518,160.742,0.758581
86,19,3,4.96544,240.73,0.806372
87,0,1,9.92246,243.526,0.725722
87,1,2,6.21101,161.883,0.786839
87,2,3,5.00752,226.358,0.800337
87,3,2,16.9162,276.98,0.542557
87,4,3,27.554,168.552,0.336333
87,5,2,13.575,155.405,0.614923
87,6,2,6.7328,160.17,0.774466
87,7,2,6.86746,365.025,0.742032
87,8,3,4.30058,161.928,0.811774
87,9,2,4.76346,164.505,0.8039
87,10,2,6.21942,160.874,0.78309
87,11,3,8.8368,283.314,0.708661
87,12,2,17.278,80.3946,0.537495
87,13,1,9.13978,178.676,0.740907
87,14,3,6.91795,548.654,0.751969
87,15,2,4.40998,165.312,0.82021
87,16,1,42.2399,59.2268,0.0586802
87,17,3,25.8371,185.066,0.38339
87,18,2,7.22093,160.918,0.758343
87,19,3,5.01594,239.955,0.804087
88,0,1,9.98138,243.082,0.721038
88,1,2,6.24467,161.89,0.78443
88,2,3,5.02435,226.174,0.799259
88,3,2,16.9414,276.837,0.54532
88,4,3,27.756,170.303,0.339759
88,5,2,13.575,155.405,0.61835
88,6,2,6.74122,160.215,0.773123
88,7,2,6.9937,371.947,0.744949
88,8,3,4.32582,162.075,0.810936
88,9,2,4.82237,164.311,0.803892
88,10,2,6.23626,160.878,0.783318
88,11,3,8.84522,283.203,0.709361
88,12,2,17.3117,80.5934,0.539944
88,13,1,9.18186,178.783,0.735125
88,14,3,6.91795,548.654,0.752178
88,15,2,4.4184,165.202,0.819648
88,16,1,42.7617,58.7974,0.0580167
88,17,3,26.1064,185.483,0.385542
88,18,2,7.22093,160.918,0.757924
88,19,3,5.02435,239.825,0.80278
89,0,1,10.1834,241.524,0.717925
89,1,2,6.27834,161.882,0.782991
89,2,3,5.07485,225.443,0.79857
89,3,2,16.9751,276.631,0.548021
89,4,3,27.9832,171.897,0.342925
89,5,2,13.6255,155.39,0.622617
89,6,2,6.77488,160.21,0.773094
89,7,2,7.17885,375.073,0.747617
89,8,3,4.37632,162.088,0.809567
89,9,2,4.87286,164.32,0.804435
89,10,2,6.27834,160.923,0.781891
89,11,3,8.92096,282.08,0.708761
89,12,2,17.3285,80.6621,0.541606
89,13,1,9.37542,178.422,0.729839
89,14,3,6.98528,544.9,0.752566
89,15,2,4.4689,164.822,0.818732
89,16,1,43.2751,58.357,0.057368
89,17,3,26.5441,185.842,0.388013
89,18,2,7.22093,160.918,0.756232
89,19,3,5.07485,239.011,0.800037
90,0,1,10.4022,240.001,0.713612
90,1,2,6.32042,161.899,0.78104
90,2,3,5.15059,224.632,0.796085
90,3,2,16.9919,276.515,0.548849
90,4,3,28.2104,173.316,0.345659
90,5,2,13.6592,155.408,0.623527
90,6,2,6.79171,160.263,0.771252
90,7,2,7.33875,376.742,0.749864
90,8,3,4.40157,162.163,0.808773
90,9,2,4.94861,164.405,0.806598
90,10,2,6.27834,160.923,0.779047
90,11,3,8.98829,281.303,0.709625
90,12,2,17.3622,80.8343,0.542324
90,13,1,9.65315,177.697,0.725938
90,14,3,7.05261,541.203,0.75222
90,15,2,4.51939,164.843,0.815842
90,16,1,43.7884,57.9224,0.0567337
90,17,3,26.9817,185.788,0.388254
90,18,3,7.22093,160.918,0.755121
90,19,3,5.15901,237.602,0.798079
91,0,1,10.5537,239.089,0.708856
91,1,2,6.33725,162.003,0.777698
91,2,3,5.18426,224.166,0.795805
91,3,2,17.0087,276.399,0.550556
91,4,3,28.404,174.943,0.348153
91,5,2,13.676,155.383,0.622804
91,6,2,6.80854,160.204,0.7673
91,7,2,7.43974,381.253,0.752062
91,8,3,4.40998,162.217,0.808892
91,9,2,4.96544,164.564,0.808713
91,10,2,6.29517,160.777,0.776264
91,11,3,9.02195,280.821,0.71047
91,12,2,17.379,80.9439,0.542488
91,13,1,9.81306,177.594,0.721943
91,14,3,7.07786,539.886,0.753137
91,15,2,4.51939,164.843,0.812298
91,16,1,44.3018,57.5184,0.0561133
91,17,3,27.3436,186.285,0.389925
91,18,3,7.23776,160.931,0.752958
91,19,3,5.18426,237.222,0.797239
92,0,1,10.6462,238.446,0.70704
92,1,2,6.3625,162.028,0.777443
92,2,3,5.20109,223.987,0.796063
92,3,2,17.0256,276.315,0.55258
92,4,3,28.5976,176.606,0.346693
92,5,2,13.6928,155.37,0.622628
92,6,2,6.81696,160.15,0.765561
92,7,2,7.56598,386.997,0.754389
92,8,3,4.43523,162.316,0.809186
92,9,2,5.01594,164.744,0.808477
92,10,2,6.30358,160.729,0.775847
92,11,3,9.07245,280.054,0.712538
92,12,2,17.3959,81.0103,0.545309
92,13,1,9.87197,177.517,0.719276
92,14,3,7.1031,538.545,0.75368
92,15,2,4.52781,164.851,0.812023
92,16,1,44.8152,57.1333,0.0555063
92,17,3,27.6213,187.24,0.392091
92,18,3,7.28826,161.116,0.753502
92,19,3,5.21792,236.623,0.794999
93,0,1,10.6631,238.37,0.705439
93,1,2,6.37091,162.06,0.777018
93,2,3,5.22634,223.697,0.794561
93,3,2,17.034,276.268,0.553509
93,4,3,28.7911,178.275,0.345263
93,5,2,13.7012,155.358,0.624211
93,6,2,6.85062,160.221,0.765088
93,7,2,7.70064,390.705,0.755439
93,8,3,4.45206,162.438,0.809474
93,9,2,5.03277,164.626,0.807719
93,10,2,6.30358,160.729,0.775088
93,11,3,9.08086,279.954,0.713158
93,12,2,17.4043,81.079,0.547368
93,13,1,9.8888,177.498,0.717193
93,14,3,7.11994,537.72,0.753684
93,15,2,4.55306,164.651,0.811754
93,16,1,45.2865,57.1058,0.0549123
93,17,3,27.8738,188.486,0.390877
93,18,3,7.3135,161.165,0.753333
93,19,3,5.25158,236.122,0.795088
94,0,1,10.7136,238.007,0.701788
94,1,2,6.37091,162.06,0.776081
94,2,3,5.24317,223.421,0.792918
94,3,2,17.0508,276.132,0.553376
94,4,3,28.9931,179.93,0.344732
94,5,2,13.7265,155.414,0.622635
94,6,2,6.87587,160.2,0.763409
94,7,2,7.8353,394.368,0.756292
94,8,3,4.47731,162.518,0.808887
94,9,2,5.05802,164.624,0.804027
94,10,2,6.32042,160.745,0.772956
94,11,3,9.13978,279.1,0.714286
94,12,2,17.4211,81.1496,0.547301
94,13,1,9.89722,177.458,0.713765
94,14,3,7.13677,536.87,0.754209
94,15,2,4.59514,164.503,0.809582
94,16,1,45.7999,56.7376,0.0543308
94,17,3,28.1347,189.639,0.388995
94,18,3,7.364,161.148,0.751953
94,19,3,5.26,235.98,0.794307
95,0,1,10.8903,236.858,0.69976
95,1,2,6.37091,162.06,0.774476
95,2,3,5.30208,222.76,0.79337
95,3,2,17.0845,275.909,0.553762
95,4,3,29.2035,181.417,0.344212
95,5,2,13.777,155.377,0.624528
95,6,2,6.91795,160.201,0.762109
95,7,2,7.93629,397.699,0.756613
95,8,3,4.56147,162.767,0.809859
95,9,2,5.10851,164.507,0.80316
95,10,2,6.37091,160.64,0.772759
95,11,3,9.2071,278.154,0.715905
95,12,2,17.4464,81.2463,0.54775
95,13,2,9.93088,177.455,0.713157
95,14,3,7.17043,535.182,0.755926
95,15,2,4.62038,164.456,0.809172
95,16,1,46.3132,56.3729,0.0537616
95,17,3,28.4292,190.627,0.385435
95,18,3,7.43133,161.171,0.751804
95,19,3,5.32733,234.876,0.795088
96,0,1,11.0839,235.555,0.698453
96,1,1,6.49715,161.797,0.773075
96,2,3,5.41149,221.644,0.795343
96,3,2,17.1686,275.241,0.555839
96,4,3,29.4392,182.825,0.344212
96,5,2,13.8696,155.538,0.624511
96,6,2,7.06944,159.713,0.762026
96,7,2,7.9447,398.643,0.757607
96,8,3,4.71296,162.525,0.810641
96,9,2,5.14218,164.578,0.802482
96,10,2,6.43824,160.583,0.772225
96,11,3,9.36701,276.277,0.718341
96,12,2,17.4969,81.4606,0.54972
96,13,2,10.0319,177.401,0.713412
96,14,3,7.21251,533.044,0.757097
96,15,2,4.72979,164.462,0.808771
96,16,1,46.8266,56.0138,0.0532041
96,17,3,28.8164,190.985,0.383138
96,18,3,7.59965,160.827,0.751827
96,19,3,5.47882,232.784,0.795682
97,0,1,11.2859,234.244,0.69852
97,1,1,6.75805,161.576,0.773048
97,2,3,5.62189,218.999,0.797275
97,3,2,17.236,274.824,0.559219
97,4,3,29.6832,184.09,0.344886
97,5,2,13.9453,155.597,0.626009
97,6,2,7.14518,159.704,0.762786
97,7,2,7.97837,406.924,0.758412
97,8,3,4.96544,161.795,0.811406
97,9,2,5.18426,164.712,0.801985
97,10,2,6.53082,160.156,0.773048
97,11,3,9.55216,274.037,0.720727
97,12,2,17.5474,81.7013,0.551817
97,13,2,10.1329,177.229,0.71467
97,14,2,7.23776,531.709,0.759085
97,15,2,4.85603,164.135,0.809219
97,16,1,47.34,55.6682,0.0526581
97,17,3,29.3045,190.602,0.380384
97,18,3,7.80163,160.977,0.753028
97,19,3,5.66397,229.818,0.797106
98,0,1,11.4458,233.494,0.700749
98,1,1,7.01053,161.452,0.774854
98,2,3,5.74813,217.403,0.799001
98,3,2,17.3117,274.311,0.563197
98,4,3,29.9189,185.263,0.347544
98,5,2,14.0211,155.615,0.629642
98,6,2,7.28826,159.741,0.765029
98,7,2,8.08778,422.898,0.758368
98,8,3,5.04118,161.743,0.812823
98,9,2,5.18426,164.712,0.802664
98,10,2,6.69072,160.139,0.774854
98,11,3,9.68682,272.493,0.723397
98,12,2,17.7157,82.5293,0.55587
98,13,2,10.2339,177.139,0.71657
98,14,2,7.37242,524.629,0.761532
98,15,2,4.93178,164.168,0.810991
98,16,1,47.8534,55.3241,0.0521232
98,17,3,29.8011,189.662,0.37985
98,18,3,7.93629,161.023,0.755537
98,19,3,5.76496,228.478,0.798834
99,0,1,11.5299,233.107,0.699967
99,1,1,7.06102,161.337,0.776294
99,2,3,5.81546,216.817,0.799703
99,3,2,17.3454,274.066,0.566766
99,4,3,30.1377,186.589,0.349654
99,5,2,14.0884,155.642,0.632542
99,6,2,7.39766,159.715,0.766733
99,7,2,8.24768,425.261,0.757171
99,8,3,5.07485,161.798,0.813551
99,9,1,5.40307,160.115,0.80366
99,10,2,6.80013,160.153,0.776459
99,11,3,9.71206,272.158,0.72453
99,12,2,17.7578,82.7382,0.560007
99,13,2,10.318,177.02,0.714804
99,14,2,7.39766,523.343,0.762611
99,15,2,4.9991,164.479,0.811738
99,16,1,48.3583,55.0618,0.0515991
99,17,3,30.1966,189.898,0.377844
99,18,3,7.9447,160.98,0.757995
99,19,3,5.95853,224.239,0.799703
100,0,1,11.6225,232.673,0.698384
100,1,1,7.19568,161.318,0.777705
100,2,3,5.84912,216.409,0.800555
100,3,2,17.438,273.599,0.570752
100,4,3,30.3481,187.961,0.351722
100,5,2,14.2146,155.702,0.635548
100,6,2,7.48182,159.777,0.768729
100,7,2,8.55907,420.49,0.756488
100,8,3,5.11693,161.928,0.815081
100,9,1,5.8912,150.392,0.804309
100,10,2,6.88429,160.114,0.778521
100,11,3,9.80464,271.157,0.72613
100,12,2,17.8167,83.0236,0.563571
100,13,2,10.419,176.814,0.712257
100,14,2,7.48182,519.337,0.763506
100,15,2,5.06643,164.464,0.812796
100,16,1,48.8465,54.8616,0.0510854
100,17,3,30.6258,190.116,0.375551
100,18,3,7.97837,161.113,0.760405
100,19,3,6.3625,221.561,0.800392
101,0,1,11.7319,232.182,0.69861
101,1,1,7.35558,161.497,0.779573
101,2,3,5.93328,215.781,0.801875
101,3,2,17.5474,272.963,0.574822
101,4,3,30.5585,189.333,0.354396
101,5,2,14.3409,155.541,0.638817
101,6,2,7.63331,159.524,0.770685
101,7,2,8.79472,417.497,0.756949
101,8,3,5.15059,161.759,0.81658
101,9,1,6.3625,143.837,0.805915
101,10,2,6.98528,160.05,0.780543
101,11,3,9.89722,270.214,0.728022
101,12,2,17.9429,83.592,0.567712
101,13,2,10.5452,176.447,0.71267
101,14,2,7.5744,515.088,0.765514
101,15,2,5.13376,164.373,0.814641
101,16,1,49.3346,54.7828,0.0505818
101,17,3,30.954,190.486,0.374758
101,18,3,8.05411,161.142,0.762282
101,19,3,6.7328,221.443,0.801875
102,0,1,11.774,232.066,0.699952
102,1,1,7.42291,161.565,0.781405
102,2,3,5.95853,215.563,0.803489
102,3,2,17.5894,272.683,0.578653
102,4,3,30.7773,190.739,0.357017
102,5,2,14.4334,155.685,0.642023
102,6,2,7.71747,159.532,0.772284
102,7,2,8.93779,418.797,0.756921
102,8,3,5.16742,161.753,0.817731
102,9,1,6.85904,135.888,0.806849
102,10,2,7.09469,160.129,0.782525
102,11,3,9.92246,269.991,0.729877
102,12,2,18.0187,83.9032,0.571611
102,13,2,10.6294,176.309,0.714514
102,14,2,7.63331,512.344,0.767163
102,15,2,5.20109,164.2,0.816291
102,16,1,49.7722,54.5801,0.050088
102,17,3,31.2149,191.33,0.37558
102,18,3,8.07094,161.101,0.763802
102,19,3,7.06102,222.334,0.803008
103,0,1,11.8413,231.65,0.702424
103,1,1,7.49024,161.675,0.783236
103,2,3,6.00061,215.111,0.804785
103,3,2,17.6231,272.472,0.582317
103,4,3,31.0466,191.759,0.359531
103,5,2,14.4503,155.695,0.645223
103,6,2,7.76797,159.565,0.774045
103,7,2,8.98829,421.013,0.756615
103,8,3,5.20109,161.735,0.819363
103,9,1,7.33875,131.353,0.80843
103,10,2,7.11152,160.129,0.784503
103,11,3,9.98138,269.345,0.731897
103,12,2,18.0607,84.1247,0.575503
103,13,2,10.6547,176.271,0.717002
103,14,2,7.65856,511.186,0.769133
103,15,2,5.22634,164.205,0.817462
103,16,1,50.3193,54.5529,0.0503882
103,17,3,31.4927,192.011,0.376802
103,18,3,8.11302,161.006,0.76533
103,19,3,7.3135,225.461,0.80431
104,0,1,12.077,229.826,0.704175
104,1,1,7.63331,161.479,0.785311
104,2,3,6.08477,214.359,0.80634
104,3,2,17.6568,272.273,0.586158
104,4,3,31.2739,192.779,0.362053
104,5,2,14.4755,155.73,0.648148
104,6,2,7.81846,159.676,0.775895
104,7,2,8.98829,421.013,0.756434
104,8,3,5.26,161.625,0.820465
104,9,1,7.7848,127.231,0.809636
104,10,2,7.11994,160.15,0.786095
104,11,3,10.0319,268.862,0.733679
104,12,2,18.0607,84.1247,0.579253
104,13,2,10.6883,176.3,0.719397
104,14,2,7.67539,510.396,0.77103
104,15,2,5.26842,164.304,0.818424
104,16,1,50.8074,54.5263,0.0499058
104,17,3,31.8125,192.472,0.377903
104,18,3,8.18035,160.851,0.766635
104,19,3,7.5239,230.149,0.806026
105,0,1,12.3294,228.43,0.703404
105,1,1,7.93629,160.247,0.787346
105,2,3,6.20259,213.408,0.807088
105,3,2,17.7325,271.838,0.58915
105,4,3,31.3833,193.409,0.36406
105,5,2,14.4924,155.722,0.650396
105,6,2,7.86054,159.633,0.776465
105,7,2,8.98829,421.013,0.756879
105,8,3,5.39466,161.526,0.820612
105,9,1,8.31501,121.016,0.810508
105,10,2,7.11994,160.15,0.787191
105,11,3,10.1497,267.672,0.734649
105,12,1,18.1196,84.1318,0.582621
105,13,2,10.7388,176.203,0.721125
105,14,2,7.70064,509.221,0.772423
105,15,2,5.28525,164.216,0.819369
105,16,1,51.3208,54.2331,0.0494326
105,17,3,32.2249,192.589,0.378517
105,18,3,8.30659,160.7,0.767294
105,19,3,7.75114,233.871,0.806311
106,0,1,12.4978,227.511,0.702803
106,1,1,8.13827,159.92,0.785956
106,2,3,6.34566,212.16,0.806129
106,3,2,17.7914,271.418,0.591315
106,4,0,31.4001,193.822,0.365876
106,5,2,14.526,155.746,0.651832
106,6,2,7.92787,159.604,0.776255
106,7,2,8.98829,421.013,0.759008
106,8,3,5.52931,161.397,0.819218
106,9,1,8.77789,116.096,0.811672
106,10,3,7.18726,159.764,0.787804
106,11,3,10.2507,266.472,0.734216
106,12,1,18.3132,87.1238,0.585617
106,13,2,10.7893,176.1,0.722205
106,14,2,7.70064,509.221,0.773791
106,15,2,5.3105,164.169,0.81891
106,16,1,51.8257,53.984,0.0489683
106,17,3,32.7046,192.507,0.377271
106,18,3,8.42442,160.638,0.766092
106,19,3,7.91104,237.987,0.804743
107,0,1,12.6408,226.643,0.701907
107,1,1,8.33184,160.041,0.783219
107,2,3,6.42141,211.513,0.804577
107,3,2,17.8251,271.205,0.594203
107,4,2,31.4338,193.779,0.367353
107,5,2,14.5428,155.732,0.653852
107,6,2,7.96154,159.674,0.776354
107,7,2,9.31651,445.698,0.760793
107,8,3,5.61347,161.701,0.816781
107,9,1,9.21552,114.594,0.812815
107,10,3,7.27142,159.945,0.787948
107,11,3,10.3348,265.42,0.733028
107,12,1,18.5994,90.4954,0.587948
107,13,2,10.8061,176.095,0.722654
107,14,0,7.70064,509.221,0.775133
107,15,2,5.36099,164.223,0.818612
107,16,1,52.3054,53.9817,0.0485126
107,17,3,33.26,190.881,0.374371
107,18,3,8.51699,160.721,0.764607
107,19,3,8.06253,244.305,0.803966
108,0,1,12.8007,225.857,0.701784
108,1,1,8.55907,159.981,0.78159
108,2,3,6.53923,210.62,0.804262
108,3,2,17.884,270.874,0.596584
108,4,2,31.4927,193.741,0.368803
108,5,2,14.5513,155.757,0.655683
108,6,2,8.02045,159.77,0.7763
108,7,2,9.66998,437.963,0.761034
108,8,3,5.78179,161.746,0.816959
108,9,1,9.74573,111.553,0.814389
108,10,3,7.43133,159.843,0.787183
108,11,3,10.4863,264.008,0.733676
108,12,1,19.1716,91.2029,0.589027
108,13,2,10.8061,176.095,0.7237
108,14,3,7.81005,504.218,0.775242
108,15,2,5.36941,164.242,0.818773
108,16,1,52.7683,54.0672,0.0480653
108,17,3,33.765,188.589,0.37107
108,18,3,8.68531,160.355,0.765115
108,19,3,8.2056,249.789,0.80396
109,0,1,13.0869,224.494,0.70331
109,1,1,8.8368,159.631,0.782537
109,2,3,6.77488,208.355,0.804852
109,3,2,17.9261,270.674,0.59982
109,4,2,31.5432,193.648,0.370675
109,5,2,14.5765,155.829,0.657631
109,6,2,8.03728,159.869,0.776846
109,7,2,10.0066,431.39,0.760222
109,8,3,6.0511,161.013,0.818182
109,9,1,10.2086,108.115,0.812191
109,10,3,7.58282,159.846,0.78733
109,11,3,10.7136,261.648,0.73551
109,12,1,19.6682,89.6204,0.592182
109,13,2,10.8061,176.095,0.724577
109,14,3,8.00362,495.823,0.776696
109,15,2,5.38624,164.169,0.81953
109,16,1,53.1555,54.382,0.0479257
109,17,3,34.2868,186.169,0.369627
109,18,3,8.86205,160.31,0.766961
109,19,3,8.3655,255.028,0.801558
110,0,1,13.3057,223.457,0.704066
110,1,1,9.02195,159.758,0.781538
110,2,3,6.9937,206.561,0.80558
110,3,2,18.0102,270.208,0.601365
110,4,2,31.5937,193.614,0.372663
110,5,2,14.6018,155.812,0.658652
110,6,2,8.14669,159.852,0.777085
110,7,2,10.5957,411.031,0.75705
110,8,3,6.27834,161.149,0.819086
110,9,1,10.6378,107.362,0.805135
110,10,3,7.7848,159.773,0.787771
110,11,3,10.9913,258.344,0.736123
110,12,1,20.0217,90.0388,0.594687
110,13,1,10.9745,175.578,0.725141
110,14,3,8.26451,485.007,0.777382
110,15,2,5.43674,164.207,0.819828
110,16,1,53.5258,54.7713,0.0477887
110,17,3,34.7749,184.203,0.36821
110,18,3,9.07245,160.174,0.768477
110,19,3,8.54224,259.149,0.795785
111,0,1,13.4824,222.437,0.705104
111,1,1,9.16502,160.045,0.781438
111,2,3,7.23776,205.358,0.806148
111,3,2,18.1028,269.701,0.603471
111,4,2,31.6526,193.633,0.374614
111,5,2,14.6438,155.828,0.65892
111,6,2,8.24768,159.967,0.776144
111,7,2,11.1007,393.54,0.754964
111,8,3,6.48874,160.709,0.820121
111,9,1,11.0418,106.333,0.798941
111,10,3,8.02045,159.467,0.78791
111,11,3,11.2354,256.149,0.737167
111,12,1,20.4256,90.8241,0.596117
111,13,1,11.2522,175.082,0.725548
111,14,3,8.48333,476.175,0.777467
111,15,2,5.48723,164.252,0.820121
111,16,1,53.753,55.1669,0.0478011
111,17,3,35.2125,182.724,0.367995
111,18,3,9.2576,160.061,0.769378
111,19,3,8.71056,263.59,0.790999
112,0,1,13.6928,221.664,0.706851
112,1,1,9.22394,159.971,0.782362
112,2,3,7.39766,204.259,0.80758
112,3,2,18.1533,269.441,0.606122
112,4,2,31.6694,193.635,0.376531
112,5,2,14.6859,155.875,0.660641
112,6,2,8.32342,160.111,0.777114
112,7,2,11.6141,377.333,0.75481
112,8,3,6.69072,159.982,0.821429
112,9,1,11.4458,105.278,0.791837
112,10,3,8.18877,159.357,0.788047
112,11,3,11.4458,254.366,0.739067
112,12,1,20.8128,90.5819,0.598688
112,13,1,11.4626,174.365,0.726676
112,14,3,8.64323,470.489,0.778426
112,15,2,5.55456,164.188,0.820845
112,16,1,54.0223,55.6333,0.0476676
112,17,3,35.7259,180.618,0.368513
112,18,3,9.50166,159.782,0.771137
112,19,3,8.86205,268.114,0.787318
113,0,1,13.8948,220.696,0.708279
113,1,2,9.24918,159.837,0.782835
113,2,3,7.58282,203.509,0.808698
113,3,2,18.2038,269.171,0.609305
113,4,2,31.7199,193.6,0.377402
113,5,2,14.7196,155.932,0.663488
113,6,2,8.34867,160.191,0.778356
113,7,2,12.0601,365.155,0.756249
113,8,3,6.83379,159.604,0.822425
113,9,1,11.8497,104.541,0.78558
113,10,3,8.31501,159.459,0.789626
113,11,3,11.5552,253.44,0.7405
113,12,1,21.3514,89.4971,0.601792
113,13,1,11.6646,173.98,0.728941
113,14,3,8.7863,465.356,0.780379
113,15,2,5.58822,163.939,0.821991
113,16,1,54.4347,55.9772,0.047681
113,17,3,36.1888,179.147,0.370178
113,18,3,9.66998,159.602,0.772432
113,19,3,9.00512,272.798,0.784858
114,0,1,14.0126,220.254,0.706531
114,1,2,9.24918,159.837,0.782154
114,2,3,7.72589,202.738,0.808794
114,3,2,18.2038,269.171,0.612002
114,4,2,31.7536,193.561,0.379261
114,5,2,14.7196,155.932,0.666285
114,6,2,8.3655,160.188,0.779433
114,7,2,12.3884,361.766,0.758379
114,8,3,6.91795,159.298,0.822973
114,9,1,12.3799,102.305,0.779576
114,10,3,8.44125,159.674,0.791464
114,11,3,11.6982,252.402,0.741621
114,12,1,21.8059,88.715,0.605271
114,13,1,11.8497,173.847,0.730593
114,14,3,8.8873,462.039,0.782011
114,15,2,5.59664,163.918,0.822973
114,16,1,54.8892,56.131,0.0476941
114,17,3,36.5254,179.316,0.369522
114,18,3,9.80464,159.762,0.773417
114,19,3,9.13978,277.601,0.783157
115,0,1,14.223,219.604,0.704955
115,1,2,9.28285,159.865,0.779071
115,2,3,7.84371,201.798,0.80832
115,3,2,18.2038,269.171,0.614227
115,4,2,31.7956,193.546,0.383643
115,5,1,14.8458,154.843,0.668891
115,6,2,8.3655,160.188,0.780775
115,7,2,12.8428,355.657,0.760471
115,8,3,7.11994,158.169,0.822093
115,9,1,12.8933,99.2763,0.772824
115,10,3,8.52541,159.535,0.79327
115,11,3,11.8834,250.769,0.742155
115,12,1,22.3192,87.7919,0.606276
115,13,1,12.0854,173.34,0.732074
115,14,3,8.9967,458.575,0.783473
115,15,2,5.61347,163.91,0.824223
115,16,1,55.3857,55.9927,0.047281
115,17,3,36.9378,179.93,0.368593
115,18,3,9.98138,159.726,0.77325
115,19,3,9.27443,282.085,0.781343
116,0,1,14.3493,218.951,0.70411
116,1,2,9.29126,159.849,0.777449
116,2,3,8.03728,200.476,0.807855
116,3,2,18.2038,269.171,0.616554
116,4,2,31.8377,193.52,0.388936
116,5,1,15.3592,150.519,0.671171
116,6,2,8.3655,160.188,0.781391
116,7,2,13.3646,342.778,0.762528
116,8,3,7.43133,160.192,0.821368
116,9,1,13.373,97.4196,0.76647
116,10,3,8.63482,159.651,0.793778
116,11,3,12.0433,249.556,0.742117
116,12,1,22.841,86.4066,0.606419
116,13,1,12.3042,173.231,0.733671
116,14,3,9.12294,454.448,0.785332
116,15,2,5.6303,163.941,0.825169
116,16,1,55.9075,55.714,0.046875
116,17,3,37.3755,179.462,0.36585
116,18,3,10.0908,159.958,0.773226
116,19,3,9.40909,286.705,0.780405
117,0,1,14.5008,218.301,0.704955
117,1,2,9.29126,159.849,0.776274
117,2,3,8.11302,200.038,0.808234
117,3,2,18.2122,269.147,0.618842
117,4,2,31.8461,193.516,0.393161
117,5,1,15.8726,146.494,0.673692
117,6,0,8.3655,160.188,0.782694
117,7,2,13.878,331.177,0.759107
117,8,3,7.67539,165.436,0.821493
117,9,1,13.8022,95.6458,0.760921
117,10,3,8.76106,159.697,0.794278
117,11,3,12.1443,248.806,0.743475
117,12,1,23.3376,85.1025,0.605024
117,13,1,12.4557,173.104,0.735659
117,14,3,9.24918,450.606,0.78716
117,15,2,5.6303,163.941,0.82596
117,16,1,56.4209,55.4496,0.0471738
117,17,3,37.7626,179.919,0.363015
117,18,3,10.1244,159.933,0.773203
117,19,3,9.53533,291.322,0.779902
118,0,1,14.5681,218.032,0.704262
118,1,2,9.29126,159.849,0.774426
118,2,3,8.18035,199.7,0.807777
118,3,2,18.2122,269.147,0.621506
118,4,2,31.8461,193.516,0.39773
118,5,1,16.3775,142.884,0.676308
118,6,3,8.39075,160.29,0.783698
118,7,2,14.3998,320.073,0.755328
118,8,3,7.88579,171.137,0.819817
118,9,1,14.2904,95.1305,0.755051
118,10,3,8.81155,159.815,0.793247
118,11,3,12.2116,248.389,0.742596
118,12,1,23.649,86.2841,0.600055
118,13,1,12.5651,173.188,0.737891
118,14,3,9.29968,448.996,0.786742
118,15,2,5.6303,163.941,0.82729
118,16,1,56.9258,55.257,0.0476059
118,17,3,38.0992,180.401,0.35995
118,18,3,10.2002,159.872,0.772211
118,19,3,9.64474,295.948,0.779269
119,0,1,14.5933,217.953,0.702484
119,1,2,9.29126,159.849,0.771648
119,2,3,8.2056,199.531,0.805544
119,3,2,18.2291,269.102,0.623713
119,4,2,31.8461,193.516,0.401537
119,5,1,16.8236,141.473,0.678606
119,6,3,8.44966,160.365,0.785097
119,7,2,14.8963,310.276,0.75175
119,8,3,8.07094,176.7,0.817483
119,9,1,14.7028,96.0506,0.74928
119,10,3,8.84522,159.864,0.792507
119,11,3,12.2537,248.157,0.740908
119,12,1,23.8257,88.7523,0.595169
119,13,1,12.5988,173.195,0.740085
119,14,3,9.31651,448.567,0.785234
119,15,2,5.63872,163.894,0.828462
119,16,1,57.3635,55.5293,0.0485797
119,17,3,38.318,181.133,0.356937
119,18,3,10.2339,159.961,0.771236
119,19,3,9.75414,301.221,0.77851
120,0,1,14.6102,217.92,0.701551
120,1,2,9.29968,159.862,0.770142
120,2,3,8.2561,199.386,0.80294
120,3,2,18.2627,268.904,0.625204
120,4,2,31.8461,193.516,0.405961
120,5,1,17.1518,142.908,0.680866
120,6,3,8.49174,160.39,0.785248
120,7,2,15.2161,306.468,0.745509
120,8,3,8.23085,183.083,0.815324
120,9,1,14.8374,97.9762,0.744829
120,10,3,8.87888,159.869,0.790147
120,11,3,12.3126,247.644,0.73816
120,12,1,23.9099,90.7515,0.592406
120,13,1,12.6072,173.193,0.738704
120,14,3,9.33334,448.023,0.782662
120,15,2,5.63872,163.894,0.828661
120,16,1,57.7001,56.5737,0.0511704
120,17,3,38.377,181.413,0.354382
120,18,3,10.3096,159.996,0.769461
120,19,3,9.77939,302.941,0.77749
121,0,1,14.6102,217.92,0.700634
121,1,2,9.34176,159.995,0.770279
121,2,3,8.27293,199.362,0.800918
121,3,2,18.288,268.811,0.62721
121,4,2,31.8882,193.512,0.410042
121,5,1,17.3454,144.799,0.682548
121,6,3,8.55066,160.377,0.785261
121,7,2,15.6622,301.315,0.739371
121,8,3,8.39917,189.551,0.813065
121,9,1,14.9468,99.535,0.739911
121,10,3,8.92938,159.854,0.78877
121,11,3,12.3463,247.419,0.736672
121,12,1,23.9099,90.7515,0.589688
121,13,1,12.624,173.222,0.736402
121,14,3,9.36701,447.04,0.781077
121,15,2,5.65555,163.847,0.829397
121,16,1,57.9778,57.6447,0.0553381
121,17,3,38.3854,181.468,0.352544
121,18,3,10.3685,159.959,0.768525
121,19,3,9.77939,302.941,0.776623
122,0,1,14.627,217.848,0.7
122,1,2,9.40067,160.164,0.771486
122,2,3,8.30659,199.192,0.799866
122,3,2,18.288,268.811,0.629451
122,4,2,31.9471,193.474,0.414458
122,5,1,17.6315,146.961,0.684739
122,6,3,8.58432,160.382,0.78581
122,7,2,16.0156,296.622,0.733333
122,8,3,8.60957,194.926,0.811647
122,9,1,15.0815,101.515,0.734806
122,10,3,8.96304,159.896,0.787818
122,11,3,12.4304,246.468,0.735877
122,12,1,23.9099,90.7515,0.586479
122,13,1,12.6745,173.182,0.735074
122,14,3,9.38384,446.49,0.780321
122,15,2,5.66397,163.91,0.829585
122,16,1,58.1377,58.4863,0.0585007
122,17,2,38.4022,181.446,0.349799
122,18,3,10.4022,159.875,0.766667
122,19,3,9.78781,305.395,0.776037
123,0,1,14.7196,217.529,0.699509
123,1,2,9.43434,160.27,0.773071
123,2,3,8.34026,198.953,0.798964
123,3,2,18.3216,268.647,0.631789
123,4,2,31.964,193.462,0.418404
123,5,1,18.2964,144.949,0.686761
123,6,3,8.71898,160.329,0.787279
123,7,2,16.0493,297.055,0.727393
123,8,3,8.89571,197.976,0.810782
123,9,1,15.5359,104.294,0.730846
123,10,3,9.02195,159.973,0.787412
123,11,3,12.7418,245.489,0.736024
123,12,1,23.9099,90.7515,0.581862
123,13,1,12.8681,172.778,0.734298
123,14,3,9.49325,443.178,0.780109
123,15,2,5.6808,163.913,0.830833
123,16,1,58.2387,58.6881,0.0598858
123,17,2,38.4443,181.621,0.346966
123,18,3,10.4863,159.805,0.766167
123,19,3,9.81306,314.365,0.775727
124,0,1,14.7869,217.209,0.699289
124,1,2,9.48483,160.375,0.774895
124,2,3,8.34026,198.953,0.798736
124,3,2,18.389,268.286,0.634747
124,4,2,32.0145,193.396,0.422418
124,5,1,18.7761,142.546,0.689278
124,6,3,8.81155,160.424,0.788725
124,7,1,16.1335,296.771,0.724447
124,8,3,9.15661,201.154,0.811117
124,9,1,15.8978,104.235,0.725632
124,10,3,9.07245,160.077,0.787408
124,11,3,13.0953,245.683,0.736038
124,12,1,23.994,95.2281,0.577713
124,13,1,13.028,172.35,0.733667
124,14,3,9.54374,441.657,0.7799
124,15,2,5.71446,164.09,0.831928
124,16,1,58.2976,58.7836,0.0603267
124,17,2,38.621,184.4,0.346549
124,18,3,10.5368,159.731,0.76607
124,19,3,9.82989,321.254,0.775421
125,0,1,14.829,217.054,0.699203
125,1,2,9.58582,160.655,0.776166
125,2,2,8.55066,194.95,0.798118
125,3,2,18.4395,267.96,0.637658
125,4,2,32.065,193.355,0.426499
125,5,1,19.2558,142.42,0.689534
125,6,3,8.87888,160.589,0.790409
125,7,1,16.2345,296.601,0.720502
125,8,3,9.53533,202.139,0.809094
125,9,1,16.2597,107.606,0.719848
125,10,3,9.10611,160.059,0.787796
125,11,3,13.4824,244.955,0.735529
125,12,1,24.1203,95.5417,0.573501
125,13,1,13.1037,172.243,0.731739
125,14,3,9.55216,441.426,0.780217
125,15,2,5.80704,164.225,0.833007
125,16,1,58.6006,58.913,0.0601071
125,17,2,38.7978,185.375,0.345485
125,18,3,10.5873,159.76,0.764929
125,19,3,9.85514,334.514,0.77499
126,0,1,15.0226,216.267,0.699767
126,1,2,9.70365,160.628,0.777807
126,2,2,9.07245,185.425,0.796863
126,3,2,18.4815,267.731,0.640524
126,4,2,32.1407,193.303,0.430386
126,5,1,19.7944,142.032,0.684081
126,6,3,9.00512,160.853,0.792066
126,7,1,16.4364,294.848,0.714804
126,8,3,9.9393,201.999,0.805159
126,9,1,16.7226,109.809,0.714804
126,10,3,9.19027,160.131,0.787788
126,11,3,13.7854,245.131,0.734898
126,12,1,24.3138,95.9646,0.568966
126,13,1,13.2889,172.052,0.731268
126,14,3,9.55216,441.426,0.779751
126,15,2,5.83229,164.372,0.834198
126,16,1,59.114,58.6358,0.0596318
126,17,2,38.9829,186.881,0.344309
126,18,3,10.6462,159.87,0.765362
126,19,3,9.8888,345.998,0.774695
127,0,1,15.2414,215.309,0.69955
127,1,2,9.84672,160.82,0.77955
127,2,2,9.52691,178.155,0.797299
127,3,2,18.5825,267.18,0.643215
127,4,2,32.2249,193.209,0.434855
127,5,1,20.3415,139.307,0.678714
127,6,3,9.14819,160.834,0.793698
127,7,1,16.6637,292.75,0.709196
127,8,3,10.3769,201.75,0.803087
127,9,1,17.1602,108.827,0.709968
127,10,3,9.31651,160.293,0.787267
127,11,3,14.0211,246.885,0.735434
127,12,1,24.5411,96.5203,0.564502
127,13,1,13.4824,171.61,0.730675
127,14,2,9.55216,441.426,0.779807
127,15,2,5.89962,164.377,0.835498
127,16,1,59.6189,58.377,0.059164
127,17,2,39.1933,187.799,0.343151
127,18,3,10.7388,159.878,0.766559
127,19,3,9.9393,358.382,0.774534
128,0,1,15.3592,214.865,0.701251
128,1,2,9.85514,160.798,0.781266
128,2,2,9.73731,179.841,0.797984
128,3,2,18.5909,267.156,0.645993
128,4,2,32.2501,193.21,0.439255
128,5,1,20.8464,136.927,0.67343
128,6,3,9.36701,161.013,0.794666
128,7,1,16.8404,291.501,0.703675
128,8,3,10.9324,193.701,0.801429
128,9,1,17.5474,109.455,0.704952
128,10,3,9.45958,160.13,0.78854
128,11,3,14.1557,248.837,0.7366
128,12,1,24.6336,96.7198,0.562277
128,13,1,13.5498,171.554,0.731623
128,14,2,9.55216,441.426,0.781138
128,15,2,5.91645,164.407,0.836779
128,16,1,60.1155,58.1956,0.0587034
128,17,2,39.3196,189.079,0.343415
128,18,3,10.8903,159.858,0.767356
128,19,3,10.0319,365.527,0.77463
129,0,1,15.477,214.564,0.703178
129,1,2,9.85514,160.798,0.782956
129,2,2,10.015,183.779,0.799164
129,3,2,18.6162,267.026,0.648474
129,4,2,32.2754,193.207,0.443586
129,5,1,21.3009,136.565,0.668482
129,6,3,9.45117,161.041,0.795492
129,7,1,16.9751,290.476,0.698366
129,8,3,11.4458,186.211,0.800051
129,9,1,17.8335,111.812,0.700646
129,10,3,9.53533,160.221,0.789667
129,11,3,14.282,253.226,0.738128
129,12,1,24.7262,96.9924,0.562999
129,13,1,13.6255,171.546,0.73319
129,14,2,9.55216,441.426,0.782449
129,15,2,5.92486,164.454,0.837913
129,16,1,60.57,58.6106,0.0585032
129,17,2,39.4542,190.555,0.345448
129,18,3,10.9913,159.86,0.768773
129,19,3,10.1665,370.389,0.774851
130,0,1,15.5612,214.315,0.705202
130,1,2,9.85514,160.798,0.784494
130,2,2,10.2591,186.005,0.800075
130,3,2,18.6246,266.993,0.650666
130,4,2,32.2838,193.214,0.447851
130,5,1,21.7806,137.336,0.666248
130,6,3,9.57741,160.895,0.796557
130,7,1,17.1013,289.525,0.695024
130,8,3,11.9591,179.251,0.799196
130,9,1,18.2291,113.868,0.701433
130,10,3,9.6279,160.365,0.790651
130,11,3,14.4839,255.657,0.739256
130,12,1,24.844,97.3659,0.565971
130,13,1,13.7097,171.394,0.735109
130,14,2,9.56899,441.016,0.783991
130,15,2,5.93328,164.525,0.839156
130,16,1,61.016,59.5417,0.060568
130,17,2,39.6478,191.873,0.350214
130,18,3,11.0586,159.907,0.769163
130,19,3,10.3601,371.373,0.7762
131,0,1,15.679,213.85,0.707357
131,1,2,9.87197,160.804,0.785411
131,2,2,10.5705,188.401,0.801122
131,3,2,18.6414,266.918,0.652868
131,4,2,32.2838,193.214,0.451122
131,5,1,22.2182,138.384,0.665212
131,6,3,9.77939,160.604,0.797007
131,7,1,17.2276,288.553,0.691022
131,8,3,12.4725,172.933,0.798254
131,9,1,18.5573,115.944,0.701995
131,10,3,9.6784,160.498,0.791521
131,11,3,14.7953,256.143,0.740773
131,12,1,24.9534,97.6012,0.569202
131,13,1,13.8359,171.252,0.736534
131,14,2,9.57741,440.798,0.785037
131,15,2,5.95011,164.557,0.8399
131,16,1,61.4031,60.4616,0.063591
131,17,2,39.8498,193.019,0.355112
131,18,3,11.2017,160.114,0.7702
131,19,3,10.5032,372.789,0.777681
132,0,1,15.7463,213.686,0.709194
132,1,2,9.87197,160.804,0.786041
132,2,2,10.8735,190.735,0.802128
132,3,2,18.6499,266.883,0.655364
132,4,2,32.3006,193.195,0.454647
132,5,1,22.6559,139.434,0.662789
132,6,3,9.93088,160.623,0.798045
132,7,1,17.337,287.776,0.688776
132,8,3,12.9859,167.173,0.796684
132,9,1,18.7929,117.901,0.701151
132,10,3,9.73731,160.641,0.7926
132,11,3,15.0899,256.428,0.740997
132,12,1,25.0544,97.8842,0.572454
132,13,1,13.9116,171.278,0.737904
132,14,2,9.58582,440.567,0.786041
132,15,2,5.95011,164.557,0.840985
132,16,1,61.6893,61.4702,0.0691746
132,17,2,40.0349,194.081,0.358495
132,18,3,11.2606,160.229,0.771315
132,19,3,10.6042,376.889,0.779235
133,0,1,15.8137,213.466,0.710145
133,1,2,9.87197,160.804,0.787276
133,2,2,11.1764,193.049,0.803242
133,3,2,18.6499,266.883,0.657455
133,4,2,32.309,193.2,0.458487
133,5,1,23.0851,140.234,0.657824
133,6,3,10.0655,160.834,0.797224
133,7,1,17.4211,287.192,0.690739
133,8,3,13.474,162.619,0.794031
133,9,1,18.9781,119.696,0.697372
133,10,3,9.79622,160.705,0.793048
133,11,3,15.376,256.913,0.737534
133,12,1,25.1302,98.0737,0.575657
133,13,1,13.9706,171.231,0.736428
133,14,2,9.58582,440.567,0.786048
133,15,2,5.95853,164.503,0.841931
133,16,1,61.9586,62.4666,0.075043
133,17,2,40.1612,195.316,0.36281
133,18,3,11.3111,160.262,0.771678
133,19,3,10.6967,381.012,0.780521
134,0,1,15.8557,213.341,0.711325
134,1,2,9.89722,160.864,0.787882
134,2,2,11.3784,194.93,0.804706
134,3,2,18.6751,266.719,0.659149
134,4,2,32.3427,193.17,0.46166
134,5,1,23.4722,141.467,0.652932
134,6,3,10.1329,160.891,0.797879
134,7,1,17.4969,286.637,0.691454
134,8,3,13.979,159.434,0.791662
134,9,1,19.0791,120.68,0.694014
134,10,3,9.81306,160.725,0.7941
134,11,3,15.6622,257.36,0.734609
134,12,1,25.2228,98.3291,0.577715
134,13,1,14.0547,171.181,0.73656
134,14,2,9.61107,439.895,0.787151
134,15,2,5.96694,164.466,0.842375
134,16,1,62.169,63.5403,0.0805803
134,17,2,40.2958,196.721,0.364988
134,18,3,11.37,160.338,0.772888
134,19,3,10.7472,383.384,0.781909
135,0,1,15.9147,213.201,0.712246
135,1,2,9.92246,160.899,0.787996
135,2,2,11.6898,197.377,0.80288
135,3,2,18.6919,266.651,0.660939
135,4,2,32.3764,193.142,0.464908
135,5,1,23.9856,140.802,0.648112
135,6,3,10.2002,160.957,0.79804
135,7,1,17.581,285.997,0.692401
135,8,3,14.5092,154.826,0.787875
135,9,2,19.1212,120.745,0.691191
135,10,3,9.8383,160.776,0.795015
135,11,3,15.8726,258.868,0.731123
135,12,1,25.3153,98.6487,0.579017
135,13,1,14.1305,171.172,0.737415
135,14,2,9.63632,439.157,0.788722
135,15,2,6.00061,164.544,0.84257
135,16,1,62.514,64.5931,0.0833737
135,17,2,40.422,198.027,0.367135
135,18,3,11.4205,160.391,0.773596
135,19,3,10.8398,383.5,0.783156
136,0,1,15.9315,213.163,0.711592
136,1,2,9.93088,160.868,0.787748
136,2,2,11.9844,199.56,0.796997
136,3,2,18.7172,266.559,0.662703
136,4,2,32.3848,193.147,0.467748
136,5,1,24.4737,139.601,0.643363
136,6,3,10.217,160.961,0.797718
136,7,1,17.6568,285.567,0.691772
136,8,3,15.0226,150.47,0.783544
136,9,2,19.138,120.805,0.686847
136,10,2,9.84672,160.674,0.795315
136,11,3,16.0493,260.751,0.728649
136,12,1,25.4079,98.9423,0.579099
136,13,1,14.1978,171.197,0.736577
136,14,2,9.66157,438.474,0.79027
136,15,2,6.02586,164.583,0.843243
136,16,1,62.7665,65.5585,0.0827628
136,17,2,40.5735,199.572,0.369129
136,18,3,11.471,160.452,0.774655
136,19,3,10.8735,382.925,0.784384
137,0,0,15.9399,213.129,0.710947
137,1,2,9.97296,161.026,0.787622
137,2,2,12.1948,202.621,0.7912
137,3,2,18.7593,266.327,0.663725
137,4,2,32.41,193.103,0.470546
137,5,1,24.9787,137.487,0.638684
137,6,3,10.2507,161.047,0.797043
137,7,1,17.6736,285.478,0.690794
137,8,3,15.4939,147.447,0.779394
137,9,2,19.1801,120.834,0.683162
137,10,2,9.90563,160.754,0.794658
137,11,3,16.0914,261.591,0.727403
137,12,1,25.4752,99.1052,0.57918
137,13,1,14.2651,171.128,0.735869
137,14,2,9.73731,436.262,0.791796
137,15,2,6.05952,164.607,0.843549
137,16,1,62.9601,66.5518,0.0821607
137,17,2,40.7671,200.707,0.370737
137,18,3,11.5131,160.459,0.774744
137,19,3,10.8987,382.421,0.785237
138,0,2,16.0577,212.824,0.71114
138,1,2,10.1749,161.049,0.789038
138,2,2,12.3799,205.92,0.789274
138,3,2,18.9781,264.789,0.666154
138,4,2,32.4942,193.012,0.473778
138,5,1,25.4752,135.63,0.634071
138,6,3,10.2675,161.078,0.795785
138,7,1,17.7746,284.814,0.690541
138,8,3,15.9988,143.874,0.773766
138,9,2,19.382,121.123,0.68036
138,10,2,10.1581,159.92,0.794365
138,11,3,16.0914,261.591,0.727359
138,12,1,25.551,99.3072,0.581035
138,13,1,14.3324,171.043,0.736711
138,14,2,10.0403,427.649,0.793299
138,15,2,6.27834,163.939,0.844442
138,16,1,63.12,67.6682,0.0815674
138,17,2,40.8849,201.735,0.373387
138,18,3,11.5552,160.567,0.774358
138,19,3,10.9071,382.244,0.785368
139,0,2,16.285,212.14,0.711918
139,1,2,10.3685,160.56,0.79055
139,2,2,12.6577,208.209,0.787259
139,3,2,19.2137,263.48,0.668195
139,4,2,32.5531,192.979,0.477433
139,5,1,25.9718,133.81,0.629525
139,6,3,10.2928,161.129,0.796192
139,7,1,17.8251,284.498,0.691114
139,8,3,16.5122,140.332,0.768218
139,9,2,19.6009,121.446,0.678185
139,10,2,10.4022,159.639,0.794781
139,11,3,16.0914,261.591,0.727551
139,12,1,25.5678,99.3692,0.582511
139,13,1,14.3577,171.013,0.737776
139,14,2,10.3264,419.814,0.794546
139,15,2,6.5224,163.47,0.84544
139,16,1,63.2967,68.7435,0.0811001
139,17,2,41.0112,203.228,0.375999
139,18,3,11.5972,160.615,0.774448
139,19,3,10.9324,381.767,0.785026
140,0,2,16.4112,211.725,0.712569
140,1,2,10.52,160.679,0.792041
140,2,2,12.9354,210.103,0.785389
140,3,2,19.3147,262.945,0.670323
140,4,3,32.5615,192.962,0.481036
140,5,1,26.4599,132.529,0.625511
140,6,3,10.3433,161.239,0.795659
140,7,1,17.8672,284.277,0.691213
140,8,3,16.9919,137.501,0.762749
140,9,2,19.7439,121.803,0.674991
140,10,2,10.5284,159.616,0.795192
140,11,3,16.0914,261.591,0.726806
140,12,1,25.5762,99.4081,0.583849
140,13,1,14.3829,171.039,0.738243
140,14,2,10.4779,415.975,0.796009
140,15,2,6.69914,163.693,0.846423
140,16,1,63.4482,69.8612,0.0815731
140,17,2,41.1458,204.621,0.377757
140,18,3,11.6141,160.596,0.77512
140,19,3,10.9745,380.988,0.783872
141,0,2,16.4954,211.472,0.71321
141,1,2,10.6462,160.801,0.793395
141,2,2,13.2804,210.941,0.782619
141,3,2,19.4915,262.011,0.672654
141,4,3,32.5868,192.947,0.48482
141,5,1,26.9733,130.563,0.622132
141,6,3,10.3769,161.281,0.794438
141,7,1,17.9429,283.76,0.691889
141,8,3,17.5137,134.394,0.757358
141,9,2,19.8786,122.022,0.673117
141,10,2,10.6631,159.747,0.79606
141,11,3,16.1335,268.644,0.724565
141,12,1,25.6267,99.5359,0.585632
141,13,1,14.4419,170.962,0.738818
141,14,2,10.6547,411.851,0.797451
141,15,2,6.88429,163.311,0.847393
141,16,1,63.6165,71.0091,0.0827346
141,17,3,41.2216,205.427,0.379606
141,18,3,11.6646,160.776,0.774855
141,19,3,11.0502,379.516,0.783546
142,0,2,16.5122,211.416,0.714532
142,1,2,10.7977,160.89,0.794845
142,2,2,13.7097,210.262,0.780002
142,3,2,19.6093,261.471,0.674836
142,4,3,32.6793,192.899,0.488206
142,5,1,27.4867,128.688,0.618916
142,6,3,10.4106,161.361,0.793695
142,7,1,18.0187,283.214,0.692786
142,8,3,17.9513,132.286,0.752042
142,9,2,20.0301,122.323,0.671729
142,10,2,10.8398,159.843,0.796571
142,11,3,16.1924,268.194,0.722356
142,12,1,25.6772,99.6942,0.586929
142,13,1,14.5008,171.026,0.739386
142,14,2,10.7641,409.384,0.798757
142,15,2,7.04419,163.386,0.848464
142,16,1,63.7849,72.0775,0.0852606
142,17,3,41.2721,205.379,0.381429
142,18,3,11.7572,160.804,0.77563
142,19,3,11.1175,378.292,0.783799
143,0,2,16.5122,211.416,0.715608
143,1,2,10.9997,160.891,0.796275
143,2,2,14.1136,209.878,0.777422
143,3,2,19.7944,260.572,0.677102
143,4,3,32.8645,192.791,0.491659
143,5,1,27.9916,126.887,0.615402
143,6,3,10.5116,161.57,0.793304
143,7,1,18.1533,282.398,0.69367
143,8,3,18.4226,130.742,0.746915
143,9,2,20.089,122.435,0.672418
143,10,2,11.067,159.285,0.797303
143,11,3,16.2597,267.792,0.720407
143,12,1,25.7445,99.8683,0.588894
143,13,1,14.5765,170.99,0.740516
143,14,2,10.9576,404.948,0.80016
143,15,2,7.26301,163.216,0.849406
143,16,1,63.9532,73.1954,0.0879799
143,17,3,41.3983,205.273,0.383912
143,18,3,11.9086,160.769,0.776622
143,19,3,11.2774,375.326,0.784392
144,0,3,16.5627,211.148,0.717009
144,1,2,11.126,160.961,0.797345
144,2,2,14.5344,209.462,0.776013
144,3,2,19.8954,260.103,0.678997
144,4,3,32.9571,192.679,0.494724
144,5,1,28.505,125.202,0.612618
144,6,3,10.6042,161.507,0.794168
144,7,1,18.2543,281.781,0.694769
144,8,3,18.8855,128.927,0.741859
144,9,2,20.1732,122.648,0.67355
144,10,2,11.1933,159.346,0.79848
144,11,3,16.3018,267.538,0.718484
144,12,1,25.7698,99.9316,0.590491
144,13,1,14.6523,170.974,0.741064
144,14,2,11.0586,402.654,0.801203
144,15,2,7.35558,163.095,0.850335
144,16,1,64.1047,74.2333,0.0914558
144,17,3,41.4825,205.166,0.386361
144,18,3,12.0517,160.577,0.777261
144,19,3,11.3448,374.021,0.785544
145,0,3,16.6721,210.736,0.718165
145,1,2,11.2438,160.949,0.7984
145,2,2,15.0057,208.426,0.773496
145,3,2,19.988,259.69,0.680978
145,4,3,33.0412,192.598,0.497746
145,5,1,29.01,123.61,0.609195
145,6,3,10.6715,161.554,0.794681
145,7,1,18.3048,281.463,0.695515
145,8,3,19.3989,127.52,0.736759
145,9,2,20.3078,122.914,0.675231
145,10,2,11.3279,159.418,0.799527
145,11,3,16.3523,267.193,0.717602
145,12,1,25.8119,100.033,0.592179
145,13,1,14.7028,170.982,0.741717
145,14,2,11.2269,399.017,0.802006
145,15,2,7.46499,163.126,0.850913
145,16,1,64.2646,75.3211,0.0930809
145,17,3,41.533,205.113,0.388889
145,18,3,12.119,160.551,0.778229
145,19,3,11.4542,372.029,0.785891
146,0,3,16.8657,210.157,0.719866
146,1,2,11.37,160.976,0.799664
146,2,2,15.5023,206.013,0.771237
146,3,2,20.1395,258.994,0.68282
146,4,3,33.1338,192.444,0.501063
146,5,1,29.5233,121.974,0.606156
146,6,3,10.7641,161.66,0.795859
146,7,1,18.3805,280.995,0.69681
146,8,3,19.9291,125.28,0.731729
146,9,2,20.4256,123.187,0.677224
146,10,2,11.4542,159.445,0.800783
146,11,3,16.386,266.991,0.717627
146,12,1,25.8624,100.206,0.593844
146,13,1,14.7364,170.961,0.742921
146,14,2,11.3364,396.882,0.803134
146,15,2,7.60806,162.945,0.851595
146,16,1,64.5086,76.4298,0.0959149
146,17,3,41.5919,205.071,0.391046
146,18,3,12.2789,160.573,0.778959
146,19,3,11.572,369.899,0.787129
147,0,3,16.9751,209.84,0.721654
147,1,2,11.4121,161.022,0.800022
147,2,2,15.9231,205.656,0.77012
147,3,2,20.19,258.779,0.684082
147,4,3,33.218,192.357,0.504002
147,5,1,30.0367,120.386,0.602045
147,6,3,10.8398,161.664,0.796799
147,7,1,18.4647,280.544,0.698644
147,8,3,20.434,123.17,0.727323
147,9,2,20.4761,123.325,0.678746
147,10,2,11.4794,159.494,0.801023
147,11,3,16.5038,266.125,0.71932
147,12,1,25.8708,100.238,0.595487
147,13,1,14.7869,171.047,0.743553
147,14,2,11.3616,396.311,0.803135
147,15,2,7.66698,163.017,0.851601
147,16,1,64.8537,77.3655,0.0994887
147,17,3,41.6508,205,0.392619
147,18,3,12.4557,160.706,0.780013
147,19,3,11.6057,369.347,0.788239
148,0,3,17.1181,209.507,0.721431
148,1,2,11.4794,161.138,0.798278
148,2,2,16.4196,204.414,0.769129
148,3,2,20.2826,258.333,0.682897
148,4,3,33.3189,192.207,0.506017
148,5,1,30.5585,118.829,0.598211
148,6,3,10.9997,161.446,0.797946
148,7,1,18.6246,279.585,0.699459
148,8,3,20.939,121.473,0.722535
148,9,2,20.5519,123.413,0.677929
148,10,2,11.5804,159.699,0.79905
148,11,3,16.5711,265.739,0.72121
148,12,1,25.9213,100.429,0.597328
148,13,1,14.8458,171.079,0.744617
148,14,2,11.5047,393.533,0.800486
148,15,2,7.76797,163.072,0.849729
148,16,1,65.4176,77.4041,0.103456
148,17,3,41.7181,204.908,0.395274
148,18,3,12.5819,160.814,0.781053
148,19,3,11.6982,367.716,0.789555
149,0,3,17.2276,209.266,0.720553
149,1,2,11.5888,161.161,0.797324
149,2,2,16.9077,203.001,0.767054
149,3,2,20.4004,257.763,0.682277
149,4,3,33.361,192.171,0.508884
149,5,1,31.0635,117.438,0.594319
149,6,3,11.1512,161.46,0.798969
149,7,1,18.7424,278.826,0.700812
149,8,3,21.3935,121.337,0.717701
149,9,2,20.636,123.569,0.677342
149,10,2,11.6477,159.736,0.797434
149,11,3,16.6468,265.309,0.723075
149,12,1,26.0139,100.688,0.599803
149,13,1,14.9132,171.068,0.745997
149,14,2,11.5804,392.098,0.798421
149,15,2,7.91104,162.651,0.847664
149,16,1,65.9309,76.963,0.107151
149,17,3,41.8275,204.78,0.397675
149,18,3,12.6745,160.872,0.78197
149,19,3,11.8161,365.494,0.790524
150,0,3,17.3201,209.06,0.720776
150,1,2,11.6562,161.102,0.797364
150,2,2,17.3622,202.338,0.765007
150,3,2,20.4256,257.634,0.682972
150,4,3,33.462,192.093,0.512038
150,5,1,31.4758,116.675,0.590805
150,6,3,11.2943,161.496,0.799651
150,7,1,18.9192,277.654,0.702037
150,8,3,21.8311,122.72,0.713259
150,9,2,20.7286,123.776,0.677525
150,10,2,11.6814,159.834,0.797037
150,11,3,16.6889,265.085,0.724916
150,12,1,26.0728,100.846,0.602462
150,13,1,14.9805,171.071,0.747249
150,14,2,11.673,390.167,0.797255
150,15,2,7.93629,162.735,0.846497
150,16,1,66.4443,76.5353,0.111123
150,17,3,41.9453,204.698,0.399935
150,18,3,12.7418,160.885,0.782983
150,19,3,11.8666,364.713,0.791154
151,0,3,17.3875,208.898,0.721753
151,1,2,11.774,161.336,0.796645
151,2,2,17.8251,201.612,0.762121
151,3,2,20.5014,257.329,0.6829
151,4,3,33.5378,192.009,0.514827
151,5,1,31.9219,116.322,0.586905
151,6,3,11.4037,161.469,0.800433
151,7,1,19.0202,277.004,0.703139
151,8,3,22.2856,123.978,0.70855
151,9,2,20.8296,123.904,0.678139
151,10,2,11.7403,159.918,0.796645
151,11,3,16.7394,264.693,0.726515
151,12,1,26.1233,101.006,0.604437
151,13,1,15.0562,170.996,0.74816
151,14,2,11.7572,388.424,0.796861
151,15,2,8.00362,162.735,0.84513
151,16,1,66.9577,76.1261,0.114827
151,17,3,42.0632,204.617,0.403896
151,18,3,12.8007,160.773,0.783874
151,19,3,11.9507,363.323,0.791775
152,0,3,17.48,208.673,0.723471
152,1,2,11.8245,161.455,0.796151
152,2,2,18.2459,201.398,0.758198
152,3,2,20.594,256.951,0.683367
152,4,3,33.5883,191.979,0.516504
152,5,1,32.3932,115.449,0.583056
152,6,3,11.5299,161.532,0.801312
152,7,1,19.0875,276.587,0.704118
152,8,3,22.7569,124.602,0.704655
152,9,2,20.9053,124.133,0.678529
152,10,2,11.8076,159.98,0.795721
152,11,3,16.7815,264.373,0.727234
152,12,1,26.1906,101.209,0.606171
152,13,1,15.1151,170.976,0.748952
152,14,2,11.8245,387.184,0.796581
152,15,2,8.0457,162.691,0.84378
152,16,1,67.4711,75.7292,0.118482
152,17,3,42.1473,204.551,0.406623
152,18,3,12.8596,160.809,0.784109
152,19,3,12.0517,361.652,0.792065
153,0,3,17.5558,208.516,0.725272
153,1,2,11.8497,161.476,0.795022
153,2,2,18.6499,201.488,0.754646
153,3,2,20.6613,256.582,0.683401
153,4,3,33.5967,191.966,0.517304
153,5,1,32.7214,115.539,0.579257
153,6,3,11.5972,161.448,0.801218
153,7,1,19.1632,276.14,0.704123
153,8,3,23.1524,126.09,0.700705
153,9,2,20.939,124.189,0.679449
153,10,2,11.8666,159.953,0.794275
153,11,3,16.8068,264.239,0.728263
153,12,1,26.2243,101.326,0.608097
153,13,1,15.132,171.002,0.749306
153,14,2,11.8666,386.352,0.795557
153,15,2,8.07094,162.761,0.842235
153,16,1,67.8077,75.9896,0.122196
153,17,3,42.181,204.531,0.409314
153,18,3,12.9186,160.96,0.7837
153,19,3,12.119,360.558,0.791498
154,0,3,17.5642,208.484,0.726414
154,1,2,11.9171,161.544,0.794864
154,2,2,19.1127,200.954,0.750929
154,3,2,20.7034,256.421,0.684071
154,4,3,33.6556,191.929,0.519474
154,5,1,33.1254,115.669,0.575613
154,6,3,11.6141,161.448,0.801443
154,7,1,19.2642,275.554,0.704871
154,8,3,23.5648,127.444,0.6967
154,9,2,21.0063,124.362,0.680675
154,10,2,11.9591,159.927,0.794015
154,11,3,16.8488,263.975,0.729598
154,12,1,26.2663,101.434,0.610315
154,13,1,15.1825,170.97,0.750398
154,14,2,11.9591,384.755,0.795713
154,15,2,8.1551,162.809,0.842407
154,16,1,67.976,76.8552,0.125862
154,17,3,42.2147,204.492,0.411971
154,18,3,12.9691,161.051,0.783296
154,19,3,12.178,359.672,0.792104
155,0,3,17.6147,208.376,0.726381
155,1,2,12.0096,161.586,0.794496
155,2,2,19.584,200.203,0.746626
155,3,2,20.7454,256.255,0.684732
155,4,3,33.7229,191.918,0.521299
155,5,1,33.4873,115.672,0.572016
155,6,3,11.6309,161.437,0.801877
155,7,1,19.3568,275.043,0.706137
155,8,3,23.9604,128.239,0.692218
155,9,2,21.0737,124.506,0.681042
155,10,2,12.018,159.852,0.793652
155,11,3,16.8657,263.882,0.730704
155,12,1,26.3084,101.522,0.611978
155,13,1,15.1993,170.983,0.751476
155,14,2,11.976,384.445,0.794707
155,15,2,8.22243,162.86,0.841733
155,16,1,68.1359,77.8997,0.129481
155,17,3,42.2736,204.448,0.415226
155,18,3,13.0027,161.049,0.783741
155,19,3,12.2958,357.835,0.79186
156,0,3,17.7157,208.078,0.726035
156,1,2,12.0685,161.561,0.794343
156,2,2,20.0048,199.89,0.742064
156,3,2,20.7791,256.099,0.68528
156,4,3,33.8071,191.812,0.523625
156,5,1,33.9501,115.039,0.56836
156,6,3,11.6814,161.411,0.801991
156,7,1,19.4073,274.747,0.707177
156,8,3,24.3896,129.848,0.687795
156,9,2,21.1157,124.593,0.681823
156,10,2,12.1022,159.834,0.793504
156,11,3,16.933,263.477,0.731902
156,12,1,26.3505,101.62,0.614144
156,13,1,15.2498,170.933,0.752436
156,14,2,11.9844,384.271,0.794971
156,15,2,8.28976,162.872,0.840964
156,16,1,68.2874,78.8816,0.132111
156,17,3,42.3493,204.389,0.418125
156,18,3,13.0532,161.023,0.782923
156,19,3,12.3631,356.778,0.792038
157,0,3,17.7998,207.873,0.726525
157,1,2,12.1359,161.559,0.795024
157,2,2,20.5266,198.026,0.738497
157,3,2,20.8044,255.98,0.686446
157,4,3,33.8744,191.778,0.525297
157,5,1,34.2952,115.013,0.564751
157,6,3,11.7319,161.392,0.801999
157,7,1,19.4578,274.454,0.707787
157,8,3,24.802,131.266,0.683427
157,9,2,21.1494,124.631,0.683219
157,10,2,12.1106,159.853,0.794503
157,11,3,16.9751,263.244,0.732251
157,12,1,26.3757,101.668,0.61649
157,13,1,15.2666,170.91,0.753487
157,14,3,12.0012,383.861,0.795544
157,15,2,8.32342,163.001,0.841557
157,16,1,68.4473,79.926,0.133354
157,17,3,42.4082,204.354,0.421195
157,18,3,13.1205,161.038,0.782219
157,19,3,12.4725,355.074,0.792838
158,0,3,17.9429,207.517,0.726285
158,1,2,12.1695,161.572,0.795283
158,2,2,21.04,193.735,0.734147
158,3,2,20.8464,255.834,0.687183
158,4,3,34.0343,191.642,0.527258
158,5,1,34.716,114.812,0.561188
158,6,3,11.8666,161.208,0.801386
158,7,1,19.542,273.927,0.707769
158,8,3,25.2312,132.344,0.679115
158,9,2,21.1662,124.677,0.684183
158,10,2,12.1359,159.896,0.794352
158,11,3,17.0761,262.704,0.732906
158,12,1,26.401,101.721,0.618289
158,13,1,15.3003,170.941,0.754319
158,14,3,12.1443,381.361,0.79549
158,15,2,8.39917,163.198,0.841109
158,16,1,68.6072,80.9286,0.13272
158,17,3,42.5765,204.194,0.423916
158,18,3,13.2131,161.1,0.782145
158,19,3,12.6156,352.898,0.7928
159,0,3,18.0776,207.197,0.726665
159,1,2,12.2284,161.657,0.795641
159,2,2,21.5534,189.653,0.729749
159,3,2,20.8633,255.776,0.687808
159,4,3,34.2026,191.482,0.529605
159,5,1,35.1031,114.79,0.557771
159,6,3,11.9591,161.265,0.800884
159,7,1,19.6345,273.368,0.708265
159,8,3,25.5594,133.525,0.675062
159,9,2,21.1915,124.742,0.685136
159,10,2,12.178,159.885,0.795025
159,11,3,17.1686,262.217,0.733964
159,12,1,26.4094,101.743,0.619346
159,13,1,15.3255,170.956,0.754934
159,14,3,12.2621,379.166,0.795847
159,15,2,8.42442,163.155,0.840666
159,16,1,68.826,81.9543,0.131887
159,17,3,42.6775,204.113,0.426192
159,18,3,13.2889,161.069,0.782175
159,19,3,12.725,351.209,0.792969
160,0,3,18.2796,206.626,0.727273
160,1,2,12.2537,161.738,0.79571
160,2,2,22.0583,186.032,0.725843
160,3,2,20.9222,255.56,0.689581
160,4,3,34.3794,191.233,0.531461
160,5,1,35.4398,114.827,0.555056
160,6,3,12.1106,161.3,0.800204
160,7,1,19.7187,272.952,0.707763
160,8,3,26.0054,134.667,0.671706
160,9,2,21.2336,124.822,0.686006
160,10,2,12.22,159.933,0.79571
160,11,3,17.2444,261.773,0.734934
160,12,1,26.4094,101.743,0.621042
160,13,1,15.3508,170.937,0.755771
160,14,3,12.3968,376.855,0.79571
160,15,2,8.47491,163.263,0.841164
160,16,1,68.9523,82.4959,0.131052
160,17,3,42.7869,203.999,0.428192
160,18,3,13.3983,160.997,0.782942
160,19,3,12.8512,349.324,0.793361
161,0,3,18.5152,205.938,0.728149
161,1,2,12.3631,161.884,0.795655
161,2,2,22.4876,183.474,0.721957
161,3,2,21.0148,255.222,0.690387
161,4,3,34.6487,190.952,0.533448
161,5,1,35.7091,115.172,0.552736
161,6,3,12.2958,161.103,0.800223
161,7,1,19.8113,272.363,0.708456
161,8,3,26.5525,134.025,0.668257
161,9,2,21.3766,125.184,0.686529
161,10,2,12.2789,160.058,0.796264
161,11,3,17.2696,261.623,0.736067
161,12,2,26.4347,101.798,0.622576
161,13,1,15.4097,170.952,0.756268
161,14,3,12.6745,371.501,0.796061
161,15,2,8.56749,163.25,0.841336
161,16,1,68.9523,82.4959,0.130241
161,17,3,43.0647,203.665,0.430515
161,18,3,13.5918,160.821,0.783575
161,19,3,13.1121,345.294,0.793625
162,0,3,18.7508,205.233,0.728713
162,1,2,12.5651,161.861,0.79661
162,2,2,22.7737,184.109,0.718624
162,3,2,21.1662,254.597,0.691384
162,4,3,34.9264,190.593,0.535714
162,5,1,36.214,114.607,0.549839
162,6,3,12.5062,160.839,0.80004
162,7,1,20.1563,270.043,0.709544
162,8,3,27.0827,132.027,0.664548
162,9,2,21.6796,125.559,0.687651
162,10,2,12.3884,160.075,0.796711
162,11,3,17.2865,261.521,0.737086
162,12,2,26.6703,102.272,0.624193
162,13,1,15.5275,170.915,0.757062
162,14,3,13.0111,365.092,0.79661
162,15,2,8.75264,162.949,0.841909
162,16,1,68.9523,82.4959,0.129439
162,17,3,43.3172,203.372,0.43301
162,18,3,13.8022,160.557,0.783999
162,19,3,13.4235,340.267,0.793886
163,0,3,18.9612,204.638,0.72957
163,1,2,12.7502,161.854,0.797453
163,2,1,22.9588,184.83,0.715532
163,3,2,21.3766,253.532,0.69257
163,4,3,35.1031,190.4,0.538053
163,5,1,36.6601,113.985,0.54818
163,6,3,12.6492,160.777,0.800562
163,7,1,20.392,268.845,0.710318
163,8,3,27.5961,130.061,0.661987
163,9,2,21.9153,125.846,0.68906
163,10,1,12.5651,159.163,0.797253
163,11,2,17.4548,259.987,0.738494
163,12,2,26.9396,102.777,0.62609
163,13,1,15.7548,170.875,0.758247
163,14,3,13.2804,360.597,0.797052
163,15,2,8.95462,162.909,0.842274
163,16,1,69.0112,84.8799,0.129951
163,17,3,43.4939,203.224,0.436178
163,18,3,14.0126,159.887,0.784819
163,19,3,13.6087,337.77,0.794345
164,0,3,19.1885,204.048,0.731114
164,1,2,12.8596,162.046,0.797788
164,2,1,23.1356,184.641,0.71188
164,3,2,21.4776,253.2,0.693642
164,4,3,35.322,190.172,0.540163
164,5,1,37.0472,113.617,0.546442
164,6,3,12.7671,160.762,0.801575
164,7,1,20.5771,267.849,0.710883
164,8,3,28.1094,128.338,0.659059
164,9,2,22.0331,126.027,0.690353
164,10,1,12.9017,159.407,0.797389
164,11,2,17.5979,259.274,0.739486
164,12,2,27.0911,103.165,0.627965
164,13,1,15.8389,170.912,0.759318
164,14,3,13.5582,356.3,0.797489
164,15,2,9.01354,162.885,0.842236
164,16,1,69.1459,85.0439,0.133247
164,17,3,43.7548,202.897,0.439107
164,18,3,14.4587,157.93,0.78543
164,19,3,13.878,334.184,0.794698
165,0,3,19.4662,203.422,0.731947
165,1,2,12.9438,162.119,0.798019
165,2,1,23.3292,184.44,0.708172
165,3,2,21.5534,252.866,0.695295
165,4,3,35.5155,189.951,0.542348
165,5,1,37.5017,113.347,0.544923
165,6,3,12.9186,160.634,0.802377
165,7,1,20.737,266.99,0.711639
165,8,3,28.6228,126.615,0.655671
165,9,2,22.1425,126.233,0.691233
165,10,1,13.1879,162.22,0.797821
165,11,2,17.7493,258.422,0.740961
165,12,2,27.1753,103.347,0.62952
165,13,1,15.9652,170.705,0.760575
165,14,3,13.9032,351.253,0.798514
165,15,2,9.08928,162.892,0.842397
165,16,1,69.2553,85.1667,0.136602
165,17,3,44.0073,202.634,0.441803
165,18,3,14.9384,155.043,0.78633
165,19,3,14.0379,332.17,0.794552
166,0,3,19.7439,202.905,0.732572
166,1,2,12.9943,162.16,0.798444
166,2,1,23.447,184.394,0.704904
166,3,2,21.6039,252.614,0.696633
166,4,3,35.7428,189.647,0.54421
166,5,1,37.9562,113.229,0.542241
166,6,3,13.0953,160.78,0.803171
166,7,1,20.9306,265.975,0.712682
166,8,3,29.1109,124.987,0.653702
166,9,2,22.2267,126.415,0.692792
166,10,1,13.575,163.879,0.798247
166,11,2,17.8672,257.913,0.741631
166,12,2,27.3099,103.657,0.631351
166,13,1,16.0661,170.74,0.761422
166,14,3,14.1136,348.403,0.799626
166,15,2,9.15661,162.928,0.842753
166,16,1,69.4404,85.3849,0.139917
166,17,3,44.2766,202.313,0.444269
166,18,3,15.4349,151.38,0.787121
166,19,3,14.2904,328.636,0.794998
167,0,3,19.9543,202.044,0.732798
167,1,2,13.1037,162.452,0.79906
167,2,1,23.5648,184.247,0.70138
167,3,2,21.688,252.252,0.697954
167,4,3,35.9784,189.515,0.546051
167,5,1,38.3938,112.618,0.54057
167,6,3,13.1542,160.94,0.803661
167,7,1,21.2336,264.266,0.71381
167,8,3,29.6159,123.581,0.650876
167,9,2,22.3866,126.696,0.694235
167,10,1,13.9201,165.117,0.799354
167,11,2,18.0102,257.232,0.742782
167,12,2,27.4446,104.079,0.633356
167,13,1,16.1756,170.741,0.762553
167,14,3,14.4166,344.439,0.800333
167,15,2,9.26602,163.065,0.843203
167,16,1,69.6424,85.6051,0.143291
167,17,3,44.5459,202.045,0.446706
167,18,3,15.7968,149.654,0.787511
167,19,3,14.5176,326.154,0.79495
168,0,3,20.1984,201.324,0.732827
168,1,2,13.1626,162.449,0.799864
168,2,1,23.6658,184.209,0.697217
168,3,2,21.8227,251.782,0.699552
168,4,3,36.1383,189.388,0.546604
168,5,1,38.7136,112.797,0.539015
168,6,3,13.1542,160.94,0.803269
168,7,1,21.486,262.812,0.714536
168,8,3,30.104,122.304,0.648083
168,9,2,22.5128,126.904,0.695855
168,10,1,14.223,167.35,0.800156
168,11,2,18.2459,255.846,0.742849
168,12,2,27.6045,104.478,0.635338
168,13,1,16.2681,170.735,0.76367
168,14,3,14.627,341.638,0.799961
168,15,2,9.40909,163.073,0.843452
168,16,1,69.8612,85.8652,0.146527
168,17,3,44.7731,201.791,0.448044
168,18,3,16.184,149.11,0.787605
168,19,3,14.7532,323.25,0.79461
169,0,3,20.4088,200.868,0.732759
169,1,2,13.171,162.474,0.800271
169,2,1,23.8341,183.992,0.693104
169,3,2,21.8648,251.674,0.701035
169,4,3,36.3403,189.21,0.547538
169,5,1,39.227,112.229,0.537189
169,6,2,13.1626,160.953,0.803366
169,7,1,21.646,262.135,0.715156
169,8,3,30.5332,121.926,0.646194
169,9,2,22.5885,127.063,0.697263
169,10,1,14.5597,169.217,0.800754
169,11,2,18.3553,255.282,0.743302
169,12,2,27.6381,104.544,0.637392
169,13,1,16.327,170.799,0.764484
169,14,3,14.7869,339.592,0.799787
169,15,2,9.49325,163.131,0.843989
169,16,1,70.0716,86.1105,0.149047
169,17,3,45.0004,201.614,0.450334
169,18,3,16.529,148.096,0.788181
169,19,3,15.0057,320.532,0.794468
170,0,3,20.5266,200.592,0.732115
170,1,2,13.171,162.474,0.80125
170,2,1,23.9519,183.897,0.689231
170,3,2,21.89,251.566,0.702308
170,4,3,36.5086,189.117,0.547885
170,5,1,39.6814,111.659,0.53625
170,6,2,13.2047,160.984,0.802692
170,7,1,21.7469,261.705,0.715962
170,8,3,30.9709,121.339,0.643365
170,9,2,22.6054,127.089,0.698365
170,10,1,14.9384,170.382,0.801538
170,11,2,18.3805,255.184,0.744231
170,12,2,27.655,104.6,0.639615
170,13,1,16.4701,170.816,0.765865
170,14,3,14.9132,338.069,0.799135
170,15,2,9.5185,163.075,0.844423
170,16,1,70.2399,86.3205,0.152981
170,17,3,45.1771,201.508,0.452019
170,18,3,16.9498,147.711,0.787885
170,19,3,15.1572,318.973,0.794135
171,0,3,20.7202,200.097,0.731192
171,1,3,13.2384,162.507,0.800879
171,2,1,24.0277,183.882,0.68569
171,3,2,21.8984,251.525,0.70261
171,4,3,36.6685,188.969,0.547653
171,5,1,40.0686,111.187,0.535608
171,6,2,13.272,161.085,0.80174
171,7,1,21.89,261.161,0.716375
171,8,3,31.4506,120.319,0.639709
171,9,2,22.6811,127.243,0.698499
171,10,1,15.4097,170.638,0.802027
171,11,2,18.4563,254.855,0.745435
171,12,2,27.6971,104.687,0.640952
171,13,1,16.6132,170.654,0.766657
171,14,3,15.0478,336.477,0.797343
171,15,2,9.56899,163.128,0.843896
171,16,1,70.3914,86.5079,0.15792
171,17,3,45.438,201.243,0.45206
171,18,3,17.4043,147.427,0.787018
171,19,3,15.3171,317.26,0.792372
172,0,3,20.9222,199.626,0.730089
172,1,3,13.474,161.964,0.799943
172,2,1,24.2297,183.689,0.683805
172,3,2,21.8984,251.525,0.702433
172,4,3,36.8789,188.777,0.546949
172,5,1,40.5651,111.122,0.532883
172,6,2,13.3562,161.098,0.800513
172,7,1,22.1341,259.663,0.713933
172,8,3,31.8798,119.669,0.636001
172,9,2,22.7316,127.359,0.697016
172,10,1,15.9736,166.002,0.801939
172,11,2,18.5404,254.467,0.746816
172,12,2,27.7896,104.873,0.640563
172,13,1,16.7478,170.525,0.766204
172,14,3,15.233,334.152,0.794431
172,15,2,9.68682,163.295,0.842615
172,16,1,70.4756,86.5879,0.162802
172,17,3,45.7662,200.918,0.45229
172,18,3,17.9008,147.68,0.786162
172,19,3,15.5864,314.607,0.790154
173,0,3,21.1073,199.247,0.729188
173,1,3,13.7097,162.082,0.799017
173,2,1,24.3643,183.538,0.684211
173,3,1,21.9489,251.319,0.701975
173,4,3,37.1146,188.544,0.547671
173,5,1,41.0701,110.124,0.530473
173,6,2,13.4656,161.122,0.800246
173,7,1,22.3024,258.955,0.712841
173,8,3,32.3174,119.266,0.632335
173,9,2,22.8663,127.587,0.696116
173,10,1,16.4449,162.574,0.800813
173,11,2,18.6667,253.864,0.746102
173,12,2,27.8822,105.036,0.639705
173,13,1,16.7983,170.407,0.765
173,14,3,15.3676,332.713,0.79297
173,15,2,9.75414,163.5,0.841633
173,16,1,70.5934,86.7138,0.166966
173,17,3,45.9261,200.813,0.453274
173,18,3,18.3216,148.442,0.784655
173,19,3,15.7463,313.028,0.789096
174,0,3,21.2756,198.823,0.72811
174,1,3,13.8022,162.129,0.79876
174,2,1,24.4569,183.469,0.684141
174,3,1,21.9994,251.147,0.702837
174,4,3,37.2829,188.405,0.548196
174,5,1,41.5245,109.991,0.528373
174,6,2,13.5918,161.139,0.799793
174,7,1,22.395,258.535,0.712514
174,8,3,32.7551,118.729,0.628711
174,9,2,22.942,127.635,0.696449
174,10,1,16.8909,162.261,0.797726
174,11,2,18.734,253.602,0.74596
174,12,2,27.958,105.241,0.640173
174,13,1,16.8068,170.391,0.765784
174,14,3,15.4686,331.58,0.790962
174,15,2,9.8383,163.426,0.841977
174,16,1,70.6523,86.7887,0.170519
174,17,3,46.1197,200.694,0.453777
174,18,3,18.734,149.675,0.780815
174,19,3,15.881,311.667,0.787486
175,0,3,21.4356,198.472,0.726483
175,1,3,13.9706,162.022,0.799253
175,2,1,24.5495,183.38,0.683793
175,3,1,22.0583,250.849,0.703783
175,4,3,37.4512,188.315,0.548435
175,5,1,41.9706,110.75,0.526203
175,6,2,13.6592,161.125,0.799346
175,7,1,22.5128,258.037,0.712284
175,8,3,33.2432,118.282,0.625128
175,9,2,22.9841,127.704,0.697244
175,10,1,17.2276,163.704,0.795703
175,11,2,18.8771,252.798,0.745726
175,12,2,28.0589,105.397,0.641383
175,13,1,16.8404,170.398,0.76581
175,14,3,15.6201,329.843,0.78823
175,15,2,9.8888,163.333,0.84213
175,16,1,70.7533,86.8813,0.173937
175,17,3,46.3048,200.487,0.454087
175,18,3,19.1043,150.891,0.776927
175,19,3,16.0409,310.145,0.786642
176,0,3,21.5618,198.27,0.725153
176,1,3,14.1305,162.073,0.799833
176,2,1,24.6168,183.335,0.684563
176,3,1,22.1677,250.435,0.704811
176,4,3,37.569,188.223,0.5483
176,5,1,42.3998,111.536,0.524243
176,6,2,13.7349,161.096,0.798625
176,7,1,22.5717,257.731,0.711499
176,8,3,33.7566,117.575,0.621679
176,9,2,23.0935,127.83,0.697845
176,10,1,17.5474,165.257,0.792588
176,11,2,18.8939,252.718,0.745867
176,12,2,28.1599,105.58,0.64165
176,13,1,16.9162,170.309,0.76593
176,14,3,15.7548,328.353,0.787108
176,15,2,9.9393,163.239,0.84191
176,16,1,70.8627,86.9922,0.176574
176,17,3,46.5068,200.266,0.454301
176,18,3,19.3905,152.797,0.772803
176,19,3,16.1671,309.082,0.785157
177,0,3,21.7301,197.921,0.724393
177,1,3,14.1978,162.023,0.799667
177,2,1,24.7094,183.263,0.684677
177,3,1,22.294,249.944,0.705274
177,4,3,37.6868,188.138,0.548813
177,5,1,42.8879,112.155,0.522121
177,6,2,13.7854,161.055,0.799298
177,7,1,22.6895,257.381,0.710169
177,8,3,34.2026,116.891,0.618546
177,9,2,23.2113,128.028,0.697885
177,10,1,17.8251,167.122,0.78997
177,11,2,18.9697,252.373,0.745636
177,12,2,28.2273,105.77,0.642283
177,13,1,16.9835,170.328,0.765771
177,14,3,15.8642,327.222,0.784982
177,15,2,10.0066,163.341,0.841784
177,16,1,70.9553,87.1013,0.17872
177,17,3,46.6246,200.15,0.45405
177,18,3,19.6766,154.767,0.769927
177,19,3,16.3186,307.542,0.783874
178,0,3,21.8059,197.789,0.723457
178,1,3,14.2904,162.053,0.800331
178,2,1,24.802,183.161,0.685525
178,3,1,22.4118,249.563,0.705547
178,4,3,37.8215,188.041,0.549229
178,5,1,43.4013,112.637,0.520849
178,6,2,13.8612,161.011,0.800422
178,7,1,22.7821,256.919,0.708946
178,8,3,34.6403,117.769,0.615356
178,9,2,23.2787,128.147,0.698108
178,10,1,18.0692,169.286,0.787932
178,11,2,19.0202,252.179,0.744673
178,12,2,28.3283,106.006,0.642726
178,13,1,17.0424,170.374,0.766256
178,14,3,15.9231,326.563,0.784258
178,15,2,10.0571,163.405,0.840926
178,16,1,71.0479,87.1649,0.181025
178,17,3,46.7256,200.075,0.454996
178,18,3,19.9543,156.618,0.767175
178,19,3,16.3944,306.765,0.782697
179,0,3,21.9153,197.582,0.722532
179,1,3,14.3577,162.025,0.801352
179,2,1,24.8861,183.134,0.685542
179,3,1,22.5212,249.214,0.706914
179,4,3,37.8804,188.01,0.549365
179,5,1,43.8558,113.3,0.518495
179,6,2,13.9116,161.015,0.801443
179,7,1,22.9757,256.115,0.70938
179,8,3,35.0021,118.767,0.61275
179,9,2,23.3796,128.333,0.699151
179,10,1,18.3132,171.546,0.785369
179,11,2,19.1127,251.742,0.745
179,12,2,28.3872,106.109,0.644351
179,13,1,17.1097,170.338,0.766828
179,14,3,15.9399,326.394,0.783633
179,15,2,10.116,163.411,0.841264
179,16,1,71.1152,87.2433,0.183487
179,17,3,46.8182,200.006,0.455475
179,18,3,20.1984,158.597,0.764545
179,19,3,16.3944,306.765,0.781259
180,0,3,21.9826,197.472,0.722797
180,1,3,14.3998,162.079,0.802452
180,2,1,24.9114,183.127,0.686013
180,3,1,22.5717,249.034,0.708265
180,4,3,37.9309,187.953,0.5505
180,5,1,44.2345,114.202,0.516076
180,6,2,13.9285,161.023,0.802089
180,7,1,23.0178,255.95,0.709537
180,8,3,35.4314,119.827,0.610173
180,9,2,23.4891,128.573,0.700545
180,10,1,18.5404,173.817,0.78247
180,11,2,19.1801,251.412,0.746231
180,12,2,28.4292,106.21,0.64614
180,13,1,17.135,170.346,0.766667
180,14,2,15.9399,326.394,0.783379
180,15,2,10.1581,163.526,0.841871
180,16,1,71.1404,87.2779,0.186013
180,17,3,46.8687,199.971,0.456494
180,18,3,20.5519,160.192,0.761217
180,19,2,16.3944,306.765,0.780926
181,0,3,22.0415,197.421,0.722338
181,1,3,14.5176,162.083,0.802547
181,2,1,24.9282,183.149,0.686839
181,3,1,22.6054,248.917,0.709873
181,4,3,38.0067,187.922,0.550899
181,5,1,44.588,115.112,0.514046
181,6,2,13.9285,161.023,0.802276
181,7,1,23.043,255.845,0.709511
181,8,3,35.9784,118.637,0.607082
181,9,2,23.5143,128.645,0.701382
181,10,1,18.6835,176.42,0.778882
181,11,2,19.1801,251.412,0.746816
181,12,2,28.4377,106.214,0.647457
181,13,1,17.1686,170.391,0.766146
181,14,2,15.9399,326.394,0.783217
181,15,2,10.1581,163.526,0.84202
181,16,1,71.1657,87.2946,0.189143
181,17,3,46.936,199.958,0.456508
181,18,3,21.0316,158.7,0.757384
181,19,2,16.3944,306.765,0.780146
182,0,3,22.092,197.36,0.721703
182,1,3,14.5681,162.095,0.800844
182,2,1,24.9366,183.13,0.6864
182,3,1,22.6138,248.892,0.711462
182,4,3,38.0656,187.899,0.551024
182,5,1,44.8909,116.079,0.512037
182,6,2,13.9285,161.023,0.802551
182,7,1,23.0514,255.816,0.708139
182,8,3,36.4413,117.603,0.604384
182,9,2,23.5227,128.667,0.702569
182,10,1,18.8182,179.395,0.774614
182,11,2,19.1801,251.412,0.747036
182,12,2,28.4377,106.214,0.648581
182,13,1,17.1939,170.439,0.766259
182,14,2,15.9399,326.394,0.782339
182,15,2,10.1665,163.519,0.841628
182,16,1,71.1741,87.3052,0.192598
182,17,3,46.9781,199.93,0.456432
182,18,3,21.4356,157.085,0.753324
182,19,2,16.4112,306.616,0.778297
183,0,3,22.2098,197.235,0.721254
183,1,3,14.6438,162.148,0.799875
183,2,1,24.9703,183.094,0.6865
183,3,1,22.6475,248.746,0.71241
183,4,3,38.2086,187.897,0.551237
183,5,1,45.1687,117.205,0.509247
183,6,2,13.9453,161.019,0.802287
183,7,1,23.0683,255.751,0.708747
183,8,3,36.9799,116.375,0.602162
183,9,2,23.5227,128.667,0.702761
183,10,1,18.9612,182.381,0.770392
183,11,2,19.1801,251.412,0.747163
183,12,2,28.4461,106.243,0.649334
183,13,1,17.2107,170.458,0.767176
183,14,2,15.9567,326.263,0.782275
183,15,2,10.2002,163.511,0.841865
183,16,1,71.1994,87.3249,0.195926
183,17,3,47.0707,199.845,0.457518
183,18,3,21.9321,154.915,0.750112
183,19,2,16.4364,306.4,0.778165
184,0,3,22.3192,197.062,0.720899
184,1,3,14.8458,162.082,0.799716
184,2,1,25.0039,183.051,0.687578
184,3,1,22.698,248.588,0.713524
184,4,3,38.4022,187.82,0.551893
184,5,1,45.3791,118.381,0.506487
184,6,2,13.9537,161.061,0.802204
184,7,1,23.1103,255.547,0.70917
184,8,3,37.426,115.84,0.59952
184,9,2,23.5311,128.675,0.703572
184,10,1,19.1043,185.355,0.766572
184,11,2,19.1801,251.412,0.747823
184,12,2,28.4461,106.243,0.650613
184,13,1,17.236,170.439,0.768171
184,14,2,15.9652,326.161,0.782388
184,15,2,10.2086,163.493,0.841745
184,16,1,71.2414,87.3648,0.199662
184,17,3,47.138,199.81,0.458504
184,18,3,22.3697,152.91,0.747201
184,19,2,16.4449,306.319,0.778034
185,0,3,22.4623,196.853,0.720813
185,1,3,14.9973,162.329,0.798851
185,2,1,25.0376,182.982,0.68829
185,3,1,22.7653,248.381,0.714273
185,4,3,38.6379,187.711,0.552541
185,5,1,45.6063,119.626,0.504463
185,6,2,13.979,161.058,0.802475
185,7,1,23.1524,255.359,0.709501
185,8,3,37.771,115.564,0.596553
185,9,2,23.5648,128.723,0.70464
185,10,1,19.2137,187.61,0.764384
185,11,1,19.2306,251.173,0.747857
185,12,2,28.4545,106.278,0.651436
185,13,1,17.2949,170.454,0.769156
185,14,2,16.0072,325.721,0.781971
185,15,2,10.2423,163.518,0.842156
185,16,1,71.2835,87.4187,0.202916
185,17,3,47.1969,199.783,0.459479
185,18,3,22.7148,152.027,0.744675
185,19,2,16.4617,306.218,0.77764
186,0,3,22.597,196.613,0.720728
186,1,3,15.1656,162.222,0.798699
186,2,1,25.1386,182.889,0.689258
186,3,1,22.8158,248.238,0.714487
186,4,3,38.8314,187.608,0.553885
186,5,1,45.8251,120.814,0.502637
186,6,2,14.0631,161.111,0.802918
186,7,1,23.2197,255.095,0.710267
186,8,3,38.3096,114.859,0.593618
186,9,2,23.6069,128.809,0.704905
186,10,1,19.239,188.828,0.762219
186,11,1,19.2895,250.97,0.749033
186,12,2,28.4797,106.348,0.652162
186,13,1,17.3622,170.463,0.769691
186,14,2,16.0493,325.303,0.781558
186,15,2,10.2759,163.589,0.842387
186,16,1,71.3256,87.4635,0.206048
186,17,2,47.239,199.745,0.460355
186,18,3,23.1019,151.427,0.742968
186,19,2,16.4701,306.132,0.777426
187,0,3,22.8158,196.219,0.720731
187,1,3,15.4265,161.697,0.798986
187,2,1,25.1975,182.842,0.689866
187,3,1,22.9504,247.777,0.715048
187,4,3,39.1092,187.321,0.554953
187,5,1,46.0355,122.034,0.500219
187,6,2,14.0716,161.118,0.80327
187,7,1,23.2955,254.82,0.710763
187,8,3,38.8146,113.755,0.590539
187,9,2,23.6237,128.818,0.70543
187,10,1,19.2642,191.073,0.760602
187,11,1,19.3736,250.527,0.749585
187,12,2,28.4882,106.381,0.653406
187,13,1,17.4127,170.45,0.769957
187,14,2,16.0661,325.121,0.781586
187,15,2,10.3012,163.635,0.842529
187,16,1,71.3929,87.5452,0.209233
187,17,2,47.239,199.745,0.462097
187,18,3,23.4217,150.957,0.741453
187,19,0,16.4785,306.072,0.776777
188,0,3,22.9084,196.037,0.721454
188,1,3,15.5528,161.709,0.798852
188,2,1,25.2901,182.689,0.690321
188,3,1,23.0598,247.377,0.715193
188,4,3,39.2691,187.275,0.555961
188,5,1,46.2796,123.189,0.497522
188,6,2,14.122,161.27,0.803635
188,7,1,23.4722,254.06,0.711018
188,8,3,39.328,112.627,0.588051
188,9,2,23.6574,128.899,0.706235
188,10,1,19.3231,198.178,0.759283
188,11,1,19.483,249.952,0.750239
188,12,2,28.505,106.419,0.654057
188,13,1,17.4716,170.355,0.770676
188,14,2,16.0746,325.034,0.782329
188,15,2,10.318,163.665,0.842856
188,16,1,71.4939,87.6523,0.21254
188,17,2,47.2558,199.742,0.463779
188,18,3,23.6237,150.873,0.739803
188,19,3,16.6216,304.782,0.777459
189,0,3,23.0683,195.816,0.721799
189,1,3,15.6874,161.722,0.799481
189,2,1,25.3911,182.636,0.691263
189,3,1,23.1608,246.981,0.715571
189,4,3,39.4542,187.07,0.557612
189,5,1,46.5826,124.162,0.495502
189,6,2,14.1641,161.259,0.804152
189,7,1,23.6321,253.431,0.7109
189,8,3,39.8413,111.484,0.586419
189,9,2,23.7079,128.961,0.706661
189,10,1,19.4662,202.663,0.758131
189,11,1,19.6093,249.29,0.750519
189,12,2,28.5387,106.505,0.655104
189,13,1,17.5389,170.339,0.771194
189,14,2,16.1082,324.769,0.783304
189,15,2,10.3348,163.706,0.842993
189,16,1,71.5865,87.7595,0.21609
189,17,2,47.2895,199.711,0.46583
189,18,3,23.7752,150.82,0.738668
189,19,3,16.832,302.988,0.778633
190,0,3,23.1608,195.782,0.722657
190,1,3,15.7548,161.812,0.800103
190,2,1,25.5005,182.544,0.692625
190,3,1,23.2787,246.594,0.716548
190,4,3,39.6309,186.889,0.559418
190,5,1,46.936,125.036,0.494364
190,6,2,14.1725,161.252,0.805008
190,7,1,23.8173,252.753,0.711815
190,8,3,40.3547,110.377,0.584717
190,9,2,23.7836,129.031,0.707168
190,10,1,19.5083,204.034,0.757078
190,11,1,19.7524,248.583,0.751312
190,12,2,28.5892,106.637,0.656742
190,13,1,17.581,170.263,0.772223
190,14,2,16.1671,324.19,0.784442
190,15,2,10.3517,163.73,0.843559
190,16,1,71.6454,87.8217,0.219947
190,17,2,47.2979,199.711,0.468204
190,18,3,23.8846,150.92,0.736684
190,19,3,17.0003,301.495,0.779795
191,0,3,23.2618,195.699,0.723421
191,1,3,15.8726,161.706,0.800034
191,2,1,25.6267,182.506,0.694145
191,3,1,23.3712,246.221,0.717771
191,4,3,39.7488,186.843,0.560948
191,5,1,47.2979,125.792,0.493409
191,6,2,14.1894,161.263,0.806026
191,7,1,23.9183,252.441,0.71332
191,8,3,40.8597,109.312,0.581664
191,9,2,23.8004,129.068,0.708526
191,10,1,19.5335,206.023,0.756891
191,11,1,19.8197,248.352,0.752611
191,12,2,28.6144,106.676,0.658449
191,13,1,17.6231,170.228,0.772984
191,14,2,16.2345,323.598,0.785568
191,15,2,10.3685,163.734,0.844376
191,16,1,71.7296,87.9098,0.223849
191,17,2,47.3232,199.703,0.470211
191,18,3,23.9435,150.965,0.733607
191,19,3,17.1266,300.622,0.780945
192,0,3,23.3965,195.547,0.724346
192,1,3,15.9988,161.576,0.800392
192,2,1,25.7614,182.344,0.695563
192,3,1,23.5227,245.631,0.719152
192,4,3,39.9339,186.731,0.562633
192,5,1,47.6346,126.584,0.492889
192,6,2,14.2315,161.281,0.807034
192,7,1,23.9856,252.189,0.714724
192,8,3,41.3815,108.265,0.578898
192,9,2,23.8173,129.113,0.709955
192,10,1,19.5588,208.945,0.756706
192,11,1,19.9459,247.702,0.753896
192,12,2,28.6312,106.7,0.660223
192,13,1,17.6736,170.16,0.773908
192,14,2,16.2934,323.042,0.786596
192,15,2,10.3769,163.782,0.845014
192,16,1,71.7969,87.9779,0.227795
192,17,2,47.3232,199.703,0.472537
192,18,0,24.0193,150.971,0.730563
192,19,3,17.2865,299.272,0.781913
193,0,3,23.5648,195.234,0.724415
193,1,3,16.1756,161.588,0.800491
193,2,1,25.9213,182.274,0.696882
193,3,1,23.6574,245.09,0.72018
193,4,3,40.1696,186.589,0.563284
193,5,1,48.089,127.136,0.492799
193,6,2,14.2483,161.298,0.807862
193,7,1,24.1287,251.637,0.715859
193,8,3,41.9033,107.186,0.575906
193,9,2,23.8173,129.113,0.711369
193,10,1,19.7692,214.219,0.756608
193,11,1,20.0974,246.894,0.755168
193,12,2,28.6481,106.751,0.661894
193,13,1,17.783,170.107,0.774907
193,14,2,16.3186,322.801,0.78753
193,15,2,10.4022,163.835,0.845476
193,16,1,71.9736,88.14,0.231447
193,17,3,47.34,199.698,0.474415
193,18,2,24.0277,150.976,0.727465
193,19,3,17.4884,297.539,0.782785
194,0,3,23.6826,195.124,0.724821
194,1,3,16.3439,161.582,0.79941
194,2,1,26.0391,182.216,0.698104
194,3,1,23.8089,244.622,0.721197
194,4,3,40.3042,186.379,0.56359
194,5,1,48.4172,127.713,0.493215
194,6,2,14.2904,161.338,0.808765
194,7,1,24.2381,251.248,0.716983
194,8,3,42.4082,106.17,0.573536
194,9,1,23.8846,128.993,0.712769
194,10,1,19.9038,213.761,0.756426
194,11,1,20.2405,246.267,0.756426
194,12,2,28.6481,106.751,0.663633
194,13,1,17.8756,170.135,0.775811
194,14,2,16.3355,322.655,0.788622
194,15,2,10.4358,163.832,0.846271
194,16,1,72.1083,88.2507,0.235061
194,17,3,47.4494,199.618,0.476359
194,18,2,24.0361,150.99,0.724147
194,19,3,17.6484,296.335,0.783818
195,0,3,23.7752,195.019,0.724803
195,1,3,16.4364,161.563,0.798927
195,2,1,26.0812,182.218,0.699145
195,3,1,23.8846,244.397,0.721952
195,4,3,40.5651,186.059,0.563307
195,5,1,48.6108,128.856,0.493627
195,6,2,14.3409,161.194,0.809324
195,7,1,24.297,250.985,0.717927
195,8,3,42.93,105.159,0.571776
195,9,1,24.2465,130.192,0.713902
195,10,1,19.9375,213.662,0.756498
195,11,1,20.3162,246.016,0.756834
195,12,2,28.6733,106.798,0.665269
195,13,1,17.9177,170.073,0.776371
195,14,2,16.386,322.286,0.788949
195,15,2,10.4863,163.829,0.846638
195,16,1,72.1588,88.2898,0.238471
195,17,3,47.542,199.552,0.478534
195,18,2,24.0782,151.04,0.721952
195,19,3,17.7157,295.785,0.784672
196,0,3,23.8089,194.961,0.724869
196,1,3,16.529,161.535,0.798198
196,2,1,26.1822,182.154,0.699758
196,3,1,23.9604,244.15,0.722616
196,4,3,40.7587,185.914,0.563694
196,5,1,48.838,129.946,0.494035
196,6,2,14.3998,161.206,0.809627
196,7,1,24.3727,250.681,0.718612
196,8,3,43.435,104.235,0.5692
196,9,1,24.6084,131.584,0.715025
196,10,1,20.0637,213.337,0.757487
196,11,1,20.4256,245.526,0.757738
196,12,2,28.6986,106.823,0.666639
196,13,1,17.9597,170.041,0.776842
196,14,2,16.4954,321.195,0.789939
196,15,2,10.5032,163.87,0.847084
196,16,1,72.2598,88.4115,0.241845
196,17,3,47.5841,199.531,0.480771
196,18,2,24.1203,151.047,0.72003
196,19,3,17.8167,295.135,0.785684
197,0,3,23.893,194.768,0.723938
197,1,3,16.6637,161.44,0.796896
197,2,1,26.2327,182.122,0.70078
197,3,1,24.0193,243.978,0.722859
197,4,3,41.0112,185.688,0.563247
197,5,1,49.0737,130.99,0.494522
197,6,2,14.5008,161.12,0.810508
197,7,1,24.4401,250.442,0.719041
197,8,3,43.9484,103.349,0.566401
197,9,1,25.0713,132.785,0.716301
197,10,1,20.1395,213.191,0.758466
197,11,1,20.5266,245.07,0.758134
197,12,2,28.7659,106.987,0.668327
197,13,1,17.9934,169.978,0.777473
197,14,2,16.6721,319.459,0.790837
197,15,2,10.5705,163.955,0.847693
197,16,1,72.3692,88.534,0.245103
197,17,3,47.5841,199.531,0.4834
197,18,2,24.2297,150.966,0.717878
197,19,3,17.9934,293.866,0.78677
198,0,3,24.0193,194.56,0.724502
198,1,3,16.7647,161.586,0.796763
198,2,1,26.2916,182.054,0.701379
198,3,1,24.095,243.753,0.723264
198,4,3,41.4067,185.263,0.56363
198,5,1,49.3262,131.873,0.494673
198,6,2,14.526,161.176,0.810967
198,7,1,24.5411,250.074,0.718804
198,8,3,44.4617,102.504,0.563548
198,9,1,25.45,134.002,0.717483
198,10,1,20.2405,213.021,0.759187
198,11,1,20.636,244.597,0.758279
198,12,2,28.808,107.094,0.669832
198,13,1,18.0187,169.993,0.778016
198,14,2,16.7478,318.748,0.791808
198,15,2,10.6462,164.032,0.848377
198,16,1,72.4281,88.594,0.247997
198,17,2,47.5841,199.531,0.48592
198,18,2,24.297,150.902,0.717565
198,19,3,18.1533,292.846,0.786192
199,0,3,24.2044,194.165,0.724569
199,1,3,16.9414,161.772,0.796549
199,2,1,26.3505,182.027,0.70189
199,3,1,24.1287,243.659,0.723583
199,4,3,41.9622,183.318,0.564585
199,5,1,49.5534,132.742,0.494248
199,6,2,14.5765,161.283,0.811586
199,7,1,24.6336,249.763,0.719063
199,8,3,44.9835,101.573,0.560723
199,9,1,25.694,135.428,0.718406
199,10,1,20.3246,212.898,0.758998
199,11,1,20.7202,244.253,0.758012
199,12,2,28.8332,107.145,0.671241
199,13,1,18.0355,169.988,0.778554
199,14,2,16.7899,318.451,0.79244
199,15,2,10.6631,164.025,0.848973
199,16,1,72.5038,88.6805,0.250945
199,17,2,47.6261,199.519,0.488168
199,18,2,24.3054,150.911,0.717749
199,19,3,18.3721,291.212,0.785538
200,0,3,24.3475,194.007,0.724716
200,1,3,17.1097,161.961,0.796828
200,2,1,26.401,182.007,0.702232
200,3,1,24.1876,243.506,0.723898
200,4,3,42.484,181.372,0.564958
200,5,1,49.7638,133.634,0.493337
200,6,2,14.5765,161.283,0.81228
200,7,1,24.6589,249.68,0.718502
200,8,3,45.4548,100.806,0.557927
200,9,1,25.9044,136.84,0.718993
200,10,1,20.3499,212.838,0.759791
200,11,1,20.7539,244.198,0.758237
200,12,2,28.8416,107.172,0.672226
200,13,1,18.0439,169.995,0.779249
200,14,2,16.7983,318.374,0.792985
200,15,2,10.6883,164.112,0.849563
200,16,1,72.5628,88.7372,0.254027
200,17,2,47.6261,199.519,0.490639
200,18,2,24.3138,150.923,0.718093
200,19,3,18.6246,289.181,0.784727
201,0,3,24.5579,193.759,0.725431
201,1,3,17.2107,161.877,0.796697
201,2,1,26.4178,181.987,0.702489
201,3,1,24.1876,243.506,0.724292
201,4,3,42.9889,179.528,0.565897
201,5,1,49.8311,134.253,0.492353
201,6,2,14.6102,161.307,0.813049
201,7,1,24.6589,249.68,0.718923
201,8,3,45.7746,101.639,0.555158
201,9,1,26.1653,138.546,0.720225
201,10,1,20.3836,212.766,0.760739
201,11,1,20.7539,244.198,0.758705
201,12,2,28.8669,107.229,0.673772
201,13,1,18.0439,169.995,0.779938
201,14,2,16.8236,318.118,0.793362
201,15,2,10.6967,164.105,0.850146
201,16,1,72.5628,88.7372,0.256915
201,17,2,47.6346,199.52,0.492922
201,18,2,24.3138,150.923,0.718842
201,19,3,18.7929,287.936,0.784657
202,0,3,24.7094,193.58,0.72533
202,1,3,17.3454,162.002,0.796325
202,2,1,26.4347,181.987,0.70242
202,3,1,24.196,243.469,0.724116
202,4,3,43.5107,177.698,0.566097
202,5,2,49.8985,135.074,0.491621
202,6,2,14.627,161.285,0.813649
202,7,1,24.6757,249.616,0.719501
202,8,3,46.0608,102.616,0.552416
202,9,1,26.4767,140.194,0.721525
202,10,1,20.4004,212.717,0.761758
202,11,1,20.7707,244.112,0.75852
202,12,2,28.8753,107.262,0.67514
202,13,1,18.0439,169.995,0.780458
202,14,2,16.832,318.026,0.793734
202,15,2,10.7136,164.122,0.850644
202,16,1,72.5964,88.789,0.259613
202,17,2,47.6346,199.52,0.495345
202,18,2,24.3391,150.966,0.719582
202,19,3,19.037,286.223,0.784101
203,0,3,24.8609,193.502,0.725149
203,1,3,17.5642,162.047,0.795634
203,2,1,26.4683,181.948,0.702513
203,3,1,24.2297,243.336,0.724102
203,4,3,44.0157,175.951,0.566296
203,5,2,49.9069,135.072,0.48977
203,6,2,14.6438,161.294,0.814484
203,7,1,24.6841,249.571,0.719752
203,8,3,46.3048,102.993,0.549702
203,9,1,26.7545,141.404,0.722894
203,10,1,20.4593,212.607,0.76156
203,11,1,20.8044,243.995,0.758176
203,12,2,28.8753,107.262,0.676655
203,13,1,18.0523,170.016,0.780329
203,14,2,16.8741,317.632,0.794667
203,15,2,10.7304,164.137,0.851297
203,16,1,72.6385,88.8274,0.261801
203,17,2,47.6682,199.503,0.497664
203,18,2,24.3559,150.965,0.72088
203,19,3,19.2221,284.989,0.782987
204,0,3,25.0124,193.252,0.725531
204,1,3,17.7241,162.031,0.795351
204,2,1,26.4767,181.951,0.703006
204,3,1,24.2465,243.291,0.724168
204,4,3,44.5291,174.224,0.567054
204,5,2,49.9153,135.082,0.489218
204,6,2,14.6523,161.321,0.81499
204,7,1,24.7094,249.48,0.72016
204,8,3,46.5236,103.198,0.547014
204,9,1,26.9228,142.495,0.723046
204,10,1,20.4677,212.607,0.761523
204,11,1,20.8212,243.962,0.758156
204,12,2,28.909,107.319,0.678236
204,13,1,18.0607,170.028,0.780762
204,14,2,16.8825,317.562,0.79519
204,15,2,10.7304,164.137,0.851543
204,16,1,72.6469,88.8426,0.264208
204,17,2,47.6766,199.498,0.499078
204,18,2,24.3812,150.967,0.721924
204,19,3,19.3484,284.128,0.782846
205,0,3,25.2312,192.881,0.725989
205,1,3,17.8924,161.976,0.79531
205,2,1,26.502,181.92,0.703973
205,3,1,24.297,243.141,0.724872
205,4,3,45.0508,172.508,0.566449
205,5,2,49.9237,135.087,0.489869
205,6,2,14.6691,161.315,0.815412
205,7,1,24.743,249.381,0.720804
205,8,3,46.7172,103.398,0.544352
205,9,1,27.3268,143.588,0.720724
205,10,1,20.5014,212.554,0.762205
205,11,1,20.838,243.901,0.758695
205,12,2,28.909,107.319,0.679563
205,13,1,18.0776,170.035,0.781429
205,14,2,16.8993,317.384,0.795788
205,15,2,10.7556,164.095,0.851867
205,16,1,72.6637,88.8531,0.266991
205,17,2,47.6851,199.503,0.500479
205,18,2,24.3812,150.967,0.723038
205,19,3,19.584,282.598,0.783264
206,0,3,25.3742,192.583,0.726998
206,1,3,18.0355,161.978,0.795666
206,2,1,26.5356,181.922,0.704612
206,3,1,24.3559,242.941,0.72557
206,4,3,45.5642,170.865,0.566643
206,5,2,49.9237,135.087,0.490117
206,6,2,14.6775,161.315,0.815591
206,7,1,24.8104,249.147,0.721442
206,8,3,46.936,103.619,0.541716
206,9,1,27.7307,144.521,0.718584
206,10,1,20.5687,212.373,0.762245
206,11,1,20.8885,243.719,0.758911
206,12,2,28.909,107.319,0.680797
206,13,1,18.0944,170.034,0.782091
206,14,2,16.9246,317.141,0.795348
206,15,2,10.7641,164.121,0.852505
206,16,1,72.7058,88.8882,0.269826
206,17,2,47.7103,199.495,0.502739
206,18,1,24.4064,150.975,0.724061
206,19,3,19.8449,280.81,0.783282
207,0,3,25.5005,192.438,0.727287
207,1,3,18.1028,162.013,0.795149
207,2,1,26.5861,181.934,0.705483
207,3,1,24.398,242.788,0.726181
207,4,3,46.0271,169.475,0.566203
207,5,2,49.9742,135.106,0.490441
207,6,2,14.7028,161.295,0.81569
207,7,1,24.8861,248.913,0.722152
207,8,3,47.0454,103.782,0.539106
207,9,1,28.1094,145.469,0.715674
207,10,1,20.6192,212.265,0.762443
207,11,1,20.9138,243.612,0.758967
207,12,2,28.9342,107.374,0.681782
207,13,1,18.1196,170.027,0.782746
207,14,2,16.933,317.065,0.795228
207,15,2,10.7809,164.144,0.852267
207,16,1,72.7816,88.9535,0.272397
207,17,2,47.7524,199.459,0.505135
207,18,1,24.4569,150.996,0.724206
207,19,3,20.0048,279.808,0.782667
208,0,3,25.5846,192.296,0.727494
208,1,3,18.1617,162.022,0.795031
208,2,1,26.6619,181.842,0.706345
208,3,1,24.4401,242.64,0.726865
208,4,3,46.5321,168.221,0.564667
208,5,2,50.0331,135.157,0.490447
208,6,2,14.7448,161.279,0.816338
208,7,1,24.9282,248.775,0.722462
208,8,3,47.1885,103.969,0.53652
208,9,1,28.4713,146.779,0.713735
208,10,1,20.7034,211.987,0.762953
208,11,1,20.9474,243.507,0.759179
208,12,2,28.9595,107.412,0.682758
208,13,1,18.1365,170.03,0.783709
208,14,2,17.0087,316.321,0.795424
208,15,2,10.8061,164.171,0.852583
208,16,1,72.79,88.9644,0.275336
208,17,2,47.7776,199.444,0.507351
208,18,1,24.4653,151.004,0.725057
208,19,3,20.1142,279.233,0.782137
209,0,3,25.7109,192.118,0.727152
209,1,2,18.2206,162.041,0.794366
209,2,1,26.7545,181.8,0.707199
209,3,1,24.5242,242.363,0.7277
209,4,3,47.0454,166.791,0.561972
209,5,2,50.0836,135.194,0.490845
209,6,2,14.8037,161.264,0.816745
209,7,1,24.9955,248.559,0.723161
209,8,3,47.4494,104.141,0.533959
209,9,1,28.7827,148.006,0.712833
209,10,1,20.7539,211.901,0.763302
209,11,1,21.0063,243.26,0.759546
209,12,2,29.0436,107.574,0.684194
209,13,1,18.187,170.036,0.784585
209,14,2,17.1518,315.021,0.796166
209,15,2,10.8566,164.205,0.853052
209,16,1,72.8152,88.9806,0.278169
209,17,2,47.845,199.412,0.509468
209,18,1,24.6,151.02,0.726291
209,19,3,20.3583,277.867,0.780829
210,0,3,25.8371,191.957,0.72689
210,1,2,18.2627,162.077,0.794019
210,2,1,26.8218,181.797,0.7082
210,3,1,24.6336,242.055,0.728682
210,4,3,47.5588,165.207,0.559302
210,5,2,50.1173,135.235,0.491628
210,6,2,14.9132,161.311,0.81746
210,7,1,25.1133,248.228,0.724321
210,8,3,47.7019,104.389,0.531423
210,9,1,29.0436,148.833,0.712172
210,10,1,20.8296,211.698,0.764037
210,11,1,21.0737,242.958,0.760455
210,12,2,29.1109,107.703,0.685616
210,13,1,18.2038,170.043,0.785531
210,14,2,17.2276,314.292,0.797056
210,15,2,10.8987,164.32,0.853594
210,16,1,72.8489,89.0119,0.281053
210,17,2,47.9039,199.366,0.511798
210,18,1,24.6925,151.051,0.727513
210,19,3,20.6781,275.416,0.779924
211,0,3,25.9381,191.853,0.726322
211,1,2,18.33,162.138,0.794063
211,2,1,26.8639,181.775,0.709347
211,3,1,24.6673,241.918,0.729964
211,4,3,48.0722,163.66,0.556658
211,5,2,50.1594,135.259,0.493179
211,6,2,15.0057,161.365,0.818168
211,7,1,25.1554,248.061,0.725624
211,8,3,47.9544,104.751,0.530383
211,9,1,29.254,150.085,0.710975
211,10,1,20.8969,211.491,0.76492
211,11,1,21.0905,242.927,0.761587
211,12,2,29.1699,107.804,0.686793
211,13,1,18.2627,169.938,0.786545
211,14,2,17.2949,313.672,0.797783
211,15,2,10.9492,164.311,0.854209
211,16,1,72.891,89.0536,0.284375
211,17,2,47.9544,199.33,0.514029
211,18,1,24.7851,151.055,0.728724
211,19,3,20.8548,274.431,0.779182
212,0,3,26.0728,191.827,0.726298
212,1,2,18.4647,162.103,0.793489
212,2,1,26.9144,181.727,0.710638
212,3,1,24.7599,241.633,0.731158
212,4,3,48.5856,162.149,0.554038
212,5,2,50.2099,135.291,0.495487
212,6,2,15.0478,161.405,0.818792
212,7,1,25.2059,247.906,0.726761
212,8,3,48.1984,104.982,0.530047
212,9,1,29.3971,150.84,0.709481
212,10,1,20.9811,211.244,0.765795
212,11,1,21.0905,242.927,0.762555
212,12,2,29.2624,107.967,0.688267
212,13,1,18.288,169.925,0.787472
212,14,2,17.4043,312.77,0.798581
212,15,2,11.0334,164.318,0.854663
212,16,1,72.9078,89.0649,0.287433
212,17,2,48.0301,199.268,0.516161
212,18,1,24.8356,151.068,0.729769
212,19,3,21.1326,272.904,0.778138
213,0,2,26.1233,191.797,0.726198
213,1,2,18.5236,162.164,0.792537
213,2,1,26.9985,181.706,0.711609
213,3,1,24.8188,241.424,0.73211
213,4,3,49.0989,160.66,0.551443
213,5,2,50.3193,135.355,0.49785
213,6,2,15.1151,161.463,0.819564
213,7,1,25.248,247.748,0.727964
213,8,3,48.4846,105.304,0.530482
213,9,1,29.6075,151.513,0.708692
213,10,1,21.04,211.096,0.766508
213,11,2,21.1915,242.373,0.76336
213,12,2,29.4055,108.271,0.689727
213,13,1,18.3385,169.907,0.788467
213,14,2,17.4969,312.026,0.799217
213,15,2,11.0839,164.376,0.855267
213,16,1,73.0677,89.1707,0.290464
213,17,2,48.1143,199.192,0.518274
213,18,1,24.8945,151.137,0.730958
213,19,3,21.3598,271.633,0.777488
214,0,2,26.1822,191.753,0.726099
214,1,2,18.5741,162.219,0.791976
214,2,1,27.0574,181.69,0.712954
214,3,1,24.8188,241.424,0.732977
214,4,3,49.6123,159.191,0.548873
214,5,2,50.3698,135.363,0.500115
214,6,2,15.1488,161.433,0.820252
214,7,1,25.2985,247.617,0.728926
214,8,3,48.6781,105.543,0.530684
214,9,1,29.8263,152.052,0.70791
214,10,1,21.0652,211.014,0.76752
214,11,2,21.3851,243.715,0.76431
214,12,2,29.4476,108.402,0.690867
214,13,1,18.3553,169.883,0.789377
214,14,2,17.581,311.208,0.8
214,15,2,11.1428,164.308,0.855942
214,16,1,73.3875,89.8673,0.293619
214,17,2,48.1984,199.118,0.520367
214,18,1,24.9534,151.14,0.731983
214,19,3,21.5702,270.521,0.777302
215,0,2,26.2243,191.696,0.725316
215,1,2,18.5909,162.223,0.791496
215,2,1,27.0995,181.675,0.713981
215,3,1,24.8356,241.383,0.733835
215,4,3,50.1257,157.751,0.546326
215,5,2,50.4203,135.38,0.502358
215,6,2,15.1909,161.398,0.82101
215,7,1,25.3069,247.589,0.72988
215,8,3,48.8212,105.734,0.531036
215,9,1,29.961,152.691,0.705842
215,10,1,21.0737,211.008,0.768295
215,11,2,21.5702,245.402,0.7651
215,12,2,29.5317,108.565,0.692302
215,13,1,18.389,169.924,0.790202
215,14,2,17.6315,310.728,0.800852
215,15,2,11.168,164.3,0.856382
215,16,1,73.6989,90.6138,0.296668
215,17,2,48.2321,199.085,0.522592
215,18,1,24.9955,151.164,0.733227
215,19,3,21.7133,269.863,0.775977
216,0,2,26.2411,191.67,0.725373
216,1,2,18.6583,162.3,0.791399
216,2,1,27.1668,181.684,0.715075
216,3,1,24.8945,241.196,0.734686
216,4,3,50.6391,156.353,0.543803
216,5,2,50.5297,135.441,0.504657
216,6,2,15.2498,161.361,0.821685
216,7,1,25.3322,247.491,0.730446
216,8,3,48.998,105.953,0.531461
216,9,1,30.3565,153.751,0.703566
216,10,1,21.1831,210.764,0.768759
216,11,2,21.7806,246.845,0.765806
216,12,2,29.6412,108.785,0.693723
216,13,1,18.431,169.937,0.79102
216,14,2,17.6904,310.161,0.801545
216,15,2,11.2606,164.355,0.856894
216,16,1,74.044,91.3195,0.299538
216,17,2,48.2742,199.058,0.524267
216,18,1,25.0965,151.231,0.734232
216,19,3,21.9153,268.713,0.775044
217,0,2,26.3,191.621,0.72545
217,1,2,18.7761,162.307,0.79162
217,2,1,27.1837,181.669,0.715804
217,3,1,24.945,241.025,0.735474
217,4,3,51.1524,154.997,0.541412
217,5,2,50.6307,135.501,0.506293
217,6,2,15.2835,161.353,0.822142
217,7,1,25.4332,247.1,0.731027
217,8,3,49.1663,106.105,0.532369
217,9,1,30.6258,154.843,0.70156
217,10,1,21.2336,210.627,0.769312
217,11,2,22.0415,247.765,0.766523
217,12,2,29.7506,108.948,0.694853
217,13,1,18.49,169.958,0.791695
217,14,2,17.7746,309.438,0.802246
217,15,2,11.3279,164.41,0.857261
217,16,1,74.3133,91.9289,0.302133
217,17,2,48.3078,199.03,0.526264
217,18,1,25.1723,151.251,0.734946
217,19,3,22.1172,267.808,0.774663
218,0,2,26.3842,191.489,0.726107
218,1,2,18.8434,162.322,0.792273
218,2,1,27.2678,181.63,0.716354
218,3,1,24.9955,240.87,0.736159
218,4,3,51.6658,153.634,0.539235
218,5,2,50.698,135.551,0.508177
218,6,2,15.3424,161.345,0.822731
218,7,1,25.5173,246.766,0.731883
218,8,3,49.3346,106.278,0.533533
218,9,1,30.9288,156.02,0.700075
218,10,1,21.2841,210.514,0.769542
218,11,2,22.3276,248.367,0.767292
218,12,2,29.8516,109.093,0.695874
218,13,1,18.5068,169.956,0.792498
218,14,2,17.8335,308.959,0.802326
218,15,2,11.3868,164.348,0.857764
218,16,1,74.6752,92.7489,0.305251
218,17,2,48.3668,198.986,0.528282
218,18,1,25.2312,151.315,0.736084
218,19,3,22.3192,266.769,0.774644
219,0,2,26.4599,191.365,0.72601
219,1,2,18.8855,162.294,0.792547
219,2,1,27.3436,181.583,0.716974
219,3,1,25.0376,240.761,0.736614
219,4,3,52.1792,152.309,0.536853
219,5,2,50.7569,135.611,0.50982
219,6,2,15.4181,161.353,0.822717
219,7,1,25.5762,246.558,0.732358
219,8,3,49.4945,106.517,0.532821
219,9,1,31.3328,157.013,0.69823
219,10,1,21.3598,210.305,0.770144
219,11,2,22.5465,249.335,0.767904
219,12,2,29.9357,109.235,0.696587
219,13,1,18.5068,169.956,0.792995
219,14,2,17.8588,308.757,0.802031
219,15,2,11.4878,164.121,0.857964
219,16,1,75.0202,93.4074,0.308267
219,17,2,48.4172,198.964,0.529759
219,18,1,25.3237,151.328,0.735867
219,19,3,22.5044,265.807,0.773281
220,0,2,26.4936,191.316,0.726286
220,1,2,18.9108,162.31,0.793116
220,2,1,27.453,181.54,0.717588
220,3,1,25.0628,240.686,0.736991
220,4,3,52.701,150.99,0.534419
220,5,2,50.7906,135.644,0.511894
220,6,2,15.4518,161.278,0.822703
220,7,1,25.6351,246.415,0.732679
220,8,3,49.5702,106.622,0.532783
220,9,1,31.7536,157.591,0.697666
220,10,1,21.3851,210.25,0.770517
220,11,2,22.698,250.953,0.768287
220,12,2,30.0115,109.361,0.697368
220,13,2,18.5404,169.916,0.793711
220,14,2,17.9092,308.354,0.80226
220,15,2,11.5299,164.104,0.858162
220,16,1,75.3989,94.0414,0.311032
220,17,2,48.4425,198.959,0.531371
220,18,1,25.3574,151.356,0.736322
220,19,3,22.597,265.394,0.771632
221,0,2,26.5356,191.295,0.726486
221,1,2,18.9192,162.318,0.793384
221,2,1,27.4614,181.547,0.718493
221,3,1,25.0713,240.66,0.737808
221,4,3,53.206,149.738,0.532006
221,5,2,50.8326,135.674,0.513654
221,6,2,15.4602,161.275,0.822837
221,7,1,25.6772,246.295,0.73359
221,8,3,49.6039,106.664,0.532746
221,9,1,32.1491,158.272,0.69718
221,10,1,21.3935,210.224,0.771035
221,11,2,22.8242,253.183,0.769333
221,12,2,30.0283,109.396,0.698291
221,13,2,18.5741,169.915,0.794124
221,14,2,17.9261,308.213,0.80256
221,15,2,11.5636,164.073,0.858359
221,16,1,75.6683,94.7206,0.313772
221,17,2,48.4762,198.938,0.53282
221,18,1,25.3742,151.386,0.736846
221,19,3,22.6222,265.292,0.771035
222,0,2,26.5693,191.29,0.726757
222,1,2,18.9612,162.297,0.793281
222,2,1,27.4698,181.529,0.719316
222,3,1,25.0881,240.609,0.738176
222,4,3,53.7277,148.459,0.529615
222,5,2,50.9,135.721,0.515397
222,6,2,15.4939,161.287,0.823191
222,7,1,25.6856,246.278,0.734345
222,8,3,49.6292,106.692,0.532562
222,9,1,32.5278,158.969,0.697436
222,10,1,21.4187,210.165,0.77118
222,11,2,22.9168,255.076,0.77037
222,12,2,30.062,109.436,0.698762
222,13,2,18.5994,169.9,0.794755
222,14,2,17.9429,308.109,0.802416
222,15,2,11.5972,164.019,0.858332
222,16,1,75.9544,95.4516,0.316782
222,17,2,48.5098,198.938,0.534404
222,18,1,25.3911,151.37,0.737513
222,19,3,22.6895,264.956,0.769559
223,0,2,26.5777,191.268,0.727466
223,1,2,18.9949,162.267,0.793766
223,2,1,27.4698,181.529,0.719912
223,3,1,25.0965,240.59,0.738907
223,4,3,54.2327,147.254,0.527246
223,5,2,50.9252,135.738,0.516612
223,6,2,15.5444,161.318,0.823396
223,7,1,25.694,246.261,0.735094
223,8,3,49.6376,106.706,0.53238
223,9,1,32.8056,159.657,0.696663
223,10,1,21.4524,210.085,0.771837
223,11,2,22.9925,257.325,0.769857
223,12,2,30.0872,109.496,0.698863
223,13,2,18.6246,169.866,0.795306
223,14,2,17.9934,307.683,0.802567
223,15,2,11.6562,164.028,0.858526
223,16,1,76.2153,96.171,0.317712
223,17,2,48.5267,198.934,0.53568
223,18,1,25.4332,151.412,0.738247
223,19,3,22.7064,264.905,0.76883
224,0,2,26.6114,191.217,0.728242
224,1,2,18.9949,162.267,0.794246
224,2,1,27.5203,181.495,0.720575
224,3,2,25.0965,240.59,0.739997
224,4,3,54.7461,146.086,0.524898
224,5,2,50.9505,135.755,0.5184
224,6,2,15.5612,161.298,0.82389
224,7,1,25.753,246.129,0.735835
224,8,3,49.7049,106.813,0.53271
224,9,1,33.3947,159.065,0.696481
224,10,1,21.4776,210.047,0.772634
224,11,2,22.9925,257.325,0.769203
224,12,2,30.1124,109.542,0.699766
224,13,2,18.6414,169.883,0.796072
224,14,2,18.0018,307.629,0.802862
224,15,2,11.6562,164.028,0.858718
224,16,1,76.5772,96.8265,0.318049
224,17,2,48.5267,198.934,0.537237
224,18,1,25.4752,151.454,0.738902
224,19,3,22.7905,264.607,0.768034
225,0,2,26.6198,191.216,0.729083
225,1,2,18.9949,162.267,0.794795
225,2,1,27.5456,181.479,0.721451
225,3,2,25.1302,240.608,0.741077
225,4,3,55.2595,144.955,0.52257
225,5,2,50.9673,135.799,0.519881
225,6,2,15.5696,161.337,0.824235
225,7,1,25.7698,246.104,0.737007
225,8,3,49.7386,106.854,0.533619
225,9,1,33.8996,157.053,0.696082
225,10,1,21.5029,209.991,0.77357
225,11,2,22.9925,257.325,0.768554
225,12,2,30.1124,109.542,0.700443
225,13,2,18.6414,169.883,0.796685
225,14,2,18.0018,307.629,0.8033
225,15,2,11.6562,164.028,0.859126
225,16,1,76.9391,97.4399,0.318383
225,17,2,48.5267,198.934,0.538998
225,18,1,25.5005,151.503,0.739696
225,19,3,22.8074,264.527,0.767827
226,0,2,26.6198,191.216,0.730062
226,1,2,18.9949,162.267,0.795195
226,2,1,27.5624,181.489,0.722174
226,3,2,25.1386,240.614,0.741569
226,4,3,55.7728,143.852,0.520263
226,5,2,50.9673,135.799,0.521132
226,6,2,15.578,161.419,0.824577
226,7,1,25.8287,245.926,0.737806
226,8,3,49.7386,106.854,0.534158
226,9,1,34.413,155.12,0.694457
226,10,1,21.5281,209.955,0.773556
226,11,2,22.9925,257.325,0.767767
226,12,2,30.1209,109.605,0.700536
226,13,2,18.6414,169.883,0.797293
226,14,2,18.0271,307.636,0.80359
226,15,2,11.6646,164.136,0.858807
226,16,1,77.2757,98.0388,0.318425
226,17,2,48.5603,198.997,0.540599
226,18,1,25.5594,151.565,0.739832
226,19,3,22.8158,264.508,0.766898
227,0,2,26.6703,191.356,0.730816
227,1,2,19.0202,162.443,0.795302
227,2,1,27.6297,181.463,0.723251
227,3,2,25.1723,240.673,0.742417
227,4,3,56.2862,142.775,0.517977
227,5,2,51.001,135.936,0.522516
227,6,2,15.6201,161.737,0.825204
227,7,1,25.9297,245.627,0.738238
227,8,3,49.7554,106.874,0.534837
227,9,1,34.9264,153.251,0.69335
227,10,1,21.6039,209.814,0.774263
227,11,2,22.9925,257.325,0.766554
227,12,2,30.1882,110.015,0.701203
227,13,2,18.7088,170.309,0.797752
227,14,2,18.0607,307.592,0.80366
227,15,2,11.7151,164.562,0.858996
227,16,1,77.5114,98.7532,0.318971
227,17,2,48.6276,199.109,0.54233
227,18,1,25.6688,151.589,0.740543
227,19,3,22.8494,264.368,0.766194
228,0,2,26.7292,191.5,0.731205
228,1,2,19.0875,162.763,0.795552
228,2,1,27.7139,181.43,0.723816
228,3,2,25.2732,240.773,0.743113
228,4,3,56.7996,141.709,0.51571
228,5,2,51.0767,136.134,0.52396
228,6,2,15.6622,162.018,0.825251
228,7,1,26.0812,245.098,0.738594
228,8,3,49.7806,106.907,0.535294
228,9,1,35.4314,151.564,0.691535
228,10,1,21.6964,209.656,0.774677
228,11,2,22.9925,257.325,0.765208
228,12,2,30.2808,110.495,0.70165
228,13,2,18.8098,170.65,0.798494
228,14,2,18.1281,307.547,0.804232
228,15,2,11.7908,165.28,0.85911
228,16,1,77.7302,99.5148,0.319154
228,17,2,48.7202,199.264,0.543759
228,18,1,25.7445,151.607,0.741105
228,19,3,22.8999,264.159,0.765495
229,0,2,26.906,191.674,0.731805
229,1,2,19.1464,163.032,0.796086
229,2,1,27.8065,181.36,0.724163
229,3,2,25.4079,240.464,0.743947
229,4,3,57.2877,140.906,0.513463
229,5,2,51.1693,136.301,0.525605
229,6,2,15.7127,162.433,0.825512
229,7,1,26.1738,244.823,0.739161
229,8,3,49.7806,106.907,0.536319
229,9,1,35.9195,150.056,0.689736
229,10,1,21.8059,209.549,0.775159
229,11,2,22.9925,257.325,0.764374
229,12,2,30.3986,110.887,0.702164
229,13,2,18.9612,170.835,0.799371
229,14,2,18.2206,307.257,0.8048
229,15,2,11.875,165.957,0.858867
229,16,1,77.949,100.267,0.319049
229,17,2,48.796,199.318,0.545461
229,18,1,25.8035,151.623,0.741518
229,19,3,22.942,263.987,0.76516
230,0,2,27.1164,191.361,0.732755
230,1,2,19.34,163.26,0.796828
230,2,1,27.9411,181.21,0.724577
230,3,2,25.6183,239.605,0.744773
230,4,3,57.7169,140.205,0.511236
230,5,2,51.4218,136.347,0.52745
230,6,2,15.9652,162.435,0.826056
230,7,1,26.3084,244.326,0.739866
230,8,3,49.8311,106.983,0.53769
230,9,1,36.3487,148.795,0.687527
230,10,1,21.8648,209.41,0.775921
230,11,2,23.0009,260.005,0.764116
230,12,2,30.6679,111.192,0.703029
230,13,2,19.1716,170.665,0.799886
230,14,2,18.4142,305.837,0.805149
230,15,2,12.1695,166.019,0.859124
230,16,1,78.1846,101.008,0.318802
230,17,2,49.0737,199.056,0.547291
230,18,1,25.9465,151.708,0.742284
230,19,3,23.043,263.525,0.765609
231,0,2,27.3857,190.975,0.733555
231,1,2,19.6345,162.691,0.797635
231,2,1,28.1179,181.125,0.725766
231,3,2,25.8876,238.552,0.745805
231,4,3,58.2051,139.613,0.509028
231,5,2,51.7079,136.381,0.529066
231,6,2,16.285,162.115,0.826737
231,7,1,26.502,243.635,0.740777
231,8,3,49.8648,107.028,0.539333
231,9,1,36.8452,147.844,0.685619
231,10,1,22.0247,209.11,0.776818
231,11,2,23.0009,260.005,0.764073
231,12,2,31.0045,111.426,0.7041
231,13,2,19.4073,170.281,0.800467
231,14,2,18.7845,302.1,0.805919
231,15,2,12.4304,165.52,0.85952
231,16,1,78.4708,101.719,0.319479
231,17,2,49.3935,198.663,0.548892
231,18,1,26.1738,151.837,0.743326
231,19,3,23.1608,263.067,0.76648
232,0,2,27.7476,190.372,0.734419
232,1,2,19.9543,162.273,0.798082
232,2,1,28.3451,180.996,0.726875
232,3,2,26.2916,236.539,0.746757
232,4,3,58.7437,138.706,0.506839
232,5,2,52.0193,136.345,0.530598
232,6,2,16.5964,161.429,0.8272
232,7,1,26.6787,243.126,0.741822
232,8,2,50.1341,107.201,0.541244
232,9,1,37.325,146.374,0.683869
232,10,1,22.2603,208.6,0.777425
232,11,2,23.0009,260.005,0.764312
232,12,2,31.2823,111.761,0.705161
232,13,2,19.7608,169.52,0.801114
232,14,2,19.1969,297.244,0.806613
232,15,2,12.725,164.931,0.859772
232,16,1,78.7401,102.4,0.320008
232,17,2,49.6544,198.413,0.55062
232,18,1,26.3421,151.925,0.744148
232,19,3,23.3207,262.411,0.76685
233,0,2,28,189.981,0.735416
233,1,2,20.1563,162.287,0.798736
233,2,1,28.4797,180.936,0.727975
233,3,2,26.502,235.687,0.747841
233,4,3,59.1813,138.224,0.504668
233,5,2,52.2549,136.338,0.532397
233,6,2,16.8909,161.186,0.827518
233,7,1,26.847,242.781,0.742787
233,8,2,50.3277,107.388,0.543138
233,9,1,37.8636,144.812,0.682485
233,10,1,22.4286,208.354,0.778238
233,11,2,23.0009,260.005,0.765321
233,12,2,31.5011,112.072,0.706143
233,13,2,20.0132,169.351,0.801825
233,14,2,19.4157,295.468,0.80709
233,15,2,13.0532,163.954,0.859951
233,16,1,78.9842,103.083,0.320744
233,17,2,49.9405,198.076,0.552404
233,18,1,26.5188,152.005,0.745033
233,19,3,23.5564,261.569,0.767568
234,0,2,28.3283,189.609,0.736265
234,1,2,20.4088,162.118,0.799595
234,2,1,28.5555,180.901,0.728785
234,3,2,26.7629,234.757,0.748847
234,4,3,59.7199,137.291,0.502516
234,5,2,52.4401,136.364,0.534181
234,6,2,17.1771,160.912,0.828114
234,7,1,27.0322,242.181,0.743394
234,8,2,50.5802,107.461,0.544457
234,9,1,38.2423,143.941,0.679925
234,10,1,22.5885,208.015,0.778904
234,11,2,23.0009,260.005,0.766322
234,12,2,31.7199,112.364,0.707256
234,13,2,20.3078,168.659,0.80253
234,14,2,19.7103,293.198,0.807843
234,15,2,13.3309,163.326,0.860548
234,16,1,79.2282,103.784,0.320635
234,17,2,50.2267,197.75,0.554313
234,18,1,26.7208,152.008,0.745701
234,19,3,23.7415,260.755,0.768069
235,0,2,28.6144,189.123,0.737384
235,1,2,20.7454,161.549,0.800445
235,2,1,28.5976,180.874,0.729728
235,3,2,26.9985,234.04,0.749704
235,4,3,60.2333,136.384,0.500383
235,5,2,52.6252,136.356,0.53602
235,6,2,17.5137,160.41,0.828705
235,7,1,27.0995,241.983,0.744275
235,8,2,50.8579,107.697,0.546182
235,9,1,38.5032,144.026,0.677038
235,10,1,22.6306,207.975,0.779634
235,11,2,23.0009,260.005,0.767314
235,12,2,32.006,112.478,0.708499
235,13,2,20.5098,168.29,0.803369
235,14,2,20.0469,290.747,0.808589
235,15,2,13.6003,162.601,0.861071
235,16,1,79.4555,104.519,0.320596
235,17,2,50.4539,197.55,0.556066
235,18,1,26.7797,152.052,0.746642
235,19,3,23.8509,260.319,0.768915
236,0,2,28.8248,188.763,0.738287
236,1,2,20.9474,161.52,0.80122
236,2,1,28.606,180.859,0.730663
236,3,2,27.2089,233.422,0.750693
236,4,3,60.7551,135.447,0.498267
236,5,2,52.8609,136.487,0.537982
236,6,2,17.6652,160.418,0.829429
236,7,1,27.0995,241.983,0.74501
236,8,2,51.043,107.862,0.548101
236,9,1,38.6463,144.064,0.674175
236,10,1,22.639,207.981,0.780288
236,11,2,23.0598,263.441,0.768298
236,12,2,32.2669,112.666,0.709662
236,13,2,20.7875,167.978,0.8042
236,14,2,20.291,289.019,0.80919
236,15,2,13.7433,162.444,0.861658
236,16,1,79.6069,105.159,0.320627
236,17,2,50.7232,197.355,0.557735
236,18,1,26.7881,152.054,0.747089
236,19,3,23.8846,260.135,0.769753
237,0,2,28.9931,188.546,0.739112
237,1,2,21.1747,161.237,0.801643
237,2,1,28.6396,180.879,0.731313
237,3,2,27.4025,232.807,0.75126
237,4,3,61.2601,134.555,0.49617
237,5,2,52.9871,136.58,0.539375
237,6,2,17.9345,160.247,0.829733
237,7,1,27.1079,241.947,0.745117
237,8,2,51.2534,108.017,0.549796
237,9,1,38.7388,144.118,0.671337
237,10,1,22.6559,207.962,0.780454
237,11,2,23.1524,266.002,0.769273
237,12,2,32.4437,112.966,0.709987
237,13,2,21.0148,167.846,0.804403
237,14,2,20.493,287.45,0.809649
237,15,2,13.9706,161.937,0.861688
237,16,1,79.7079,105.981,0.321623
237,17,2,50.8663,197.262,0.558907
237,18,1,26.7965,152.047,0.747395
237,19,3,23.9267,259.916,0.770516
238,0,2,29.1783,188.383,0.73945
238,1,2,21.3851,161.155,0.802062
238,2,1,28.6986,180.815,0.731684
238,3,2,27.5287,232.532,0.751546
238,4,3,61.7734,133.684,0.494089
238,5,2,53.0124,136.612,0.540893
238,6,2,18.0776,160.16,0.829897
238,7,1,27.1668,241.792,0.744811
238,8,2,51.3881,108.115,0.551546
238,9,1,38.9913,144.103,0.668591
238,10,1,22.7064,207.855,0.780825
238,11,2,23.2534,268.491,0.770241
238,12,2,32.6962,113.349,0.710722
238,13,2,21.2504,167.479,0.804192
238,14,2,20.6613,286.305,0.809759
238,15,2,14.1305,162.02,0.861649
238,16,1,79.851,106.945,0.32268
238,17,2,51.0599,197.065,0.559931
238,18,1,26.8639,152.102,0.747766
238,19,3,23.9604,259.74,0.771065
239,0,2,29.3045,188.234,0.739101
239,1,2,21.5113,161.13,0.802067
239,2,1,28.7322,180.797,0.731983
239,3,2,27.6886,232.144,0.75142
239,4,3,62.1353,133.461,0.492232
239,5,2,53.105,136.662,0.541852
239,6,2,18.2543,160.11,0.830333
239,7,1,27.2089,241.696,0.74526
239,8,2,51.548,108.259,0.553419
239,9,1,39.2775,144.199,0.666005
239,10,1,22.7484,207.828,0.780918
239,11,2,23.346,270.702,0.7712
239,12,2,32.8981,113.52,0.710971
239,13,2,21.4187,167.387,0.803915
239,14,2,20.8128,285.338,0.809869
239,15,2,14.1978,161.955,0.861406
239,16,1,79.9857,107.731,0.323729
239,17,2,51.1524,197.009,0.561153
239,18,1,26.9144,152.133,0.748272
239,19,3,23.9856,259.615,0.771542
240,0,2,29.456,188.049,0.738413
240,1,2,21.6964,161.164,0.801595
240,2,1,28.7911,180.752,0.731938
240,3,2,27.8738,231.47,0.750682
240,4,3,62.6066,133.322,0.490458
240,5,2,53.2901,136.678,0.54178
240,6,2,18.4226,159.918,0.828653
240,7,1,27.2847,241.506,0.745093
240,8,2,51.7247,108.371,0.554798
240,9,1,39.6983,143.691,0.663577
240,10,1,22.7737,207.809,0.781011
240,11,2,23.4301,273.165,0.772151
240,12,2,33.0749,113.697,0.709787
240,13,2,21.5113,167.354,0.802958
240,14,2,20.9643,284.386,0.808888
240,15,2,14.3156,161.919,0.859597
240,16,1,80.1119,108.576,0.324564
240,17,2,51.1861,197.01,0.560523
240,18,1,26.9733,152.152,0.748228
240,19,3,24.0193,259.45,0.771606
241,0,2,29.6075,187.876,0.737324
241,1,2,21.8227,161.199,0.799701
241,2,1,28.8332,180.752,0.731691
241,3,2,28.0758,230.756,0.749542
241,4,3,63.0779,132.626,0.488767
241,5,2,53.4753,136.743,0.541302
241,6,2,18.7004,159.787,0.826987
241,7,1,27.3857,241.266,0.744655
241,8,2,51.8846,108.525,0.556438
241,9,1,40.077,143.308,0.661305
241,10,1,22.8494,207.698,0.780629
241,11,2,23.5311,275.915,0.773094
241,12,2,33.2264,113.854,0.708342
241,13,2,21.6964,167.206,0.801738
241,14,2,21.1326,283.283,0.806557
241,15,2,14.5344,161.677,0.858006
241,16,1,80.2886,109.476,0.32512
241,17,3,51.1861,197.01,0.560239
241,18,1,27.0659,152.236,0.74737
241,19,3,24.1203,258.94,0.771465
242,0,2,29.8011,187.639,0.735568
242,1,2,21.9489,161.105,0.798229
242,2,1,28.8669,180.762,0.730972
242,3,2,28.2441,230.268,0.747465
242,4,3,63.4735,132.307,0.486819
242,5,2,53.6436,136.796,0.540489
242,6,2,18.8434,159.828,0.825199
242,7,1,27.4867,240.952,0.744153
242,8,2,51.9183,108.546,0.555969
242,9,1,40.4725,142.738,0.658645
242,10,1,22.9252,207.565,0.779573
242,11,2,23.649,278.065,0.773962
242,12,2,33.4368,114.18,0.707246
242,13,2,21.8395,167.241,0.799919
242,14,2,21.242,282.627,0.804313
242,15,2,14.6607,161.638,0.856023
242,16,1,80.499,110.228,0.32574
242,17,3,51.2703,196.939,0.559551
242,18,1,27.1668,152.337,0.747127
242,19,3,24.1876,258.713,0.770988
243,0,2,29.9189,187.584,0.734769
243,1,2,22.0499,161.101,0.797375
243,2,2,28.8753,180.771,0.731134
243,3,2,28.3283,230.08,0.746617
243,4,3,64.0626,131.493,0.485224
243,5,2,53.7951,136.873,0.540693
243,6,2,18.9612,159.86,0.823426
243,7,1,27.6129,240.657,0.743723
243,8,0,51.9183,108.546,0.556176
243,9,1,40.9438,141.926,0.655941
243,10,1,23.0598,207.347,0.779334
243,11,2,23.7331,279.913,0.774891
243,12,2,33.5883,114.427,0.706967
243,13,2,21.8479,167.257,0.798452
243,14,2,21.3935,281.693,0.803164
243,15,2,14.8037,161.485,0.854258
243,16,1,80.7515,110.933,0.326557
243,17,3,51.3544,196.912,0.558936
243,18,1,27.4362,152.23,0.746752
243,19,3,24.2381,258.492,0.770313
244,0,2,29.961,187.584,0.733239
244,1,2,22.0836,161.086,0.795924
244,2,2,29.0015,180.686,0.731496
244,3,2,28.404,229.878,0.745575
244,4,3,64.5507,130.845,0.483239
244,5,2,53.8961,136.92,0.541164
244,6,2,18.9781,159.878,0.822003
244,7,1,27.8065,240.068,0.743564
244,8,1,52.053,108.671,0.555712
244,9,1,41.4404,140.753,0.653862
244,10,1,23.2955,206.968,0.779029
244,11,2,23.8089,282.388,0.775811
244,12,2,33.6388,114.495,0.706222
244,13,2,21.8479,167.257,0.797131
244,14,2,21.4692,281.248,0.801757
244,15,2,14.9047,161.535,0.85244
244,16,1,81.0292,111.55,0.327367
244,17,3,51.4975,196.79,0.558863
244,18,1,27.7307,152.131,0.746045
244,19,3,24.3054,258.28,0.769777
245,0,2,30.0704,187.444,0.731922
245,1,2,22.1172,161.074,0.794485
245,2,2,29.1867,180.422,0.73239
245,3,2,28.5723,229.426,0.744742
245,4,3,65.0641,129.999,0.481271
245,5,2,54.0139,136.957,0.541096
245,6,3,18.9781,159.878,0.820258
245,7,1,28,239.467,0.744275
245,8,1,52.2886,108.941,0.555585
245,9,1,41.8191,140.17,0.653469
245,10,1,23.5059,206.55,0.779729
245,11,2,23.8257,283.056,0.776324
245,12,2,33.7818,114.786,0.705281
245,13,1,21.9489,167.231,0.796154
245,14,2,21.5702,280.688,0.799826
245,15,2,15.031,161.307,0.851305
245,16,1,81.2228,112.148,0.328237
245,17,3,51.8173,196.246,0.55859
245,18,1,27.9748,152.069,0.746812
245,19,3,24.5242,257.282,0.770047
246,0,2,30.1882,187.309,0.731432
246,1,1,22.2267,161.093,0.79367
246,2,2,29.2204,180.399,0.73336
246,3,2,28.707,229.114,0.744198
246,4,3,65.5775,129.177,0.479287
246,5,2,54.1485,137.057,0.541525
246,6,3,19.2306,159.66,0.819469
246,7,1,28.101,239.143,0.745262
246,8,1,52.4906,109.044,0.555755
246,9,1,42.1137,140.141,0.654033
246,10,1,23.6574,206.243,0.780504
246,11,2,23.8678,286.251,0.776514
246,12,2,33.866,114.898,0.704169
246,13,1,22.0836,167.136,0.794734
246,14,2,21.6123,280.44,0.798923
246,15,2,15.2414,161.175,0.850256
246,16,1,81.3659,112.881,0.329809
246,17,3,52.0782,196.069,0.558415
246,18,1,28.1684,152.119,0.747723
246,19,3,24.7178,256.419,0.770663
247,0,2,30.2387,187.296,0.73106
247,1,1,22.4539,160.938,0.792517
247,2,2,29.2456,180.402,0.734172
247,3,2,28.8669,228.7,0.743775
247,4,3,66.074,128.459,0.477351
247,5,2,54.2495,137.101,0.542583
247,6,3,19.4578,159.55,0.818344
247,7,1,28.2441,238.709,0.746093
247,8,1,52.6589,109.219,0.556159
247,9,1,42.3746,140.691,0.654371
247,10,1,23.792,205.97,0.781258
247,11,2,23.9014,289.469,0.776689
247,12,2,33.9165,114.961,0.70404
247,13,1,22.2098,167.176,0.793841
247,14,2,21.6375,280.331,0.797947
247,15,2,15.3592,161.242,0.849338
247,16,1,81.509,113.68,0.331656
247,17,3,52.3559,195.759,0.559007
247,18,1,28.3451,152.2,0.748609
247,19,3,25.0039,255.259,0.771258
248,0,2,30.306,187.232,0.730954
248,1,1,22.6643,160.832,0.791966
248,2,2,29.2456,180.402,0.73478
248,3,2,28.9426,228.549,0.743882
248,4,3,66.579,127.708,0.47543
248,5,2,54.3421,137.145,0.543961
248,6,3,19.7944,159.017,0.817888
248,7,1,28.4292,238.187,0.746653
248,8,1,52.903,109.382,0.556889
248,9,1,42.829,141.248,0.653453
248,10,1,24.0024,205.476,0.781677
248,11,2,23.9519,292.929,0.776862
248,12,2,33.9165,114.961,0.703252
248,13,1,22.395,167.031,0.79289
248,14,3,21.8311,278.956,0.797507
248,15,2,15.4434,161.309,0.848757
248,16,1,81.551,114.115,0.333223
248,17,3,52.7347,195.399,0.559462
248,18,1,28.5639,152.278,0.749159
248,19,3,25.4332,252.537,0.771915
249,0,2,30.3565,187.181,0.73085
249,1,1,22.8747,160.73,0.791749
249,2,1,29.3718,180.293,0.735514
249,3,2,29.0352,228.329,0.743595
249,4,3,67.0503,127.023,0.474511
249,5,2,54.401,137.201,0.544935
249,6,3,20.0469,158.899,0.817304
249,7,1,28.6396,237.595,0.747274
249,8,1,53.0208,109.513,0.557351
249,9,1,43.0731,141.558,0.652871
249,10,1,24.1371,205.126,0.782223
249,11,2,24.0866,297.341,0.776968
249,12,3,33.9165,114.961,0.70293
249,13,1,22.5801,166.91,0.792471
249,14,3,22.1509,276.77,0.797201
249,15,2,15.5359,161.286,0.848903
249,16,1,81.5763,114.531,0.334844
249,17,3,52.9787,195.18,0.560439
249,18,1,28.6817,152.344,0.74977
249,19,3,25.9465,248.538,0.772566
250,0,1,30.4154,187.008,0.730877
250,1,1,22.8831,160.72,0.79114
250,2,1,29.3803,180.29,0.736047
250,3,2,29.1025,228.2,0.742917
250,4,3,67.3785,127.047,0.473206
250,5,2,54.4515,137.243,0.545377
250,6,3,20.0974,158.952,0.816463
250,7,1,28.6565,237.548,0.747694
250,8,1,53.0376,109.527,0.557744
250,9,1,43.1993,142.383,0.651181
250,10,1,24.1623,205.097,0.782896
250,11,2,24.5831,294.205,0.777269
250,12,3,34.0006,115.071,0.702676
250,13,1,22.597,166.918,0.792515
250,14,3,22.2267,276.481,0.796768
250,15,2,15.5948,161.33,0.848459
250,16,1,81.5763,114.531,0.336583
250,17,3,53.147,194.993,0.562062
250,18,1,28.7238,152.314,0.750245
250,19,3,26.4683,244.267,0.773147
251,0,1,30.7184,187.667,0.730709
251,1,1,23.1103,160.499,0.790928
251,2,1,29.8179,180.522,0.7369
251,3,2,29.2961,227.783,0.742636
251,4,3,67.5805,127.067,0.471455
251,5,2,54.5862,137.315,0.545751
251,6,3,20.3499,159.028,0.815237
251,7,1,28.8416,237.022,0.74798
251,8,1,53.2649,109.686,0.558133
251,9,1,43.4602,143.485,0.64957
251,10,1,24.3391,204.702,0.782912
251,11,2,25.0881,288.708,0.777372
251,12,3,34.1353,115.251,0.702555
251,13,1,22.7821,166.9,0.791971
251,14,3,22.4539,275.171,0.796142
251,15,2,15.7379,161.365,0.847432
251,16,1,81.5847,114.889,0.337852
251,17,3,53.6604,193.371,0.563803
251,18,1,28.8753,152.322,0.750456
251,19,3,26.847,241.955,0.773332
252,0,1,31.055,188.33,0.730282
252,1,1,23.2366,160.515,0.790847
252,2,1,30.0535,180.11,0.737683
252,3,2,29.4897,227.349,0.742291
252,4,3,67.9171,127.03,0.470107
252,5,2,54.7966,137.43,0.546446
252,6,3,20.3751,159.045,0.8148
252,7,1,28.9342,236.799,0.748264
252,8,1,53.3827,109.815,0.559883
252,9,1,43.7969,144.341,0.647777
252,10,1,24.4906,204.371,0.783187
252,11,2,25.5678,284.476,0.777345
252,12,3,34.211,115.341,0.702304
252,13,1,22.942,166.844,0.791821
252,14,3,22.74,273.409,0.796105
252,15,2,15.7968,161.446,0.846998
252,16,1,81.5931,115.338,0.338851
252,17,3,54.1738,191.776,0.564817
252,18,1,29.01,152.368,0.75073
252,19,3,27.4025,238.142,0.77358
253,0,1,31.3075,188.973,0.730635
253,1,1,23.346,160.566,0.79109
253,2,1,30.3397,179.557,0.738653
253,3,2,29.7506,226.76,0.742855
253,4,3,68.3884,126.745,0.468253
253,5,2,54.9228,137.518,0.5472
253,6,2,20.3751,159.045,0.81482
253,7,1,28.9679,236.725,0.747963
253,8,1,53.4837,109.884,0.561619
253,9,1,44.0325,145.127,0.645674
253,10,1,24.5831,204.107,0.783008
253,11,2,25.9634,281.198,0.777577
253,12,3,34.312,115.505,0.702444
253,13,1,23.0935,166.648,0.792642
253,14,3,22.9841,272.214,0.796069
253,15,2,15.9483,161.547,0.846696
253,16,1,81.6015,115.838,0.339454
253,17,3,54.6872,190.215,0.565886
253,18,1,29.1025,152.421,0.749644
253,19,3,27.8822,234.889,0.774085
254,0,1,31.5516,189.842,0.731307
254,1,1,23.4891,160.494,0.791653
254,2,1,30.5669,179.902,0.738649
254,3,2,29.8179,226.651,0.743286
254,4,3,68.8513,126.284,0.466607
254,5,2,55.0154,137.559,0.548078
254,6,2,20.4425,159.123,0.815418
254,7,2,29.0184,236.571,0.747601
254,8,1,53.6099,110.004,0.562182
254,9,1,44.1503,145.636,0.643267
254,10,1,24.6336,204.027,0.782121
254,11,2,26.3757,278.669,0.777806
254,12,3,34.4299,115.76,0.702969
254,13,1,23.2618,166.621,0.793457
254,14,3,23.1356,271.573,0.796226
254,15,2,16.0661,161.642,0.846525
254,16,1,81.61,116.435,0.339988
254,17,3,55.2005,188.695,0.566497
254,18,1,29.153,152.444,0.748309
254,19,3,28.3956,231.16,0.774457
255,0,1,31.8293,190.818,0.731524
255,1,1,23.5985,160.52,0.792148
255,2,1,30.811,180.892,0.738324
255,3,2,29.8768,226.575,0.742751
255,4,3,69.3815,125.667,0.464781
255,5,2,55.0827,137.591,0.549012
255,6,2,20.636,159.211,0.816141
255,7,2,29.1362,236.303,0.747177
255,8,1,53.8035,110.205,0.562099
255,9,1,44.4449,146.473,0.641647
255,10,1,24.7683,203.824,0.781434
255,11,2,26.7965,275.802,0.778548
255,12,3,34.6066,116.063,0.703297
255,13,1,23.4386,166.638,0.793495
255,14,3,23.3712,270.45,0.796318
255,15,2,16.1251,161.609,0.845971
255,16,1,81.6184,117.129,0.341096
255,17,3,55.7139,187.199,0.565563
255,18,1,29.2456,152.453,0.747434
255,19,3,28.909,227.525,0.773672
256,0,1,32.0902,191.437,0.731804
256,1,1,23.6995,160.424,0.791808
256,2,1,31.0635,181.869,0.739025
256,3,0,29.9189,226.48,0.742795
256,4,3,69.878,125.071,0.463033
256,5,2,55.2174,137.704,0.549684
256,6,2,20.9306,159.289,0.814621
256,7,2,29.2624,235.987,0.747204
256,8,1,54.0391,110.387,0.562464
256,9,1,44.6974,147.2,0.640744
256,10,1,24.8524,203.661,0.7812
256,11,2,27.2931,271.983,0.779219
256,12,3,34.7917,116.276,0.703751
256,13,1,23.548,166.627,0.793022
256,14,3,23.6405,268.938,0.79692
256,15,2,16.2176,161.492,0.84491
256,16,1,81.6268,117.903,0.342578
256,17,3,56.2273,185.729,0.56502
256,18,1,29.254,152.459,0.747013
256,19,3,29.4223,224.014,0.772829
257,0,1,32.4268,192.195,0.7324
257,1,1,23.7668,160.425,0.791152
257,2,1,31.3833,182.742,0.739975
257,3,1,29.9778,226.366,0.742839
257,4,3,70.3493,124.623,0.461299
257,5,2,55.3436,137.769,0.550732
257,6,2,21.1578,159.329,0.813686
257,7,2,29.3298,235.88,0.747231
257,8,1,54.199,110.536,0.562635
257,9,1,45.0508,148.014,0.639911
257,10,1,24.9619,203.532,0.780968
257,11,2,27.798,267.87,0.779758
257,12,3,34.9685,116.541,0.704647
257,13,1,23.649,166.661,0.792934
257,14,3,23.8004,268.212,0.797454
257,15,2,16.3775,161.647,0.84494
257,16,1,81.6352,118.813,0.344112
257,17,3,56.7407,184.299,0.564799
257,18,2,29.254,152.459,0.746531
257,19,3,29.9357,220.637,0.771674
258,0,1,32.7887,192.629,0.732991
258,1,1,23.9351,160.323,0.790311
258,2,1,31.7704,183.205,0.74098
258,3,1,30.0956,226.065,0.743136
258,4,3,70.8543,123.997,0.459578
258,5,2,55.4025,137.782,0.551772
258,6,2,21.2167,159.36,0.811997
258,7,2,29.3887,235.78,0.746624
258,8,1,54.3674,110.668,0.562742
258,9,1,45.438,148.631,0.638387
258,10,1,25.0544,203.375,0.780166
258,11,2,28.3114,263.388,0.78023
258,12,3,35.1789,116.837,0.705789
258,13,1,23.8173,166.541,0.792277
258,14,3,24.1287,266.586,0.796272
258,15,2,16.4449,161.666,0.844905
258,16,1,81.6689,122.261,0.346268
258,17,3,57.254,182.88,0.563883
258,18,2,29.2961,152.473,0.745989
258,19,3,30.4491,217.373,0.769323
259,0,1,33.159,193.044,0.733641
259,1,1,24.0866,160.424,0.789793
259,2,1,32.1744,183.47,0.740968
259,3,1,30.3313,225.602,0.743431
259,4,3,71.3172,123.506,0.45806
259,5,2,55.4446,137.818,0.552994
259,6,2,21.3009,159.391,0.811016
259,7,2,29.4392,235.72,0.746463
259,8,1,54.5693,110.849,0.563542
259,9,1,45.8335,149.153,0.638012
259,10,1,25.2312,203.066,0.780255
259,11,2,28.7911,259.607,0.780066
259,12,3,35.3388,117.058,0.70686
259,13,1,24.0277,166.54,0.792004
259,14,3,24.3643,265.622,0.795035
259,15,2,16.4954,161.639,0.844808
259,16,1,81.6857,123.548,0.348598
259,17,3,57.7758,181.466,0.563732
259,18,2,29.3718,152.505,0.74621
259,19,3,30.9625,214.211,0.766549
260,0,1,33.5125,193.415,0.733719
260,1,1,24.2717,160.338,0.790411
260,2,1,32.4437,183.99,0.741396
260,3,1,30.5164,225.184,0.743661
260,4,3,71.7969,123.04,0.45756
260,5,2,55.453,137.826,0.554269
260,6,2,21.3766,159.401,0.810986
260,7,2,29.4728,235.649,0.747184
260,8,1,54.8555,111.039,0.565029
260,9,1,46.2123,149.871,0.63808
260,10,1,25.349,202.899,0.780847
260,11,2,29.1614,257.106,0.777764
260,12,3,35.5239,117.232,0.70723
260,13,1,24.2297,166.495,0.79255
260,14,3,24.5747,264.855,0.795193
260,15,2,16.5374,161.618,0.844837
260,16,1,81.6857,123.548,0.351098
260,17,3,58.2808,180.133,0.564148
260,18,2,29.4476,152.539,0.746807
260,19,3,31.4843,211.107,0.763607
261,0,1,33.8323,194.163,0.732356
261,1,1,24.4148,160.434,0.78952
261,2,1,32.814,185.071,0.739564
261,3,1,30.6679,224.904,0.743513
261,4,3,72.3103,122.366,0.45838
261,5,2,55.4867,137.853,0.554908
261,6,2,21.4608,159.381,0.810079
261,7,2,29.5065,235.568,0.746897
261,8,1,55.0659,111.198,0.564811
261,9,1,46.4647,150.5,0.637458
261,10,1,25.4752,202.729,0.780181
261,11,2,29.5738,255.207,0.77479
261,12,3,35.6838,117.423,0.707409
261,13,1,24.3812,166.385,0.791964
261,14,3,24.6505,264.516,0.79397
261,15,2,16.5795,161.657,0.84449
261,16,1,81.6857,123.548,0.353516
261,17,3,58.7942,178.802,0.561991
261,18,2,29.4728,152.525,0.746459
261,19,3,31.9892,208.197,0.761188
262,0,1,34.11,194.512,0.73094
262,1,1,24.5411,160.473,0.789385
262,2,1,33.117,185.892,0.738682
262,3,1,30.8446,224.479,0.742741
262,4,3,72.8236,121.698,0.457571
262,5,2,55.5035,137.873,0.555167
262,6,2,21.5281,159.432,0.81074
262,7,2,29.5233,235.541,0.747237
262,8,1,55.2426,111.388,0.565782
262,9,1,46.8182,151.259,0.636466
262,10,1,25.6772,202.356,0.780144
262,11,2,29.9525,253.145,0.772089
262,12,3,35.8101,117.574,0.708024
262,13,1,24.3896,166.403,0.791508
262,14,3,24.7346,264.188,0.792819
262,15,2,16.5879,161.673,0.844583
262,16,1,81.6857,123.548,0.355916
262,17,3,59.316,177.483,0.55985
262,18,2,29.5233,152.55,0.74655
262,19,3,32.511,205.237,0.758476
263,0,1,34.4804,195.433,0.730032
263,1,1,24.6168,160.49,0.7895
263,2,1,33.462,186.435,0.737621
263,3,1,31.0214,224.142,0.7421
263,4,3,73.337,121.038,0.456332
263,5,2,55.5288,137.894,0.556046
263,6,2,21.6123,159.51,0.811458
263,7,2,29.5738,235.421,0.747885
263,8,1,55.3857,111.548,0.566745
263,9,1,47.1044,151.833,0.636352
263,10,1,25.8708,202.046,0.780294
263,11,2,30.2892,251.505,0.769843
263,12,3,35.9616,117.747,0.708385
263,13,2,24.3896,166.403,0.791304
263,14,3,24.8104,263.97,0.791864
263,15,2,16.6132,161.688,0.843867
263,16,1,81.6941,124.477,0.358298
263,17,3,59.8293,176.189,0.557726
263,18,2,29.5822,152.62,0.74689
263,19,3,33.0244,202.378,0.755847
264,0,1,35.0611,194.295,0.729194
264,1,1,24.7683,160.324,0.789056
264,2,1,33.9165,186.523,0.736754
264,3,1,31.2654,223.649,0.742641
264,4,3,73.8588,120.371,0.454979
264,5,2,55.5708,137.939,0.556919
264,6,2,21.7133,159.591,0.811427
264,7,2,29.6243,235.287,0.748528
264,8,1,55.5456,111.667,0.567268
264,9,1,47.5925,152.314,0.63655
264,10,1,26.1906,201.318,0.780628
264,11,2,30.5837,251.136,0.767677
264,12,3,36.1215,117.96,0.708372
264,13,2,24.4148,166.419,0.790729
264,14,3,24.8104,263.97,0.791349
264,15,2,16.6973,161.628,0.843837
264,16,1,81.6941,124.477,0.360662
264,17,3,60.3427,174.912,0.555618
264,18,2,29.658,152.657,0.747537
264,19,3,33.5378,199.601,0.75299
265,0,1,35.4819,192.671,0.728423
265,1,1,24.9029,160.227,0.789172
265,2,1,34.3289,186.693,0.735832
265,3,1,31.56,222.816,0.743178
265,4,3,74.3722,119.721,0.453266
265,5,2,55.655,137.958,0.558032
265,6,2,21.7974,159.681,0.81047
265,7,2,29.7506,234.94,0.748611
265,8,1,55.8402,111.845,0.567416
265,9,1,48.1479,151.286,0.635696
265,10,1,26.502,200.439,0.780528
265,11,2,30.9036,251.271,0.765341
265,12,3,36.3655,118.136,0.708174
265,13,2,24.5411,166.434,0.790406
265,14,2,24.8524,263.663,0.790591
265,15,2,16.7647,161.592,0.843993
265,16,1,81.6941,124.477,0.36307
265,17,3,60.8561,173.662,0.553525
265,18,2,29.7506,152.682,0.747747
265,19,3,34.0511,196.916,0.750154
266,0,1,35.8437,191.777,0.727228
266,1,1,25.046,160.285,0.789163
266,2,1,34.7497,186.367,0.734793
266,3,1,31.8377,222.164,0.743834
266,4,3,74.8856,119.078,0.451688
266,5,2,55.6803,137.97,0.558644
266,6,2,21.9237,159.721,0.809336
266,7,2,29.86,234.613,0.748447
266,8,1,56.1011,111.968,0.56744
266,9,1,48.5519,150.417,0.635033
266,10,1,26.7965,199.785,0.780675
266,11,2,31.156,251.608,0.762901
266,12,3,36.6517,118.49,0.707854
266,13,2,24.6336,166.418,0.790332
266,14,2,24.9366,263.306,0.789286
266,15,2,16.8404,161.635,0.843779
266,16,1,81.6941,124.477,0.365459
266,17,3,61.3695,172.431,0.551448
266,18,2,29.8179,152.758,0.748693
266,19,3,34.5645,194.31,0.74734
267,0,1,36.3066,190.296,0.725919
267,1,0,25.1386,160.231,0.7894
267,2,1,35.2125,185.427,0.733517
267,3,1,32.1239,221.58,0.744363
267,4,3,75.3989,118.455,0.450306
267,5,2,55.7476,137.998,0.559559
267,6,2,21.9826,159.735,0.808456
267,7,2,29.8852,234.549,0.748958
267,8,1,56.3451,112.179,0.56777
267,9,1,48.9811,149.961,0.634007
267,10,1,27.0406,199.248,0.780882
267,11,2,31.3917,252.066,0.760172
267,12,3,36.8284,118.684,0.707782
267,13,2,24.6841,166.401,0.790319
267,14,2,24.9871,263.076,0.788787
267,15,2,16.8741,161.627,0.843321
267,16,1,81.7109,126.37,0.367831
267,17,3,61.8828,171.236,0.549387
267,18,2,29.9441,152.795,0.749571
267,19,3,35.0695,191.844,0.744547
268,0,1,36.7358,189.051,0.724315
268,1,2,25.1554,160.236,0.788963
268,2,1,35.6081,185.081,0.731762
268,3,1,32.1912,221.466,0.744094
268,4,3,75.9039,117.851,0.448691
268,5,2,55.7897,138.025,0.560833
268,6,2,22.0078,159.729,0.808742
268,7,2,29.9778,234.323,0.749527
268,8,1,56.4209,112.254,0.568219
268,9,1,49.4692,149.4,0.632623
268,10,1,27.0827,199.195,0.780844
268,11,2,31.5011,252.358,0.757341
268,12,3,36.8957,118.789,0.707283
268,13,2,24.7178,166.35,0.789756
268,14,2,25.046,262.88,0.787437
268,15,2,16.8993,161.657,0.843416
268,16,1,81.7278,128.417,0.369941
268,17,3,62.3962,170.064,0.547341
268,18,2,30.003,152.834,0.750259
268,19,3,35.5913,189.422,0.741774
269,0,1,37.0472,188.866,0.722783
269,1,2,25.2059,160.26,0.788651
269,2,1,35.9279,185.677,0.729838
269,3,1,32.2164,221.414,0.74334
269,4,3,76.4257,117.251,0.44733
269,5,2,55.8317,138.031,0.562158
269,6,2,22.0331,159.757,0.808904
269,7,2,30.0115,234.233,0.750152
269,8,1,56.4629,112.29,0.568118
269,9,1,49.8564,149.655,0.631128
269,10,1,27.1332,199.157,0.780501
269,11,2,31.7031,253.06,0.754714
269,12,3,36.9883,118.94,0.707335
269,13,2,24.7683,166.355,0.789077
269,14,2,25.147,262.481,0.786401
269,15,2,16.9582,161.627,0.843693
269,16,1,81.7278,128.417,0.372278
269,17,3,62.9096,168.915,0.545311
269,18,2,30.0451,152.842,0.750578
269,19,3,36.1046,187.027,0.739022
270,0,1,37.266,188.662,0.721323
270,1,2,25.2312,160.254,0.78822
270,2,1,36.214,186.278,0.728655
270,3,1,32.3006,221.211,0.743138
270,4,3,76.9391,116.664,0.44598
270,5,2,55.8738,138.06,0.563716
270,6,2,22.1004,159.787,0.809126
270,7,2,30.0704,234.122,0.750773
270,8,1,56.5134,112.34,0.567836
270,9,1,50.1846,150.218,0.629946
270,10,1,27.2426,199.047,0.780282
270,11,2,31.964,253.623,0.75259
270,12,3,37.1061,119.1,0.707144
270,13,2,24.844,166.42,0.788463
270,14,2,25.2396,262.142,0.785978
270,15,2,17.0003,161.649,0.843907
270,16,1,81.7278,128.417,0.374599
270,17,3,63.423,167.788,0.543295
270,18,2,30.1124,152.839,0.750954
270,19,3,36.618,184.737,0.73629
271,0,1,37.569,188.221,0.719874
271,1,2,25.2817,160.273,0.787914
271,2,1,36.517,186.77,0.7273
271,3,1,32.4268,220.976,0.742997
271,4,3,77.4524,116.087,0.444337
271,5,2,55.9243,138.098,0.565141
271,6,2,22.1257,159.805,0.809164
271,7,2,30.1545,233.91,0.751509
271,8,1,56.6313,112.444,0.567979
271,9,1,50.5465,150.807,0.629196
271,10,1,27.3183,198.915,0.780246
271,11,2,32.107,254.085,0.751026
271,12,3,37.3081,119.36,0.707015
271,13,2,24.8945,166.416,0.788215
271,14,2,25.4247,261.348,0.786284
271,15,2,17.0424,161.617,0.844241
271,16,1,81.7278,128.417,0.376902
271,17,3,63.9111,166.821,0.541294
271,18,2,30.1629,152.822,0.75169
271,19,3,37.1314,182.488,0.733579
272,0,1,38.0067,187.104,0.718677
272,1,2,25.3658,160.304,0.78785
272,2,1,36.9042,187.29,0.725895
272,3,1,32.5194,220.84,0.742617
272,4,3,77.9574,115.525,0.442707
272,5,2,55.9664,138.107,0.566617
272,6,2,22.1257,159.805,0.809203
272,7,2,30.1966,233.814,0.752301
272,8,1,56.7659,112.574,0.568301
272,9,1,50.8663,151.38,0.628211
272,10,1,27.4193,198.827,0.779549
272,11,2,32.2585,254.76,0.749113
272,12,3,37.5943,119.543,0.707248
272,13,2,24.9198,166.399,0.788992
272,14,2,25.5426,260.894,0.786165
272,15,2,17.0929,161.637,0.844752
272,16,1,81.7278,128.417,0.379188
272,17,3,64.2646,166.567,0.539308
272,18,2,30.2724,152.844,0.75218
272,19,3,37.6448,180.295,0.730887
273,0,1,38.377,186.471,0.717068
273,1,2,25.4079,160.317,0.788026
273,2,1,37.2829,187.3,0.72438
273,3,1,32.5615,220.756,0.742239
273,4,3,78.4624,115.012,0.441088
273,5,2,56.0169,138.153,0.567961
273,6,1,22.193,159.775,0.809421
273,7,2,30.2892,233.584,0.752847
273,8,1,56.8669,112.629,0.56904
273,9,1,51.1104,152.239,0.627292
273,10,1,27.4951,198.795,0.779096
273,11,2,32.3427,255.136,0.747333
273,12,3,37.771,119.794,0.70712
273,13,2,24.9534,166.407,0.789764
273,14,2,25.6688,260.329,0.786767
273,15,2,17.1266,161.607,0.84508
273,16,1,81.7278,128.417,0.381458
273,17,3,64.7275,165.959,0.537337
273,18,2,30.3313,152.868,0.752667
273,19,3,38.0656,179.344,0.728215
274,0,1,38.7473,186.113,0.714652
274,1,2,25.4416,160.314,0.787676
274,2,1,37.6448,187.566,0.722415
274,3,1,32.6709,220.605,0.741342
274,4,3,78.9337,114.603,0.439455
274,5,2,56.0674,138.19,0.569202
274,6,1,22.3276,159.842,0.80935
274,7,2,30.3397,233.483,0.753284
274,8,1,56.9427,112.675,0.569262
274,9,1,51.3208,153.2,0.625328
274,10,1,27.6213,198.533,0.777406
274,11,1,32.5699,254.503,0.74594
274,12,3,38.1666,119.443,0.70701
274,13,2,25.0124,166.384,0.790064
274,14,2,25.7614,259.96,0.787497
274,15,2,17.1686,161.647,0.845056
274,16,1,81.7783,128.438,0.383688
274,17,3,65.0136,165.928,0.535348
274,18,2,30.3565,152.864,0.752926
274,19,3,38.4611,179.551,0.725519
275,0,1,39.1849,185.908,0.712594
275,1,2,25.4668,160.337,0.787554
275,2,1,38.074,187.634,0.720388
275,3,1,32.8056,220.362,0.740318
275,4,3,79.4386,114.111,0.437861
275,5,2,56.1011,138.21,0.57023
275,6,1,22.5044,159.919,0.809328
275,7,2,30.3649,233.412,0.753227
275,8,1,57.0857,112.755,0.568564
275,9,1,51.5312,154.152,0.623238
275,10,1,27.7728,198.279,0.775953
275,11,1,32.9402,252.546,0.744601
275,12,3,38.6799,118.262,0.706348
275,13,2,25.0376,166.404,0.790053
275,14,2,25.7698,259.945,0.787911
275,15,2,17.1686,161.647,0.845023
275,16,1,81.9887,128.519,0.385924
275,17,3,65.2577,165.865,0.533405
275,18,2,30.3649,152.876,0.753287
275,19,3,38.7978,180.09,0.722887
276,0,1,39.5552,186.259,0.710907
276,1,2,25.4836,160.349,0.787315
276,2,1,38.3938,188.094,0.718435
276,3,1,32.8897,220.212,0.739182
276,4,3,79.9268,113.742,0.436277
276,5,2,56.1179,138.211,0.571429
276,6,1,22.5633,159.978,0.809306
276,7,2,30.3902,233.342,0.753468
276,8,1,57.1615,112.815,0.568465
276,9,1,51.7247,155.069,0.621399
276,10,1,27.8149,198.2,0.774452
276,11,1,33.218,251.648,0.744102
276,12,3,39.1933,117.05,0.705335
276,13,2,25.0628,166.424,0.790219
276,14,2,25.8035,259.78,0.788145
276,15,2,17.1686,161.647,0.84511
276,16,1,82.0392,128.547,0.388145
276,17,3,65.4596,165.777,0.531476
276,18,2,30.3818,152.9,0.753468
276,19,3,39.328,179.37,0.720273
277,0,1,39.8666,186.714,0.7087
277,1,2,25.4836,160.349,0.78749
277,2,1,38.6463,188.702,0.716437
277,3,1,32.9318,220.143,0.738409
277,4,3,80.4485,113.203,0.434706
277,5,2,56.1347,138.22,0.572677
277,6,1,22.6138,160,0.809639
277,7,2,30.4238,233.282,0.75412
277,8,1,57.1951,112.832,0.568366
277,9,1,51.8846,156.139,0.619869
277,10,1,27.8401,198.166,0.774024
277,11,1,33.4115,251.181,0.743252
277,12,3,39.7067,115.856,0.705274
277,13,2,25.0713,166.411,0.790621
277,14,2,25.8287,259.694,0.788494
277,15,2,17.1686,161.647,0.845431
277,16,1,82.1233,128.596,0.390349
277,17,3,65.7458,165.681,0.529561
277,18,2,30.3818,152.9,0.753529
277,19,3,39.7404,178.662,0.717678
278,0,1,40.1612,187.249,0.706685
278,1,2,25.4921,160.354,0.788077
278,2,1,38.8903,189.417,0.714454
278,3,1,32.9823,220.086,0.738936
278,4,3,80.9619,112.673,0.433145
278,5,2,56.1431,138.225,0.573917
278,6,1,22.6643,160.028,0.810146
278,7,2,30.4238,233.282,0.754355
278,8,1,57.2372,112.874,0.569503
278,9,1,52.0698,157.197,0.617761
278,10,1,27.9159,198.092,0.774659
278,11,1,33.6472,251.222,0.743291
278,12,3,40.2201,114.732,0.705979
278,13,2,25.0713,166.411,0.791196
278,14,2,25.8371,259.664,0.788842
278,15,2,17.1686,161.647,0.84581
278,16,1,82.1822,128.625,0.392538
278,17,3,66.3097,164.766,0.52766
278,18,2,30.3818,152.9,0.754178
278,19,3,40.0517,179.291,0.715101
279,0,1,40.3631,187.64,0.705858
279,1,2,25.5089,160.384,0.788424
279,2,1,39.0923,189.997,0.713364
279,3,1,33.0412,220.005,0.739694
279,4,3,81.4753,112.145,0.431596
279,5,2,56.1516,138.231,0.575089
279,6,1,22.7148,160.016,0.810532
279,7,2,30.4323,233.269,0.754999
279,8,1,57.313,112.949,0.570633
279,9,1,52.2634,158.175,0.616197
279,10,1,28,198.018,0.774996
279,11,1,33.9249,251.436,0.742567
279,12,3,40.7334,113.644,0.70621
279,13,2,25.0713,166.411,0.791474
279,14,2,25.8371,259.664,0.788893
279,15,2,17.1855,161.646,0.845892
279,16,1,82.2412,128.667,0.394711
279,17,3,66.8146,163.779,0.525773
279,18,2,30.3902,152.892,0.754823
279,19,3,40.3716,179.862,0.712543
280,0,1,40.6745,188.392,0.705446
280,1,2,25.5173,160.404,0.789062
280,2,1,39.37,190.842,0.712224
280,3,1,33.1254,219.895,0.739921
280,4,3,81.9887,111.626,0.430057
280,5,2,56.1516,138.231,0.576195
280,6,1,22.8831,159.994,0.81074
280,7,2,30.4407,233.247,0.755463
280,8,1,57.414,113.043,0.571813
280,9,1,52.4653,159.191,0.615286
280,10,1,28.1094,197.92,0.775038
280,11,1,34.1774,251.154,0.741907
280,12,3,41.2468,112.598,0.706381
280,13,2,25.0713,166.411,0.791808
280,14,2,25.8371,259.664,0.788945
280,15,2,17.1855,161.646,0.846266
280,16,1,82.3337,128.698,0.396868
280,17,3,67.328,162.74,0.523899
280,18,2,30.407,152.907,0.75523
280,19,3,40.6829,180.522,0.710004
281,0,1,40.9943,188.848,0.704163
281,1,2,25.5257,160.389,0.789403
281,2,1,39.6478,191.437,0.710742
281,3,1,33.1927,219.772,0.739971
281,4,3,82.502,111.11,0.42853
281,5,2,56.1516,138.231,0.577525
281,6,1,22.942,159.987,0.811354
281,7,2,30.4491,233.224,0.75575
281,8,1,57.5402,113.158,0.572402
281,9,1,52.6673,160.12,0.614207
281,10,1,28.2273,197.815,0.775255
281,11,1,34.2868,250.872,0.741776
281,12,3,41.7602,111.575,0.706084
281,13,2,25.0713,166.411,0.79214
281,14,2,25.8371,259.664,0.788355
281,15,2,17.1855,161.646,0.846346
281,16,1,82.4684,128.76,0.39901
281,17,3,67.8498,161.677,0.522213
281,18,2,30.407,152.907,0.755691
281,19,3,41.1963,180.191,0.707482
282,0,1,41.3646,189.308,0.702425
282,1,2,25.5257,160.389,0.789684
282,2,1,40.0517,191.721,0.709619
282,3,1,33.2684,219.667,0.740253
282,4,3,83.0154,110.602,0.427013
282,5,2,56.1516,138.231,0.578615
282,6,1,23.0346,160.046,0.812021
282,7,2,30.4491,233.224,0.756208
282,8,1,57.6159,113.225,0.573045
282,9,1,52.8777,161.049,0.613309
282,10,1,28.3283,197.649,0.775528
282,11,1,34.6066,250.243,0.741994
282,12,3,42.2652,110.597,0.705094
282,13,2,25.0713,166.411,0.792701
282,14,2,25.8371,259.664,0.788466
282,15,2,17.1855,161.646,0.846542
282,16,1,82.5946,128.815,0.401137
282,17,3,68.3632,160.634,0.521119
282,18,2,30.407,152.907,0.755744
282,19,3,41.7518,178.955,0.704978
283,0,1,41.7013,189.762,0.700815
283,1,2,25.5257,160.389,0.790079
283,2,1,40.422,192.08,0.708157
283,3,1,33.3105,219.598,0.740822
283,4,3,83.512,110.15,0.425623
283,5,2,56.1516,138.231,0.579696
283,6,1,23.1524,160.028,0.812164
283,7,2,30.4491,233.224,0.756547
283,8,1,57.7169,113.332,0.57403
283,9,1,53.0881,161.948,0.612996
283,10,1,28.4629,197.449,0.775626
283,11,1,35.0611,249.642,0.742325
283,12,3,42.686,110.129,0.70492
283,13,2,25.0713,166.411,0.793143
283,14,2,25.8371,259.664,0.788287
283,15,2,17.1855,161.646,0.847025
283,16,1,82.7714,128.858,0.403249
283,17,3,68.8681,159.613,0.519859
283,18,2,30.407,152.907,0.756258
283,19,3,42.2736,177.076,0.702665
284,0,1,41.9958,190.283,0.699159
284,1,2,25.5257,160.389,0.790586
284,2,1,40.826,192.369,0.706591
284,3,1,33.361,219.523,0.741042
284,4,3,84.0085,109.698,0.424358
284,5,2,56.1516,138.231,0.581
284,6,1,23.3039,160.016,0.811729
284,7,2,30.4491,233.224,0.757172
284,8,1,57.8011,113.377,0.574951
284,9,1,53.2901,162.816,0.612974
284,10,1,28.5555,197.335,0.775608
284,11,1,35.4566,249.19,0.741733
284,12,3,43.1236,110.161,0.70348
284,13,2,25.0713,166.411,0.793582
284,14,2,25.8371,259.664,0.788455
284,15,2,17.1855,161.646,0.847333
284,16,1,82.8387,128.903,0.40477
284,17,3,69.3815,158.592,0.519357
284,18,2,30.407,152.907,0.757
284,19,3,42.7785,175.376,0.701002
285,0,1,42.2988,190.814,0.697112
285,1,2,25.5341,160.39,0.791262
285,2,1,41.1963,192.639,0.704748
285,3,1,33.4115,219.468,0.740973
285,4,3,84.3452,109.697,0.422929
285,5,2,56.1516,138.231,0.582295
285,6,1,23.3881,160.037,0.811413
285,7,2,30.4491,233.224,0.757851
285,8,1,57.8263,113.385,0.575349
285,9,1,53.5005,163.721,0.612894
285,10,1,28.6312,197.27,0.775418
285,11,1,35.7932,249.167,0.740169
285,12,3,43.4855,110.058,0.701016
285,13,2,25.0713,166.411,0.79419
285,14,2,25.8371,259.664,0.789196
285,15,2,17.1855,161.646,0.847867
285,16,1,82.9228,128.925,0.405649
285,17,3,69.9033,157.585,0.519662
285,18,2,30.407,152.907,0.757851
285,19,3,43.1068,175.299,0.699753
286,0,1,42.5008,191.673,0.695709
286,1,2,25.5341,160.39,0.791876
286,2,1,41.533,193.079,0.703547
286,3,1,33.4368,219.428,0.741419
286,4,3,84.6481,109.878,0.421625
286,5,2,56.1516,138.231,0.583638
286,6,1,23.4638,160.114,0.81167
286,7,2,30.4491,233.224,0.758467
286,8,1,57.8348,113.391,0.576545
286,9,1,53.6688,164.657,0.612929
286,10,1,28.6649,197.21,0.77603
286,11,1,36.1046,249.263,0.739016
286,12,3,43.8726,110.132,0.69857
286,13,2,25.0797,166.409,0.79468
286,14,2,25.8371,259.664,0.789588
286,15,2,17.1855,161.646,0.848398
286,16,1,82.9733,128.95,0.407208
286,17,3,70.4083,156.638,0.519794
286,18,2,30.407,152.907,0.758581
286,19,3,43.4097,175.988,0.69754
287,0,1,42.7112,192.682,0.694544
287,1,2,25.5341,160.39,0.792543
287,2,1,41.8359,193.635,0.702868
287,3,1,33.462,219.409,0.74209
287,4,3,85.0605,109.957,0.420158
287,5,2,56.1516,138.231,0.584972
287,6,1,23.4975,160.114,0.811983
287,7,2,30.4491,233.224,0.759136
287,8,1,57.8768,113.439,0.577732
287,9,1,53.8287,165.648,0.613192
287,10,1,28.7238,197.118,0.776467
287,11,1,36.416,249.367,0.738669
287,12,3,44.4028,109.371,0.69614
287,13,2,25.0797,166.409,0.795394
287,14,2,25.8371,259.664,0.790206
287,15,2,17.1855,161.646,0.848925
287,16,1,83.0238,128.969,0.408871
287,17,3,70.93,155.669,0.519298
287,18,2,30.407,152.907,0.759421
287,19,3,43.7716,176.371,0.695456
288,0,1,42.9132,193.628,0.693671
288,1,2,25.5341,160.39,0.793205
288,2,1,42.181,193.977,0.702363
288,3,1,33.4873,219.365,0.742586
288,4,3,85.313,109.983,0.418702
288,5,2,56.1684,138.242,0.586354
288,6,1,23.5396,160.145,0.812351
288,7,3,30.5164,233.081,0.75997
288,8,1,57.9021,113.456,0.578911
288,9,1,53.9886,166.641,0.613283
288,10,1,28.7406,197.082,0.776787
288,11,1,36.6517,249.898,0.737643
288,12,3,44.8236,108.792,0.693728
288,13,2,25.0797,166.409,0.796103
288,14,2,25.8371,259.664,0.790933
288,15,2,17.1939,161.642,0.849392
288,16,1,83.0659,128.984,0.410465
288,17,3,71.435,154.746,0.517668
288,18,2,30.407,152.907,0.760255
288,19,3,44.0998,176.834,0.69441
289,0,1,43.0815,194.726,0.69337
289,1,2,25.5678,160.4,0.793863
289,2,1,42.4671,194.493,0.701919
289,3,1,33.5378,219.272,0.743079
289,4,3,85.5655,110.079,0.417256
289,5,2,56.1936,138.265,0.587726
289,6,1,23.6237,160.175,0.812433
289,7,3,30.6174,232.883,0.760743
289,8,1,57.961,113.518,0.579856
289,9,1,54.1149,167.782,0.613316
289,10,1,28.8164,197.003,0.776991
289,11,1,36.7948,250.809,0.736964
289,12,3,44.9583,108.879,0.691332
289,13,2,25.0881,166.422,0.796807
289,14,2,25.854,259.588,0.791655
289,15,2,17.2107,161.656,0.849856
289,16,1,83.1248,129.017,0.412104
289,17,3,71.9484,153.843,0.515881
289,18,2,30.4154,152.922,0.761026
289,19,3,44.3187,177.731,0.693314
290,0,1,43.2498,195.838,0.692564
290,1,2,25.6183,160.398,0.794516
290,2,1,42.7617,194.765,0.70114
290,3,1,33.6303,219.115,0.743399
290,4,3,85.7927,110.194,0.41582
290,5,2,56.2189,138.265,0.589145
290,6,1,23.7415,160.219,0.812119
290,7,3,30.7521,232.635,0.76151
290,8,1,58.0536,113.606,0.580569
290,9,1,54.2832,168.784,0.613349
290,10,1,28.9342,196.859,0.776913
290,11,1,36.8452,251.396,0.736346
290,12,3,45.0004,109.093,0.688953
290,13,2,25.1554,166.442,0.797506
290,14,2,25.896,259.437,0.792372
290,15,2,17.236,161.645,0.850372
290,16,1,83.2511,129.055,0.413564
290,17,3,72.4618,152.986,0.514105
290,18,2,30.4659,152.992,0.761735
290,19,3,44.5375,178.68,0.692338
291,0,1,43.4181,196.978,0.691144
291,1,2,25.6183,160.398,0.795164
291,2,1,43.0731,195.253,0.700028
291,3,1,33.664,219.05,0.743829
291,4,3,86.0873,110.331,0.414394
291,5,2,56.2189,138.265,0.590554
291,6,1,23.8004,160.218,0.812201
291,7,3,30.8446,232.436,0.762272
291,8,1,58.1377,113.69,0.581276
291,9,1,54.4515,169.775,0.61327
291,10,1,28.9847,196.79,0.776891
291,11,1,36.9378,252.374,0.736351
291,12,2,45.0929,109.48,0.68659
291,13,2,25.1807,166.439,0.798201
291,14,2,25.9044,259.409,0.793084
291,15,2,17.236,161.645,0.850886
291,16,1,83.5036,129.337,0.414675
291,17,3,72.9751,152.082,0.512342
291,18,2,30.4743,153.007,0.762553
291,19,3,44.8994,179.168,0.69002
292,0,1,43.5865,198.1,0.689846
292,1,2,25.6183,160.398,0.795865
292,2,1,43.2835,195.939,0.698532
292,3,1,33.6808,219.03,0.7442
292,4,3,86.4492,110.41,0.412978
292,5,2,56.2273,138.278,0.591953
292,6,1,23.8594,160.229,0.812395
292,7,3,30.912,232.325,0.763084
292,8,1,58.2219,113.758,0.581923
292,9,1,54.6451,170.754,0.613247
292,10,1,29.052,196.699,0.777093
292,11,1,36.9462,252.349,0.734674
292,12,2,45.3202,110.678,0.684243
292,13,2,25.1807,166.439,0.798891
292,14,2,25.9044,259.409,0.793791
292,15,2,17.236,161.645,0.851395
292,16,1,83.7981,129.834,0.415723
292,17,3,73.4885,151.189,0.510591
292,18,2,30.4828,153.016,0.763364
292,19,3,45.2276,179.534,0.687661
293,0,1,43.7464,199.183,0.688781
293,1,2,25.6183,160.398,0.79656
293,2,1,43.4266,196.494,0.697158
293,3,1,33.6808,219.03,0.744681
293,4,3,86.9457,110.118,0.411627
293,5,2,56.2273,138.278,0.593343
293,6,1,23.8678,160.253,0.812196
293,7,3,31.0045,232.108,0.763891
293,8,1,58.2724,113.791,0.582956
293,9,1,54.906,171.503,0.613168
293,10,1,29.0604,196.691,0.776903
293,11,1,36.9715,252.286,0.732674
293,12,2,45.5306,111.834,0.682415
293,13,2,25.1807,166.439,0.799576
293,14,2,25.9044,259.409,0.794494
293,15,2,17.236,161.645,0.851901
293,16,1,83.9833,130.451,0.416653
293,17,3,74.0019,150.294,0.508851
293,18,2,30.4828,153.016,0.76417
293,19,3,45.4212,180.529,0.685319
294,0,1,43.9147,200.307,0.687834
294,1,2,25.6183,160.398,0.797195
294,2,1,43.4518,196.61,0.695514
294,3,2,33.6808,219.03,0.745436
294,4,3,87.4086,109.815,0.410396
294,5,2,56.2273,138.278,0.594724
294,6,1,23.9099,160.24,0.811888
294,7,3,31.0719,231.955,0.764693
294,8,1,58.3145,113.824,0.583816
294,9,1,55.209,172.075,0.61309
294,10,1,29.0604,196.691,0.777104
294,11,1,36.9799,252.256,0.731022
294,12,2,45.7157,113.133,0.68071
294,13,2,25.1807,166.439,0.800256
294,14,2,25.9044,259.409,0.795191
294,15,2,17.236,161.645,0.852404
294,16,1,84.1095,131.105,0.418188
294,17,3,74.4479,149.865,0.507124
294,18,2,30.4828,153.016,0.764971
294,19,3,45.5811,181.614,0.682992
295,0,1,44.083,201.34,0.686838
295,1,2,25.6183,160.398,0.797881
295,2,2,43.4771,196.692,0.694215
295,3,2,33.6808,219.03,0.745854
295,4,3,87.8715,109.668,0.40984
295,5,2,56.2273,138.278,0.596095
295,6,1,23.9351,160.268,0.81197
295,7,3,31.0887,231.93,0.765489
295,8,1,58.3229,113.832,0.585057
295,9,1,55.5456,172.524,0.613012
295,10,1,29.0604,196.691,0.777359
295,11,1,37.0136,252.17,0.729713
295,12,2,45.8924,114.483,0.679294
295,13,2,25.1807,166.439,0.800876
295,14,2,25.9044,259.409,0.795884
295,15,2,17.236,161.645,0.852904
295,16,1,84.2442,131.932,0.419546
295,17,3,74.7846,150.231,0.505408
295,18,2,30.4828,153.016,0.765766
295,19,3,45.7073,182.309,0.681513
296,0,1,44.2513,202.47,0.686567
296,1,2,25.6183,160.398,0.798563
296,2,2,43.4855,196.69,0.693035
296,3,2,33.6808,219.03,0.746656
296,4,3,88.3428,109.371,0.410061
296,5,2,56.2273,138.278,0.597457
296,6,1,23.9351,160.268,0.812161
296,7,3,31.0887,231.93,0.76628
296,8,1,58.3229,113.832,0.586291
296,9,1,55.8822,172.97,0.613267
296,10,1,29.0604,196.691,0.777888
296,11,1,37.022,252.152,0.728579
296,12,2,46.0524,115.87,0.677833
296,13,2,25.1807,166.439,0.801548
296,14,2,25.9044,259.409,0.796573
296,15,2,17.236,161.645,0.8534
296,16,1,84.3704,132.673,0.421172
296,17,3,75.1128,150.652,0.503704
296,18,2,30.4828,153.016,0.766556
296,19,3,45.7073,182.309,0.680652
297,0,2,44.3439,203,0.686243
297,1,2,25.6183,160.398,0.79924
297,2,2,43.4855,196.69,0.692083
297,3,2,33.6808,219.03,0.747342
297,4,3,88.4858,109.411,0.409509
297,5,2,56.2273,138.278,0.59881
297,6,1,23.9351,160.268,0.812572
297,7,3,31.0887,231.93,0.767065
297,8,1,58.3313,113.84,0.587516
297,9,1,56.2441,173.371,0.613465
297,10,1,29.0773,196.675,0.778304
297,11,1,37.0304,252.134,0.727453
297,12,2,46.1702,117.04,0.67561
297,13,2,25.1807,166.439,0.802215
297,14,2,25.9044,259.409,0.797256
297,15,2,17.236,161.645,0.853892
297,16,1,84.5387,133.509,0.422897
297,17,3,75.3316,150.907,0.502011
297,18,2,30.4828,153.016,0.767341
297,19,3,45.7157,182.299,0.679301
298,0,2,44.3439,203,0.685976
298,1,3,25.6183,160.398,0.799912
298,2,2,43.4855,196.69,0.690918
298,3,2,33.6808,219.03,0.747913
298,4,3,88.5363,109.44,0.4094
298,5,2,56.2273,138.278,0.600044
298,6,1,23.9856,160.311,0.812926
298,7,3,31.0971,231.923,0.767406
298,8,1,58.3734,113.89,0.588623
298,9,1,56.5808,173.7,0.613716
298,10,1,29.0857,196.676,0.778827
298,11,1,37.0725,252.064,0.726883
298,12,2,46.3722,118.4,0.673841
298,13,2,25.1891,166.431,0.802877
298,14,2,25.9044,259.409,0.797935
298,15,2,17.236,161.645,0.854327
298,16,1,84.7323,134.088,0.4245
298,17,3,75.3484,150.912,0.500329
298,18,2,30.4912,153.037,0.768065
298,19,3,45.7325,182.293,0.678234
299,0,2,44.4281,202.92,0.68593
299,1,3,25.753,160.455,0.800361
299,2,2,43.5528,196.585,0.689761
299,3,2,33.7145,218.935,0.748372
299,4,2,88.5952,109.43,0.410004
299,5,2,56.2946,138.316,0.601215
299,6,1,24.1623,160.258,0.812839
299,7,3,31.1644,231.802,0.767307
299,8,1,58.5501,113.959,0.589668
299,9,1,56.8669,173.999,0.614185
299,10,1,29.2372,196.498,0.779182
299,11,1,37.224,251.704,0.726974
299,12,2,46.6331,119.65,0.674219
299,13,2,25.2564,166.369,0.803371
299,14,2,25.9802,259.109,0.798446
299,15,2,17.278,161.63,0.854704
299,16,1,84.766,134.251,0.425874
299,17,3,75.4915,150.923,0.498659
299,18,2,30.5753,152.961,0.76862
299,19,3,45.8588,182.168,0.677885
300,0,2,44.689,202.558,0.685884
300,1,3,26.098,160.294,0.800698
300,2,2,43.679,196.434,0.688993
300,3,2,33.8576,218.625,0.748773
300,4,2,88.8309,109.521,0.410385
300,5,2,56.3451,138.331,0.602378
300,6,1,24.4653,160.031,0.812807
300,7,3,31.4758,230.937,0.767427
300,8,1,58.912,114.009,0.590379
300,9,1,57.2372,173.637,0.614378
300,10,1,29.7001,195.116,0.779153
300,11,1,37.4764,250.977,0.72761
300,12,2,46.9697,120.465,0.675085
300,13,2,25.4921,166.118,0.803644
300,14,2,26.1653,258.201,0.798844
300,15,2,17.4295,161.539,0.855023
300,16,1,84.766,134.251,0.427184
300,17,3,75.845,150.794,0.497055
300,18,2,30.8026,152.907,0.769227
300,19,3,46.2375,181.861,0.677539
301,0,2,44.8825,202.35,0.685839
301,1,3,26.3757,160.08,0.801359
301,2,2,43.8389,196.227,0.688176
301,3,2,33.9838,218.452,0.749388
301,4,2,89.016,109.594,0.410492
301,5,2,56.3872,138.355,0.603697
301,6,1,24.8272,159.734,0.813101
301,7,3,31.7536,230.273,0.767546
301,8,1,59.1981,114.221,0.591248
301,9,1,57.4897,173.589,0.614569
301,10,1,29.9441,194.773,0.77956
301,11,1,37.8636,249.518,0.728241
301,12,2,47.1548,121.554,0.675075
301,13,2,25.6688,166.05,0.804186
301,14,2,26.2748,257.756,0.799511
301,15,2,17.581,161.399,0.855504
301,16,1,84.9679,136.719,0.426909
301,17,3,76.0301,150.822,0.495406
301,18,2,31.013,152.969,0.769992
301,19,3,46.4732,181.664,0.676271
302,0,2,45.0004,202.237,0.685847
302,1,3,26.5946,159.974,0.802016
302,2,2,43.9063,196.138,0.687961
302,3,2,34.068,218.268,0.750108
302,4,2,89.1086,109.625,0.410219
302,5,3,56.5387,138.363,0.604952
302,6,1,25.0376,159.628,0.81334
302,7,3,31.9892,229.776,0.76788
302,8,1,59.417,114.354,0.592057
302,9,1,57.6833,173.556,0.614651
302,10,1,30.1461,194.289,0.779909
302,11,1,38.0656,248.899,0.728977
302,12,2,47.3484,122.735,0.674632
302,13,2,25.7445,165.978,0.804833
302,14,2,26.3,257.678,0.800173
302,15,2,17.6399,161.39,0.855982
302,16,1,85.2288,137.161,0.426907
302,17,3,76.2574,150.796,0.493769
302,18,2,31.1308,153.052,0.770698
302,19,3,46.7593,181.324,0.675228
303,0,2,45.1434,202.071,0.685765
303,1,3,26.906,159.87,0.802624
303,2,2,43.9904,196.085,0.688303
303,3,2,34.1269,218.18,0.750891
303,4,2,89.2517,109.696,0.409061
303,5,3,56.7912,138.435,0.606221
303,6,1,25.248,159.623,0.813857
303,7,3,32.2501,229.237,0.76801
303,8,1,59.5684,114.486,0.593045
303,9,1,57.8516,173.469,0.614213
303,10,1,30.2639,194.052,0.780538
303,11,1,38.2423,248.522,0.729776
303,12,2,47.5336,123.839,0.674317
303,13,2,25.8455,165.944,0.805433
303,14,3,26.3421,257.417,0.800788
303,15,2,17.7578,161.343,0.85641
303,16,1,85.2288,137.161,0.427584
303,17,3,76.5099,150.777,0.492116
303,18,2,31.2234,153.04,0.771412
303,19,3,47.0202,181.214,0.675073
304,0,2,45.4548,201.679,0.68572
304,1,3,27.2089,159.71,0.803273
304,2,2,44.285,195.782,0.689165
304,3,2,34.312,217.785,0.751709
304,4,2,89.4957,109.828,0.407826
304,5,3,57.0016,138.497,0.607514
304,6,1,25.4668,159.686,0.814199
304,7,3,32.5447,228.628,0.768341
304,8,1,59.6694,114.566,0.594165
304,9,1,58.062,173.465,0.613542
304,10,1,30.5585,193.433,0.781258
304,11,1,38.5369,247.789,0.73061
304,12,2,47.5925,124.446,0.674202
304,13,2,25.9297,165.927,0.806071
304,14,3,26.6114,256.412,0.801442
304,15,2,17.884,161.341,0.856881
304,16,1,85.2288,137.161,0.428656
304,17,3,76.7118,150.735,0.4905
304,18,2,31.2739,153.063,0.772162
304,19,3,47.1801,181.161,0.675117
305,0,2,45.6316,201.511,0.685676
305,1,3,27.4614,159.562,0.803916
305,2,2,44.4701,195.524,0.690075
305,3,2,34.4635,217.518,0.752521
305,4,2,89.6977,109.91,0.406974
305,5,3,57.2372,138.57,0.608798
305,6,1,25.7445,159.618,0.814646
305,7,3,32.8056,227.948,0.769045
305,8,1,59.8293,114.69,0.59544
305,9,1,58.3818,173.41,0.612607
305,10,1,30.8531,192.829,0.781974
305,11,1,38.7978,247.128,0.731223
305,12,1,47.7271,124.387,0.674142
305,13,2,26.0812,165.917,0.806706
305,14,3,26.847,255.295,0.802092
305,15,2,17.985,161.203,0.85735
305,16,1,85.3214,139.108,0.429721
305,17,3,76.8633,150.736,0.490021
305,18,2,31.4001,153.116,0.772908
305,19,3,47.3568,181.126,0.675858
306,0,2,45.7578,201.414,0.685632
306,1,3,27.6634,159.571,0.804556
306,2,2,44.5627,195.477,0.691033
306,3,2,34.5645,217.365,0.753329
306,4,2,89.7735,109.956,0.405914
306,5,3,57.3803,138.633,0.610074
306,6,1,25.9297,159.616,0.815251
306,7,3,33.2348,226.386,0.769798
306,8,1,59.9472,114.774,0.59676
306,9,1,58.5417,173.348,0.611785
306,10,1,31.013,192.688,0.782685
306,11,1,38.9829,246.736,0.7321
306,12,1,48.2405,123.402,0.674242
306,13,2,26.1401,165.931,0.807337
306,14,3,26.9733,254.866,0.802738
306,15,2,18.0692,161.222,0.857815
306,16,1,85.414,139.12,0.430726
306,17,3,76.9812,150.765,0.489599
306,18,2,31.459,153.161,0.773648
306,19,3,47.4915,181.065,0.676916
307,0,2,45.842,201.356,0.686601
307,1,3,27.7476,159.607,0.805191
307,2,2,44.5964,195.434,0.692037
307,3,2,34.6318,217.274,0.754131
307,4,2,89.8576,110.006,0.40694
307,5,3,57.4813,138.699,0.611342
307,6,1,26.0728,159.636,0.815851
307,7,3,33.6724,224.396,0.770547
307,8,1,60.0397,114.879,0.598017
307,9,1,58.6259,173.292,0.610756
307,10,1,31.114,192.562,0.783285
307,11,1,39.126,246.398,0.732864
307,12,1,48.7455,122.455,0.674502
307,13,2,26.1906,165.919,0.807963
307,14,3,27.0154,254.771,0.803379
307,15,2,18.1533,161.256,0.858277
307,16,1,85.515,139.147,0.431564
307,17,3,77.0653,150.778,0.4903
307,18,2,31.5095,153.18,0.774384
307,19,3,47.5252,181.055,0.677913
308,0,2,45.8924,201.325,0.687616
308,1,3,27.8065,159.624,0.80577
308,2,2,44.6553,195.403,0.693035
308,3,2,34.6571,217.212,0.754927
308,4,2,89.9081,110.025,0.408649
308,5,3,57.5486,138.734,0.612602
308,6,1,26.2411,159.682,0.816129
308,7,3,34.0343,223.076,0.771237
308,8,1,60.1239,114.949,0.598948
308,9,1,58.7268,173.298,0.609839
308,10,1,31.2486,192.453,0.783828
308,11,1,39.2775,246.026,0.733464
308,12,1,49.2673,121.493,0.674281
308,13,2,26.2327,165.923,0.808532
308,14,3,27.0574,254.657,0.804016
308,15,2,18.2038,161.279,0.858737
308,16,1,85.6833,139.209,0.432184
308,17,3,77.1411,150.801,0.491845
308,18,2,31.5348,153.188,0.775062
308,19,3,47.6009,181.01,0.67885
309,0,2,45.9261,201.296,0.687937
309,1,3,27.857,159.622,0.805232
309,2,2,44.689,195.371,0.69355
309,3,2,34.6823,217.177,0.755295
309,4,2,89.9502,110.054,0.410083
309,5,3,57.5907,138.762,0.613376
309,6,1,26.3505,159.714,0.815346
309,7,3,34.4046,222.014,0.771235
309,8,1,60.1912,114.994,0.598814
309,9,1,58.8278,173.253,0.609405
309,10,1,31.3664,192.427,0.783256
309,11,1,39.3532,245.847,0.733266
309,12,1,49.7722,120.6,0.673798
309,13,2,26.2663,165.925,0.808515
309,14,3,27.1079,254.482,0.803961
309,15,2,18.2206,161.28,0.858769
309,16,1,85.7759,139.251,0.433753
309,17,3,77.1916,150.82,0.49248
309,18,2,31.56,153.181,0.775101
309,19,3,47.643,180.99,0.678829
310,0,2,45.9766,201.282,0.687358
310,1,3,27.9075,159.637,0.803906
310,2,2,44.6974,195.358,0.693587
310,3,2,34.7244,217.14,0.755133
310,4,2,89.9755,110.073,0.410504
310,5,3,57.658,138.836,0.614305
310,6,1,26.5441,159.709,0.813777
310,7,3,34.9012,220.085,0.769966
310,8,1,60.3175,115.115,0.597994
310,9,1,58.8783,173.255,0.608551
310,10,1,31.5095,192.252,0.781262
310,11,1,39.4795,245.593,0.732383
310,12,1,50.2772,119.783,0.672684
310,13,2,26.2832,165.939,0.807707
310,14,3,27.2342,254.155,0.803484
310,15,2,18.2796,161.245,0.858221
310,16,1,85.9358,139.277,0.435577
310,17,3,77.2925,150.851,0.491845
310,18,2,31.5768,153.21,0.774294
310,19,3,47.7187,180.937,0.677699
311,0,2,45.985,201.28,0.687046
311,1,3,27.9748,159.675,0.802852
311,2,2,44.7058,195.357,0.693728
311,3,2,34.7581,217.093,0.755288
311,4,2,89.9923,110.081,0.411133
311,5,3,57.7253,138.876,0.614964
311,6,1,26.6366,159.75,0.812217
311,7,3,35.2041,219.28,0.769178
311,8,1,60.4185,115.184,0.597548
311,9,1,58.8783,173.255,0.608282
311,10,1,31.6526,192.207,0.780438
311,11,1,39.6646,245.263,0.730927
311,12,1,50.7737,118.922,0.672577
311,13,2,26.3,165.918,0.807271
311,14,3,27.352,253.79,0.803588
311,15,2,18.3132,161.258,0.857834
311,16,1,86.0284,139.305,0.436125
311,17,3,77.3767,150.878,0.492266
311,18,2,31.6105,153.255,0.773703
311,19,3,47.8365,180.907,0.67726
312,0,2,45.9934,201.276,0.68747
312,1,3,28.0758,159.711,0.801857
312,2,2,44.7226,195.353,0.694341
312,3,2,34.8254,216.986,0.755651
312,4,2,90.0344,110.114,0.412493
312,5,3,57.7927,138.912,0.615304
312,6,1,26.8302,159.767,0.811559
312,7,3,35.6502,217.919,0.768396
312,8,1,60.5279,115.291,0.597577
312,9,2,58.8952,173.237,0.608381
312,10,1,31.8714,191.841,0.780091
312,11,1,39.8413,244.875,0.730529
312,12,1,51.2955,117.974,0.672366
312,13,2,26.3505,165.917,0.807468
312,14,3,27.4614,253.444,0.804059
312,15,2,18.3385,161.218,0.857922
312,16,1,86.1883,139.298,0.436461
312,17,3,77.402,150.889,0.492579
312,18,2,31.6357,153.251,0.773903
312,19,3,47.887,180.898,0.676247
313,0,2,46.0692,201.199,0.687369
313,1,3,28.1515,159.76,0.800659
313,2,2,44.7479,195.342,0.694584
313,3,2,34.8422,216.972,0.755908
313,4,2,90.068,110.13,0.41353
313,5,3,57.86,138.943,0.615015
313,6,1,26.9312,159.774,0.811115
313,7,3,36.0289,216.955,0.767514
313,8,1,60.6289,115.369,0.598076
313,9,2,58.9036,173.235,0.608584
313,10,1,32.0397,191.699,0.780008
313,11,1,39.9592,244.642,0.730238
313,12,1,51.8089,117.059,0.672417
313,13,2,26.3926,165.951,0.807507
313,14,3,27.5456,253.134,0.804214
313,15,2,18.4395,161.271,0.857643
313,16,1,86.3229,139.346,0.43831
313,17,3,77.402,150.889,0.492785
313,18,2,31.6778,153.262,0.774049
313,19,3,47.9207,180.898,0.675763
314,0,2,46.1113,201.167,0.686539
314,1,3,28.2104,159.77,0.799573
314,2,2,44.7815,195.312,0.693783
314,3,2,34.9012,216.866,0.755641
314,4,2,90.1185,110.162,0.413831
314,5,3,57.9189,138.98,0.614988
314,6,1,27.0827,159.867,0.810256
314,7,3,36.374,216.127,0.766429
314,8,1,60.6962,115.423,0.598676
314,9,2,58.9793,173.208,0.608421
314,10,1,32.1491,191.668,0.778832
314,11,1,40.0938,244.402,0.729272
314,12,1,52.3223,116.176,0.673459
314,13,2,26.4178,165.939,0.807494
314,14,3,27.5961,252.951,0.803116
314,15,2,18.4647,161.269,0.857262
314,16,1,86.5081,139.381,0.440096
314,17,2,77.4356,150.891,0.492991
314,18,2,31.7115,153.271,0.77435
314,19,3,47.946,180.889,0.675908
315,0,2,46.1449,201.141,0.686545
315,1,3,28.2778,159.788,0.798649
315,2,2,44.7815,195.312,0.693662
315,3,2,34.9264,216.844,0.755429
315,4,2,90.1522,110.182,0.414649
315,5,3,57.9273,138.98,0.614753
315,6,1,27.1837,159.835,0.809247
315,7,3,36.719,215.23,0.765662
315,8,1,60.7299,115.444,0.599013
315,9,2,59.013,173.209,0.607896
315,10,1,32.2164,191.656,0.777662
315,11,1,40.178,244.217,0.728675
315,12,1,52.8441,115.295,0.67361
315,13,2,26.4262,165.948,0.807273
315,14,3,27.6213,252.836,0.80239
315,15,2,18.4647,161.269,0.857247
315,16,1,86.5754,139.403,0.441506
315,17,2,77.444,150.889,0.493818
315,18,2,31.7452,153.273,0.774442
315,19,3,47.9712,180.908,0.67574
316,0,2,46.1618,201.132,0.686759
316,1,3,28.3703,159.794,0.798146
316,2,2,44.8068,195.295,0.694216
316,3,2,34.9853,216.768,0.755632
316,4,2,90.2279,110.224,0.415825
316,5,3,57.9526,139,0.615193
316,6,1,27.2763,159.817,0.808606
316,7,3,37.0136,214.437,0.763865
316,8,1,60.7804,115.473,0.599503
316,9,2,59.1056,173.195,0.608203
316,10,1,32.2585,191.641,0.777433
316,11,1,40.2201,244.133,0.72829
316,12,1,53.349,114.449,0.671483
316,13,2,26.4683,165.938,0.807571
316,14,3,27.6802,252.67,0.802392
316,15,2,18.49,161.268,0.857076
316,16,1,86.6511,139.434,0.442701
316,17,2,77.4777,150.904,0.494692
316,18,2,31.8041,153.324,0.77474
316,19,3,48.0133,180.912,0.676195
317,0,2,46.2038,201.108,0.687332
317,1,3,28.4292,159.81,0.798214
317,2,2,44.8404,195.275,0.694921
317,3,2,35.0526,216.651,0.756091
317,4,2,90.2448,110.227,0.417355
317,5,3,58.0031,139.03,0.615837
317,6,1,27.3015,159.825,0.808435
317,7,3,37.224,214.149,0.761873
317,8,1,60.7804,115.473,0.600145
317,9,2,59.1392,173.198,0.608765
317,10,1,32.2754,191.646,0.777462
317,11,1,40.2621,244.082,0.728371
317,12,1,53.8708,113.616,0.669368
317,13,2,26.5104,165.969,0.807867
317,14,3,27.7139,252.584,0.802757
317,15,2,18.5236,161.3,0.857113
317,16,1,86.668,139.445,0.443836
317,17,2,77.5029,150.907,0.495767
317,18,2,31.8377,153.351,0.775191
317,19,3,48.0554,180.918,0.676956
318,0,2,46.2038,201.108,0.687851
318,1,3,28.505,159.777,0.79859
318,2,2,44.8489,195.278,0.695518
318,3,2,35.0779,216.609,0.7566
318,4,2,90.2616,110.239,0.418824
318,5,3,58.0199,139.051,0.61658
318,6,1,27.3268,159.838,0.808007
318,7,3,37.468,213.633,0.76015
318,8,1,60.7888,115.488,0.600834
318,9,2,59.1729,173.197,0.609479
318,10,1,32.2838,191.647,0.77744
318,11,1,40.2958,244.018,0.728349
318,12,1,54.3842,112.804,0.667267
318,13,2,26.5525,165.996,0.808161
318,14,3,27.7307,252.546,0.80317
318,15,2,18.5741,161.262,0.857305
318,16,1,86.6932,139.457,0.444502
318,17,2,77.5282,150.916,0.496938
318,18,2,31.863,153.378,0.775794
318,19,3,48.0806,180.909,0.677507
319,0,2,46.2123,201.099,0.688725
319,1,3,28.5387,159.77,0.798912
319,2,2,44.8657,195.263,0.696317
319,3,2,35.0947,216.6,0.75731
319,4,2,90.27,110.243,0.420437
319,5,3,58.0452,139.058,0.617626
319,6,1,27.352,159.878,0.807992
319,7,3,37.5774,213.482,0.758541
319,8,1,60.7888,115.488,0.601672
319,9,2,59.1729,173.197,0.610085
319,10,1,32.2838,191.647,0.777367
319,11,1,40.3042,243.998,0.728737
319,12,1,54.8976,111.965,0.665179
319,13,2,26.5525,165.996,0.808608
319,14,3,27.798,252.34,0.803427
319,15,2,18.5741,161.262,0.857597
319,16,1,86.71,139.468,0.445778
319,17,2,77.545,150.928,0.498051
319,18,2,31.8714,153.384,0.77629
319,19,3,48.0974,180.906,0.678209
320,0,2,46.2291,201.095,0.68944
320,1,3,28.5807,159.794,0.799182
320,2,2,44.8994,195.244,0.697162
320,3,2,35.1031,216.596,0.757709
320,4,2,90.2784,110.254,0.42204
320,5,3,58.0788,139.08,0.618307
320,6,1,27.352,159.878,0.807364
320,7,3,37.6953,213.38,0.756635
320,8,1,60.7888,115.488,0.602148
320,9,2,59.1729,173.197,0.611046
320,10,1,32.2922,191.632,0.777295
320,11,1,40.3042,243.998,0.728714
320,12,1,55.4025,111.152,0.663206
320,13,2,26.5777,166.014,0.809
320,14,3,27.8065,252.326,0.803171
320,15,2,18.5741,161.262,0.857683
320,16,1,86.7269,139.479,0.446484
320,17,2,77.5619,150.932,0.499105
320,18,2,31.9135,153.403,0.776886
320,19,3,48.1227,180.911,0.678548
321,0,2,46.2375,201.099,0.690355
321,1,3,28.9258,158.645,0.799246
321,2,2,44.8994,195.244,0.698053
321,3,2,35.1116,216.579,0.75831
321,4,2,90.2784,110.254,0.423736
321,5,3,58.0872,139.087,0.619137
321,6,1,27.352,159.878,0.807351
321,7,3,37.8131,213.273,0.755302
321,8,1,60.7972,115.494,0.602773
321,9,2,59.1729,173.197,0.612255
321,10,1,32.3006,191.637,0.777121
321,11,2,40.3631,244.113,0.728487
321,12,1,55.6971,111.558,0.661195
321,13,2,26.5861,166.028,0.809594
321,14,3,27.8149,252.295,0.80312
321,15,1,18.9108,160.657,0.857973
321,16,1,86.8868,139.609,0.447594
321,17,2,77.5619,150.932,0.500204
321,18,2,31.9219,153.403,0.777427
321,19,3,48.1311,180.917,0.679088
322,0,2,46.2375,201.099,0.691213
322,1,3,29.3213,157.515,0.79941
322,2,2,44.8994,195.244,0.698938
322,3,2,35.1116,216.579,0.758652
322,4,2,90.2784,110.254,0.425268
322,5,3,58.0872,139.087,0.620013
322,6,1,27.3604,159.872,0.806881
322,7,3,37.9898,212.985,0.75357
322,8,1,60.7972,115.494,0.603496
322,9,2,59.1729,173.197,0.613356
322,10,1,32.3174,191.607,0.776338
322,11,2,40.38,244.283,0.728312
322,12,1,56.0926,112.264,0.659145
322,13,2,26.5861,166.028,0.809829
322,14,3,27.8485,252.179,0.803171
322,15,1,19.382,161.173,0.858159
322,16,1,87.215,140.08,0.44829
322,17,2,77.5703,150.929,0.501601
322,18,2,31.9219,153.403,0.777913
322,19,3,48.1311,180.917,0.679829
323,0,2,46.2375,201.099,0.691762
323,1,3,29.8852,155.576,0.799574
323,2,2,44.8994,195.244,0.699716
323,3,2,35.1116,216.579,0.759246
323,4,2,90.2784,110.254,0.426892
323,5,3,58.1377,139.133,0.620681
323,6,1,27.3604,159.872,0.806819
323,7,3,38.175,212.696,0.752153
323,8,1,60.7972,115.494,0.604063
323,9,2,59.1729,173.197,0.614348
323,10,1,32.3259,191.6,0.775965
323,11,2,40.38,244.283,0.728443
323,12,1,56.4377,112.937,0.657108
323,13,2,26.5861,166.028,0.810163
323,14,3,27.8654,252.132,0.803172
323,15,1,19.5335,161.881,0.858091
323,16,1,87.6274,140.348,0.449134
323,17,2,77.5703,150.929,0.503141
323,18,2,31.9219,153.403,0.778397
323,19,3,48.1564,180.906,0.680565
324,0,2,46.2375,201.099,0.692459
324,1,3,30.306,155.604,0.799838
324,2,2,44.8994,195.244,0.700439
324,3,2,35.1116,216.579,0.759685
324,4,2,90.2784,110.254,0.428304
324,5,3,58.163,139.145,0.621547
324,6,1,27.3772,159.876,0.806606
324,7,3,38.6126,211.48,0.750593
324,8,2,60.7972,115.494,0.60493
324,9,2,59.1729,173.197,0.615183
324,10,1,32.3259,191.6,0.77615
324,11,2,40.38,244.283,0.728471
324,12,1,56.7828,113.749,0.655084
324,13,2,26.5861,166.028,0.810596
324,14,3,27.8822,252.103,0.803576
324,15,1,19.5335,161.881,0.858377
324,16,1,88.1828,140.125,0.449922
324,17,2,77.5703,150.929,0.50447
324,18,2,31.9219,153.403,0.778777
324,19,3,48.1816,180.869,0.681348
325,0,3,46.2459,201.069,0.693202
325,1,3,30.5753,156.207,0.80005
325,2,2,44.8994,195.244,0.70136
325,3,2,35.1116,216.579,0.760272
325,4,2,90.2784,110.254,0.429859
325,5,3,58.1714,139.145,0.622709
325,6,1,27.4025,159.877,0.806445
325,7,3,38.8903,210.905,0.749144
325,8,2,60.7972,115.494,0.605942
325,9,2,59.1729,173.197,0.616062
325,10,1,32.3259,191.6,0.776435
325,11,2,40.4305,249.148,0.728902
325,12,1,57.254,114.177,0.653072
325,13,2,26.5861,166.028,0.811078
325,14,3,27.8906,252.078,0.803927
325,15,2,19.5335,161.881,0.858711
325,16,1,88.6962,139.454,0.451309
325,17,2,77.5703,150.929,0.505891
325,18,2,31.9219,153.403,0.779355
325,19,3,48.1984,180.853,0.682276
326,0,3,46.288,201.036,0.693991
326,1,3,30.6174,156.2,0.80011
326,2,2,44.8994,195.244,0.702023
326,3,2,35.12,216.591,0.760504
326,4,2,90.2784,110.254,0.431203
326,5,3,58.1882,139.155,0.623663
326,6,1,27.4109,159.868,0.806636
326,7,3,39.1092,210.568,0.748356
326,8,2,60.7972,115.494,0.606847
326,9,2,59.1729,173.197,0.616736
326,10,1,32.3343,191.584,0.776919
326,11,2,40.5146,253.231,0.729381
326,12,1,57.7674,113.348,0.651072
326,13,2,26.5946,166.041,0.811405
326,14,3,27.9327,251.967,0.804227
326,15,2,19.5588,161.891,0.859043
326,16,1,89.1928,138.808,0.452538
326,17,2,77.5703,150.929,0.507254
326,18,2,31.9387,153.446,0.779579
326,19,3,48.2742,180.829,0.682897
327,0,3,46.3301,201.001,0.694725
327,1,3,30.6679,156.234,0.80032
327,2,2,44.9078,195.254,0.702783
327,3,2,35.12,216.591,0.761035
327,4,2,90.2868,110.264,0.43284
327,5,3,58.1966,139.159,0.624512
327,6,1,27.4109,159.868,0.807076
327,7,3,39.3616,210.177,0.748073
327,8,2,60.7972,115.494,0.608047
327,9,2,59.1729,173.197,0.617706
327,10,1,32.3343,191.584,0.7775
327,11,2,40.5651,254.078,0.729957
327,12,1,58.2135,112.837,0.649084
327,13,2,26.5946,166.041,0.811831
327,14,3,27.9664,251.858,0.804674
327,15,2,19.5672,161.915,0.859323
327,16,1,89.4452,138.933,0.454059
327,17,2,77.5703,150.929,0.508558
327,18,2,31.9387,153.446,0.780102
327,19,3,48.3163,180.818,0.683715
328,0,3,46.5236,200.758,0.695654
328,1,3,30.8951,156.17,0.800579
328,2,2,44.9919,195.235,0.703687
328,3,2,35.2715,216.371,0.761563
328,4,2,90.4215,110.342,0.434466
328,5,2,58.2387,139.17,0.625555
328,6,1,27.4698,159.933,0.807514
328,7,3,39.6814,209.532,0.747343
328,8,2,60.9318,115.592,0.60919
328,9,2,59.3328,173.195,0.61877
328,10,1,32.4353,191.495,0.778177
328,11,2,40.5651,254.078,0.730629
328,12,1,58.5754,113.461,0.647109
328,13,2,26.7292,166.102,0.812154
328,14,3,28.1768,251.252,0.805119
328,15,2,19.7103,161.941,0.859452
328,16,1,89.4452,138.933,0.455571
328,17,2,77.7049,150.981,0.509954
328,18,2,32.1323,153.422,0.780672
328,19,3,48.5772,180.616,0.684528
329,0,3,46.7425,200.639,0.696478
329,1,3,31.114,156.158,0.800935
329,2,2,45.1098,195.158,0.704337
329,3,2,35.3893,216.157,0.762236
329,4,2,90.5225,110.38,0.436082
329,5,2,58.2892,139.202,0.626542
329,6,1,27.5456,159.981,0.807998
329,7,3,40.0602,208.709,0.747413
329,8,2,61.0581,115.659,0.610376
329,9,2,59.4843,173.157,0.619926
329,10,1,32.5194,191.457,0.77885
329,11,2,40.5735,254.612,0.731446
329,12,1,58.9372,114.153,0.645145
329,13,2,26.847,166.068,0.812624
329,14,3,28.4377,250.345,0.805362
329,15,2,19.7776,161.908,0.859879
329,16,1,89.4452,138.933,0.457173
329,17,2,77.8732,150.972,0.511291
329,18,2,32.2669,153.404,0.781188
329,19,3,48.8212,180.481,0.685386
330,0,3,46.8014,200.593,0.697297
330,1,3,31.2486,156.183,0.801289
330,2,2,45.1182,195.156,0.705182
330,3,2,35.4145,216.129,0.762856
330,4,2,90.5477,110.393,0.437788
330,5,2,58.3481,139.235,0.627523
330,6,1,27.554,159.986,0.808579
330,7,3,40.5483,206.801,0.747483
330,8,2,61.1002,115.703,0.611505
330,9,2,59.5264,173.161,0.621076
330,10,1,32.5278,191.452,0.77942
330,11,2,40.6409,259.829,0.732259
330,12,1,59.3749,114.675,0.643194
330,13,2,26.906,166.043,0.813092
330,14,3,28.5555,250.021,0.805852
330,15,2,19.8281,161.9,0.860303
330,16,1,89.4452,138.933,0.458716
330,17,2,77.9069,150.986,0.51272
330,18,2,32.3343,153.413,0.781651
330,19,3,48.939,180.456,0.686139
331,0,3,46.835,200.578,0.698176
331,1,3,31.3159,156.205,0.799624
331,2,2,45.1182,195.156,0.706036
331,3,2,35.4145,216.129,0.763534
331,4,2,90.5477,110.393,0.439462
331,5,2,58.3481,139.235,0.628566
331,6,1,27.554,159.986,0.809117
331,7,3,41.0617,204.826,0.747466
331,8,2,61.1086,115.718,0.612646
331,9,2,59.5264,173.161,0.622188
331,10,1,32.5363,191.434,0.780046
331,11,2,40.7503,261.958,0.732239
331,12,1,59.9303,114.057,0.642161
331,13,2,26.9144,166.06,0.813615
331,14,3,28.5807,249.934,0.806397
331,15,2,19.8281,161.9,0.858209
331,16,1,89.6641,142.436,0.458892
331,17,2,77.9069,150.986,0.514164
331,18,2,32.3343,153.413,0.782271
331,19,3,49.0064,180.429,0.687052
332,0,3,46.8771,200.537,0.699083
332,1,3,31.3917,156.204,0.797614
332,2,2,45.1182,195.156,0.70692
332,3,2,35.4145,216.129,0.764245
332,4,2,90.5477,110.393,0.441147
332,5,2,58.3481,139.235,0.629683
332,6,1,27.554,159.986,0.809641
332,7,3,41.5414,202.901,0.74724
332,8,2,61.1086,115.718,0.613811
332,9,2,59.5264,173.161,0.623324
332,10,1,32.5447,191.428,0.78056
332,11,2,40.8344,263.128,0.732896
332,12,1,60.3175,114.109,0.640871
332,13,2,26.9144,166.06,0.814176
332,14,3,28.6396,249.716,0.806782
332,15,2,19.8281,161.9,0.855974
332,16,1,89.9586,142.943,0.458646
332,17,2,77.9069,150.986,0.515576
332,18,2,32.3343,153.413,0.782926
332,19,3,49.0821,180.406,0.687993
333,0,3,46.9108,200.533,0.699985
333,1,3,31.4253,156.203,0.795223
333,2,2,45.1182,195.156,0.707799
333,3,2,35.4145,216.129,0.764952
333,4,2,90.5477,110.393,0.442823
333,5,2,58.3481,139.235,0.6304
333,6,1,27.5624,159.978,0.810212
333,7,3,41.9538,201.708,0.746769
333,8,2,61.1086,115.718,0.614969
333,9,2,59.5264,173.161,0.624453
333,10,1,32.5699,191.406,0.781218
333,11,2,40.9102,264.623,0.733697
333,12,1,60.6709,114.755,0.639933
333,13,2,26.9144,166.06,0.814733
333,14,3,28.707,249.5,0.807263
333,15,2,19.8281,161.9,0.855914
333,16,1,90.3205,143.276,0.45786
333,17,2,77.9069,150.986,0.517028
333,18,2,32.3343,153.413,0.783577
333,19,3,49.1579,180.361,0.688781
334,0,3,46.9276,200.529,0.700882
334,1,3,31.4506,156.219,0.793141
334,2,2,45.1182,195.156,0.708672
334,3,2,35.4145,216.129,0.765654
334,4,2,90.5477,110.393,0.444488
334,5,2,58.3481,139.235,0.631455
334,6,1,27.5708,159.974,0.810681
334,7,3,42.3998,200.437,0.745174
334,8,2,61.1086,115.718,0.61612
334,9,2,59.5264,173.161,0.625576
334,10,1,32.5699,191.406,0.781872
334,11,2,40.9775,265.981,0.734493
334,12,1,61.0328,115.414,0.639049
334,13,2,26.9144,166.06,0.815287
334,14,3,28.7322,249.39,0.807741
334,15,2,19.8281,161.9,0.856345
334,16,1,90.6656,143.601,0.456639
334,17,2,77.9069,150.986,0.518471
334,18,2,32.3343,153.413,0.784223
334,19,3,49.1915,180.371,0.689564
335,0,3,46.9529,200.514,0.701676
335,1,3,31.4758,156.223,0.792682
335,2,2,45.1182,195.156,0.70954
335,3,2,35.4145,216.129,0.766352
335,4,2,90.5477,110.393,0.446143
335,5,2,58.3481,139.235,0.632505
335,6,1,27.5708,159.974,0.811099
335,7,3,42.8459,199.221,0.744077
335,8,2,61.1086,115.718,0.617263
335,9,2,59.5264,173.161,0.626691
335,10,1,32.5699,191.406,0.782522
335,11,2,41.0532,267.508,0.73504
335,12,1,61.3863,116.057,0.63778
335,13,2,26.9144,166.06,0.815837
335,14,3,28.7322,249.39,0.808168
335,15,2,19.8281,161.9,0.856724
335,16,1,90.977,143.954,0.455278
335,17,2,77.9069,150.986,0.519906
335,18,2,32.3343,153.413,0.784818
335,19,3,49.1915,180.371,0.690294
336,0,3,46.9949,200.492,0.702318
336,1,3,31.4843,156.229,0.793055
336,2,2,45.1182,195.156,0.710403
336,3,2,35.4145,216.129,0.766998
336,4,2,90.5477,110.393,0.447789
336,5,2,58.3481,139.235,0.633499
336,6,1,27.6213,159.974,0.811611
336,7,3,43.233,198.076,0.743863
336,8,2,61.1086,115.718,0.618401
336,9,2,59.5264,173.161,0.627801
336,10,1,32.5699,191.406,0.783119
336,11,2,41.129,269.037,0.735291
336,12,1,61.7482,116.699,0.635885
336,13,2,26.9144,166.06,0.816335
336,14,3,28.7491,249.365,0.808591
336,15,2,19.8281,161.9,0.857052
336,16,1,91.2799,144.421,0.453926
336,17,2,77.9069,150.986,0.521333
336,18,2,32.3343,153.413,0.785408
336,19,3,49.242,180.335,0.690775
337,0,3,47.0118,200.476,0.702957
337,1,3,31.4927,156.23,0.793085
337,2,2,45.1182,195.156,0.711115
337,3,2,35.4145,216.129,0.767542
337,4,2,90.5477,110.393,0.449279
337,5,2,58.3481,139.235,0.634536
337,6,1,27.6297,159.98,0.812024
337,7,3,43.7043,197.168,0.742922
337,8,2,61.1086,115.718,0.619337
337,9,2,59.5264,173.161,0.628563
337,10,1,32.5783,191.414,0.783761
337,11,2,41.2047,270.554,0.735833
337,12,1,62.0848,117.343,0.634002
337,13,2,26.9144,166.06,0.816637
337,14,3,28.7911,249.241,0.808867
337,15,2,19.8281,161.9,0.857184
337,16,1,91.6334,144.754,0.453746
337,17,2,77.9069,150.986,0.522556
337,18,2,32.3343,153.413,0.78585
337,19,3,49.2673,180.326,0.691351
338,0,3,47.0286,200.475,0.702576
338,1,3,31.5095,156.234,0.792486
338,2,2,45.1182,195.156,0.711533
338,3,2,35.4145,216.129,0.767454
338,4,2,90.5477,110.393,0.450179
338,5,2,58.3481,139.235,0.635325
338,6,1,27.6466,159.999,0.812288
338,7,3,44.0325,196.563,0.74189
338,8,2,61.1086,115.718,0.619686
338,9,2,59.5264,173.161,0.628934
338,10,1,32.6036,191.39,0.783771
338,11,2,41.2889,272.172,0.736564
338,12,1,62.4383,117.989,0.632952
338,13,2,26.9144,166.06,0.8165
338,14,3,28.7996,249.232,0.808028
338,15,2,19.8281,161.9,0.856977
338,16,1,92.1804,144.644,0.45536
338,17,2,77.9069,150.986,0.523192
338,18,2,32.3343,153.413,0.78532
338,19,3,49.2757,180.328,0.690859
339,0,3,47.0623,200.467,0.702196
339,1,3,31.5768,156.29,0.791938
339,2,2,45.1182,195.156,0.711706
339,3,2,35.4145,216.129,0.767415
339,4,2,90.5477,110.393,0.451267
339,5,2,58.3481,139.235,0.636109
339,6,1,27.655,160.012,0.812455
339,7,3,44.4365,195.521,0.740574
339,8,2,61.1086,115.718,0.620179
339,9,2,59.5264,173.161,0.629302
339,10,1,32.6036,191.39,0.783925
339,11,2,41.3899,273.515,0.73734
339,12,1,62.8002,118.619,0.632006
339,13,2,26.9144,166.06,0.816365
339,14,3,28.8332,249.14,0.807241
339,15,2,19.8281,161.9,0.857012
339,16,1,92.7107,143.986,0.456964
339,17,2,77.9069,150.986,0.523775
339,18,2,32.3343,153.413,0.78518
339,19,3,49.3009,180.336,0.690224
340,0,3,47.0623,200.467,0.70283
340,1,3,31.6105,156.294,0.791779
340,2,2,45.1182,195.156,0.712553
340,3,2,35.4145,216.129,0.76805
340,4,2,90.5477,110.393,0.452734
340,5,2,58.3481,139.235,0.636889
340,6,1,27.6718,160.028,0.813005
340,7,3,44.8236,194.942,0.738593
340,8,2,61.1086,115.718,0.621101
340,9,2,59.5348,173.181,0.63015
340,10,1,32.6204,191.392,0.784559
340,11,2,41.474,274.737,0.737678
340,12,1,63.1621,119.22,0.630728
340,13,2,26.9144,166.06,0.816663
340,14,3,28.8753,249.014,0.807229
340,15,2,19.8281,161.9,0.857191
340,16,1,93.2324,143.302,0.458558
340,17,2,77.9069,150.986,0.525029
340,18,2,32.3343,153.413,0.785666
340,19,3,49.3598,180.313,0.690605
341,0,3,47.0623,200.467,0.703604
341,1,3,31.6273,156.316,0.792149
341,2,3,45.1266,195.145,0.713442
341,3,2,35.4145,216.129,0.768777
341,4,2,90.5477,110.393,0.454384
341,5,2,58.3481,139.235,0.638
341,6,1,27.7223,160.063,0.813601
341,7,3,45.1434,194.583,0.736478
341,8,2,61.1086,115.718,0.622258
341,9,2,59.5348,173.181,0.631281
341,10,1,32.6457,191.357,0.78519
341,11,2,41.5498,276.237,0.737918
341,12,1,63.5829,119.724,0.628881
341,13,2,26.9144,166.06,0.817248
341,14,3,28.8753,249.014,0.807746
341,15,2,19.8281,161.9,0.857657
341,16,1,93.7458,142.645,0.458943
341,17,2,77.9069,150.986,0.526467
341,18,2,32.3343,153.413,0.786342
341,19,3,49.3767,180.314,0.691222
342,0,2,47.0623,200.467,0.70423
342,1,3,31.661,156.327,0.792277
342,2,3,45.1266,195.145,0.714279
342,3,2,35.4145,216.129,0.769452
342,4,2,90.5562,110.414,0.455977
342,5,2,58.3481,139.235,0.639056
342,6,1,27.7728,160.089,0.814097
342,7,3,45.3875,194.285,0.734472
342,8,2,61.117,115.742,0.623361
342,9,2,59.5348,173.181,0.632357
342,10,1,32.6457,191.357,0.785769
342,11,2,41.634,277.678,0.738205
342,12,1,64.0037,120.195,0.627381
342,13,2,26.9144,166.06,0.817782
342,14,3,28.8753,249.014,0.807876
342,15,2,19.8281,161.9,0.858073
342,16,1,94.2508,142.006,0.458848
342,17,2,77.9153,151.006,0.52785
342,18,2,32.3343,153.413,0.786965
342,19,3,49.3851,180.318,0.691693
343,0,2,47.0791,200.482,0.704948
343,1,3,32.006,155.152,0.79269
343,2,3,45.1687,195.123,0.71511
343,3,2,35.4314,216.193,0.770123
343,4,2,90.5646,110.428,0.45756
343,5,2,58.3565,139.261,0.640107
343,6,1,27.8065,160.088,0.814638
343,7,3,45.6316,194.015,0.732764
343,8,2,61.117,115.742,0.624457
343,9,2,59.5348,173.181,0.633427
343,10,1,32.6962,191.34,0.786249
343,11,2,41.7265,279.26,0.738537
343,12,1,64.273,120.766,0.626461
343,13,1,27.2258,164.841,0.818312
343,14,2,28.8753,249.014,0.808102
343,15,1,19.8449,161.881,0.858486
343,16,1,94.7389,141.452,0.458371
343,17,2,77.9237,151.019,0.529224
343,18,2,32.3427,153.446,0.787585
343,19,3,49.4272,180.307,0.692209
344,0,2,47.1044,200.489,0.705661
344,1,3,32.5278,153.113,0.793197
344,2,3,45.2865,195.058,0.715937
344,3,2,35.4566,216.229,0.77079
344,4,2,90.6067,110.505,0.459134
344,5,2,58.365,139.276,0.641151
344,6,1,27.8654,160.081,0.815128
344,7,3,46.0355,193.362,0.731113
344,8,2,61.1254,115.758,0.625547
344,9,2,59.5769,173.256,0.634491
344,10,1,32.7046,191.335,0.78687
344,11,2,41.8528,280.442,0.738868
344,12,1,64.374,121.627,0.6255
344,13,1,27.7391,162.377,0.818839
344,14,2,28.9005,248.925,0.808563
344,15,1,19.8786,161.886,0.858896
344,16,1,95.2018,141.288,0.457992
344,17,2,77.9406,151.051,0.53059
344,18,2,32.3511,153.48,0.788202
344,19,3,49.5787,180.31,0.692912
345,0,2,47.1044,200.489,0.706418
345,1,3,33.0328,151.265,0.793653
345,2,3,45.3959,195.023,0.716759
345,3,2,35.465,216.228,0.771453
345,4,2,90.6235,110.54,0.460699
345,5,2,58.365,139.276,0.64219
345,6,1,27.9243,160.122,0.815663
345,7,3,46.3385,192.956,0.729425
345,8,2,61.1254,115.758,0.626631
345,9,2,59.5769,173.256,0.635549
345,10,2,32.7046,191.335,0.787486
345,11,2,41.9706,281.462,0.739196
345,12,1,64.5928,122.776,0.624591
345,13,1,28.2357,160.18,0.819363
345,14,2,28.909,248.91,0.809117
345,15,1,19.9543,161.887,0.859305
345,16,1,95.7236,141.294,0.457806
345,17,2,77.9742,151.114,0.531948
345,18,2,32.3511,153.48,0.788815
345,19,3,49.6796,180.325,0.6938
346,0,2,47.1128,200.51,0.707029
346,1,3,33.5462,149.365,0.794201
346,2,3,45.4885,194.937,0.717576
346,3,2,35.465,216.228,0.772112
346,4,2,90.6403,110.574,0.462255
346,5,2,58.365,139.276,0.643222
346,6,1,28,160.189,0.815911
346,7,3,46.7509,192.045,0.727746
346,8,2,61.1422,115.8,0.627708
346,9,2,59.5769,173.256,0.6366
346,10,2,32.7214,191.376,0.7881
346,11,2,42.0632,282.583,0.739523
346,12,1,64.82,123.585,0.62364
346,13,1,28.7406,157.903,0.819885
346,14,2,28.9174,248.895,0.809526
346,15,1,20.0385,161.947,0.859711
346,16,1,96.1023,141.434,0.457667
346,17,2,77.9911,151.154,0.533299
346,18,2,32.3511,153.48,0.789424
346,19,3,49.7554,180.318,0.6944
347,0,2,47.1296,200.551,0.707777
347,1,3,34.0175,147.828,0.794746
347,2,3,45.5558,194.914,0.718389
347,3,2,35.465,216.228,0.772768
347,4,2,90.6403,110.574,0.463802
347,5,2,58.365,139.276,0.644248
347,6,1,28.0337,160.165,0.816394
347,7,3,47.1128,191.535,0.726171
347,8,2,61.1507,115.833,0.628779
347,9,2,59.5769,173.256,0.637646
347,10,2,32.7382,191.443,0.788615
347,11,2,42.1894,283.996,0.739848
347,12,1,64.9884,124.451,0.622836
347,13,1,29.2204,155.841,0.820403
347,14,2,28.9174,248.895,0.809885
347,15,1,20.089,161.997,0.860114
347,16,1,96.4558,141.749,0.457247
347,17,2,77.9911,151.154,0.534641
347,18,3,32.4016,153.464,0.79003
347,19,3,49.8143,180.334,0.695137
348,0,2,47.1296,200.551,0.708521
348,1,3,34.5224,146.519,0.795194
348,2,3,45.5726,194.899,0.719197
348,3,2,35.4734,216.242,0.77342
348,4,2,90.6487,110.595,0.46534
348,5,2,58.365,139.276,0.645269
348,6,1,28.0674,160.166,0.816827
348,7,3,47.4494,191.16,0.724934
348,8,2,61.1591,115.86,0.629844
348,9,2,59.5769,173.256,0.638685
348,10,2,32.7467,191.48,0.789127
348,11,2,42.3325,285.082,0.740124
348,12,1,65.1903,125.354,0.621943
348,13,1,29.7674,153.604,0.820918
348,14,2,28.9174,248.895,0.810337
348,15,1,20.1395,162.003,0.860515
348,16,1,96.8008,142.09,0.456029
348,17,2,77.9995,151.173,0.535976
348,18,3,32.4268,153.513,0.790632
348,19,3,49.848,180.312,0.695965
349,0,2,47.1296,200.551,0.709168
349,1,3,35.0274,144.826,0.795451
349,2,3,45.64,194.86,0.72
349,3,2,35.4734,216.242,0.774068
349,4,2,90.6487,110.595,0.46687
349,5,2,58.3986,139.372,0.646284
349,6,1,28.1263,160.247,0.817304
349,7,3,47.7524,190.782,0.723564
349,8,2,61.1591,115.86,0.630903
349,9,2,59.5937,173.292,0.639672
349,10,2,32.7467,191.48,0.789683
349,11,2,42.4671,286.089,0.740305
349,12,1,65.4007,126.195,0.621008
349,13,1,30.2471,151.837,0.82143
349,14,2,28.9258,248.928,0.810692
349,15,1,20.1647,162,0.860914
349,16,1,97.1543,142.42,0.454725
349,17,2,78.0079,151.193,0.537304
349,18,3,32.4773,153.576,0.791231
349,19,3,49.8732,180.313,0.696647
350,0,2,47.1296,200.551,0.709997
350,1,3,35.4903,143.367,0.795754
350,2,3,45.6736,194.844,0.720799
350,3,2,35.4819,216.268,0.774712
350,4,2,90.6656,110.624,0.468391
350,5,2,58.4239,139.429,0.647293
350,6,1,28.1431,160.251,0.817684
350,7,3,48.0469,190.509,0.722155
350,8,2,61.1591,115.86,0.631955
350,9,2,59.6021,173.309,0.6407
350,10,2,32.7467,191.48,0.79019
350,11,2,42.6018,287.088,0.740625
350,12,1,65.6027,127.034,0.620079
350,13,1,30.6511,150.718,0.82194
350,14,2,28.9426,248.957,0.811045
350,15,1,20.19,162.028,0.861311
350,16,1,97.4825,142.75,0.453427
350,17,2,78.0079,151.193,0.538623
350,18,3,32.5278,153.615,0.791826
350,19,3,49.9237,180.294,0.697232
351,0,2,47.1548,200.61,0.710822
351,1,3,36.0205,141.999,0.796242
351,2,3,45.6989,194.818,0.721546
351,3,2,35.5239,216.347,0.775353
351,4,2,90.6656,110.624,0.469903
351,5,2,58.4323,139.449,0.648296
351,6,1,28.1431,160.251,0.81797
351,7,3,48.291,190.275,0.72136
351,8,2,61.1927,115.953,0.633002
351,9,2,59.6189,173.336,0.641721
351,10,2,32.7551,191.5,0.790693
351,11,2,42.7364,288.094,0.740896
351,12,1,65.7963,127.884,0.618874
351,13,1,31.1813,149.134,0.822446
351,14,2,28.9763,249.024,0.811582
351,15,1,20.19,162.028,0.861706
351,16,1,97.8023,143.11,0.452138
351,17,2,78.0079,151.193,0.539936
351,18,3,32.5531,153.639,0.792419
351,19,3,49.9237,180.294,0.698
352,0,2,47.1885,200.682,0.711642
352,1,3,36.5339,140.415,0.79668
352,2,3,45.7157,194.807,0.722336
352,3,2,35.5324,216.353,0.775897
352,4,2,90.6908,110.675,0.471359
352,5,2,58.4491,139.497,0.649293
352,6,1,28.1431,160.251,0.818161
352,7,3,48.4509,190.184,0.720755
352,8,2,61.218,116.02,0.633997
352,9,2,59.6189,173.336,0.642738
352,10,2,32.7803,191.54,0.791147
352,11,2,42.8627,289.079,0.741213
352,12,1,65.9057,128.77,0.617631
352,13,1,31.5768,148.434,0.82295
352,14,2,29.01,249.007,0.812116
352,15,1,20.2236,162.078,0.862098
352,16,1,98.1221,143.493,0.450855
352,17,2,78.0247,151.226,0.541194
352,18,3,32.5868,153.649,0.793007
352,19,3,49.9237,180.294,0.69881
353,0,2,47.1969,200.706,0.712365
353,1,3,37.0388,138.884,0.795262
353,2,3,45.7241,194.801,0.722797
353,3,2,35.5408,216.35,0.776485
353,4,2,90.6992,110.693,0.472762
353,5,2,58.4912,139.592,0.650239
353,6,1,28.1515,160.261,0.818443
353,7,3,48.7791,189.711,0.720108
353,8,2,61.2516,116.112,0.634985
353,9,2,59.6189,173.336,0.643702
353,10,2,32.7972,191.568,0.791599
353,11,2,42.9973,290.091,0.741388
353,12,1,66.0319,129.858,0.617182
353,13,1,32.006,148.07,0.821642
353,14,2,29.0184,249.01,0.812601
353,15,1,20.2405,162.127,0.862349
353,16,1,98.442,143.829,0.449627
353,17,2,78.0332,151.246,0.542445
353,18,3,32.5952,153.666,0.7935
353,19,3,49.949,180.293,0.699244
354,0,2,47.1969,200.706,0.713037
354,1,3,37.5522,137.4,0.793019
354,2,3,45.7241,194.801,0.722931
354,3,2,35.566,216.367,0.776976
354,4,2,90.7076,110.708,0.474064
354,5,2,58.4912,139.592,0.651179
354,6,1,28.1599,160.254,0.818678
354,7,3,49.1242,189.338,0.71877
354,8,2,61.2853,116.14,0.636015
354,9,1,59.6274,173.342,0.644521
354,10,2,32.7972,191.568,0.792141
354,11,2,43.1404,291.001,0.741424
354,12,1,66.2087,130.791,0.617707
354,13,1,32.4437,147.713,0.819371
354,14,2,29.0352,248.985,0.813037
354,15,1,20.2489,162.152,0.862598
354,16,1,98.7113,144.241,0.448405
354,17,2,78.0332,151.246,0.543551
354,18,3,32.612,153.668,0.794082
354,19,3,49.9574,180.292,0.69926
355,0,2,47.1969,200.706,0.713844
355,1,3,38.0572,136.02,0.790835
355,2,3,45.783,194.78,0.723111
355,3,2,35.5744,216.36,0.777604
355,4,2,90.7076,110.708,0.475451
355,5,2,58.4912,139.592,0.65216
355,6,1,28.1599,160.254,0.818819
355,7,3,49.646,187.957,0.717763
355,8,2,61.2853,116.14,0.636992
355,9,1,59.6274,173.342,0.645521
355,10,2,32.7972,191.568,0.792725
355,11,2,43.233,291.939,0.741506
355,12,1,66.377,131.669,0.617629
355,13,1,32.8813,148.38,0.817113
355,14,2,29.052,248.925,0.813517
355,15,1,20.2489,162.152,0.862431
355,16,1,98.9806,144.677,0.447282
355,17,2,78.0332,151.246,0.544742
355,18,3,32.612,153.668,0.794661
355,19,3,49.9826,180.282,0.699645
356,0,2,47.1969,200.706,0.714555
356,1,3,38.5705,134.631,0.788617
356,2,3,45.7915,194.778,0.723428
356,3,2,35.5744,216.36,0.778227
356,4,2,90.7076,110.708,0.47683
356,5,2,58.4912,139.592,0.653135
356,6,1,28.1599,160.254,0.818913
356,7,3,50.0415,187.078,0.716164
356,8,2,61.2937,116.148,0.637964
356,9,1,59.6358,173.336,0.646515
356,10,2,32.7972,191.568,0.793214
356,11,2,43.334,293.177,0.741725
356,12,1,66.5453,132.561,0.617414
356,13,1,33.3358,148.787,0.814822
356,14,2,29.052,248.925,0.813994
356,15,1,20.2573,162.17,0.862449
356,16,1,99.2415,145.11,0.446534
356,17,2,78.0332,151.246,0.545927
356,18,3,32.6204,153.664,0.795237
356,19,3,49.991,180.272,0.700028
357,0,2,47.1969,200.706,0.715307
357,1,3,38.9913,133.873,0.786549
357,2,3,45.7915,194.778,0.72388
357,3,2,35.5744,216.36,0.778847
357,4,2,90.7076,110.708,0.478247
357,5,2,58.4912,139.592,0.654105
357,6,1,28.1684,160.263,0.819282
357,7,3,50.4708,186.247,0.715032
357,8,2,61.3021,116.158,0.638885
357,9,1,59.6442,173.342,0.647504
357,10,2,32.7972,191.568,0.793655
357,11,2,43.4266,294.311,0.74176
357,12,1,66.6884,133.352,0.617613
357,13,1,33.7482,149.477,0.812589
357,14,2,29.052,248.925,0.814514
357,15,1,20.2657,162.166,0.862605
357,16,1,99.5024,145.558,0.446156
357,17,2,78.0332,151.246,0.547197
357,18,3,32.6204,153.664,0.795489
357,19,3,50.0079,180.272,0.700683
358,0,2,47.2053,200.704,0.716101
358,1,3,39.4879,132.703,0.784539
358,2,3,45.7999,194.776,0.724559
358,3,2,35.5828,216.344,0.779418
358,4,2,90.7329,110.726,0.479702
358,5,2,58.4912,139.592,0.655024
358,6,1,28.2104,160.27,0.819557
358,7,3,50.9336,185.557,0.714136
358,8,2,61.319,116.172,0.639892
358,9,1,59.7031,173.316,0.648487
358,10,2,32.7972,191.568,0.794231
358,11,2,43.4266,294.311,0.741748
358,12,1,66.823,134.426,0.617537
358,13,1,34.27,149.363,0.810323
358,14,2,29.0604,248.915,0.814986
358,15,1,20.3162,162.26,0.862714
358,16,1,99.7801,145.979,0.445826
358,17,2,78.0416,151.252,0.548368
358,18,3,32.6877,153.685,0.795876
358,19,3,50.0584,180.258,0.701289
359,0,2,47.2138,200.692,0.716891
359,1,3,40.0097,131.469,0.782357
359,2,3,45.8083,194.775,0.72496
359,3,2,35.5828,216.344,0.780032
359,4,2,90.7329,110.726,0.481103
359,5,2,58.5164,139.606,0.65571
359,6,1,28.2609,160.325,0.819831
359,7,3,51.2955,184.772,0.713244
359,8,2,61.3358,116.189,0.640894
359,9,1,59.8209,173.312,0.649373
359,10,2,32.7972,191.568,0.794803
359,11,2,43.4266,294.311,0.741737
359,12,1,66.9998,135.285,0.617461
359,13,1,34.817,147.868,0.808252
359,14,2,29.0604,248.915,0.815455
359,15,1,20.3836,162.267,0.862959
359,16,1,100.058,146.386,0.445498
359,17,2,78.0921,151.256,0.549624
359,18,3,32.7298,153.721,0.796216
359,19,3,50.1509,180.246,0.701983
360,0,2,47.2222,200.677,0.717598
360,1,3,40.5146,130.211,0.780288
360,2,2,45.8083,194.775,0.725463
360,3,2,35.6165,216.289,0.780561
360,4,2,90.7329,110.726,0.482475
360,5,2,58.5249,139.613,0.656635
360,6,1,28.3283,160.364,0.820203
360,7,3,51.7416,184.051,0.712461
360,8,2,61.3358,116.189,0.641815
360,9,1,59.8967,173.317,0.65027
360,10,2,32.814,191.559,0.79529
360,11,2,43.4939,298.757,0.741692
360,12,1,67.1849,136.143,0.617402
360,13,1,35.3388,146.141,0.806246
360,14,2,29.0689,248.898,0.815839
360,15,1,20.4677,162.377,0.863163
360,16,1,100.352,146.776,0.445197
360,17,2,78.1005,151.257,0.550848
360,18,3,32.8308,153.746,0.796472
360,19,3,50.2351,180.215,0.70255
361,0,2,47.2306,200.676,0.718288
361,1,3,41.0112,129.112,0.778221
361,2,2,45.842,194.781,0.726131
361,3,2,35.6418,216.287,0.780941
361,4,2,90.7497,110.736,0.483861
361,5,2,58.5417,139.627,0.657494
361,6,1,28.3535,160.401,0.8207
361,7,3,52.095,183.649,0.712077
361,8,2,61.3442,116.194,0.642669
361,9,1,59.9977,173.339,0.651147
361,10,2,32.814,191.559,0.795856
361,11,2,43.5865,300.963,0.741681
361,12,1,67.3448,137.004,0.617463
361,13,1,35.8437,144.592,0.804198
361,14,2,29.0689,248.898,0.816212
361,15,1,20.5266,162.434,0.863542
361,16,1,100.639,147.163,0.445009
361,17,2,78.1173,151.263,0.552045
361,18,3,32.8981,153.763,0.796854
361,19,3,50.3024,180.222,0.703373
362,0,2,47.2558,200.666,0.718884
362,1,3,41.2805,129.049,0.776075
362,2,2,45.8588,194.785,0.726751
362,3,2,35.6754,216.26,0.7815
362,4,2,90.7666,110.746,0.485149
362,5,2,58.5585,139.641,0.658348
362,6,1,28.3872,160.416,0.821194
362,7,3,52.3559,183.382,0.712058
362,8,2,61.3863,116.221,0.643429
362,9,1,60.0566,173.342,0.652109
362,10,2,32.8476,191.608,0.796239
362,11,2,43.6706,302.137,0.74167
362,12,1,67.5216,137.921,0.61793
362,13,1,36.3487,143.216,0.802568
362,14,2,29.0857,248.842,0.816538
362,15,1,20.5687,162.477,0.863737
362,16,1,100.908,147.559,0.444866
362,17,2,78.1594,151.284,0.553235
362,18,3,32.9486,153.792,0.797324
362,19,3,50.395,180.22,0.704055
363,0,2,47.2727,200.671,0.719612
363,1,3,41.5245,129.233,0.77394
363,2,2,45.8924,194.768,0.727502
363,3,2,35.6923,216.228,0.782011
363,4,2,90.7918,110.768,0.486564
363,5,2,58.5669,139.651,0.659107
363,6,1,28.4292,160.418,0.821596
363,7,3,52.4401,183.379,0.710866
363,8,2,61.4031,116.247,0.644319
363,9,1,60.0566,173.342,0.653066
363,10,2,32.8476,191.608,0.796754
363,11,2,43.7632,303.506,0.741659
363,12,1,67.6983,138.748,0.61826
363,13,1,36.8705,141.705,0.800857
363,14,2,29.1109,248.778,0.816997
363,15,1,20.6024,162.47,0.864022
363,16,1,101.194,147.952,0.444635
363,17,2,78.1678,151.29,0.554418
363,18,3,32.9655,153.782,0.797791
363,19,3,50.4203,180.223,0.704869
364,0,2,47.2727,200.671,0.720381
364,1,3,41.8107,129.367,0.771818
364,2,2,45.9009,194.754,0.728115
364,3,2,35.7091,216.213,0.782474
364,4,2,90.8002,110.778,0.487928
364,5,2,58.5669,139.651,0.660042
364,6,1,28.4461,160.423,0.822085
364,7,3,52.5074,183.358,0.709905
364,8,2,61.42,116.259,0.645115
364,9,1,60.1155,173.336,0.653972
364,10,2,32.8561,191.596,0.797311
364,11,2,43.8389,304.608,0.741648
364,12,1,67.833,139.47,0.618407
364,13,1,37.325,140.957,0.798885
364,14,2,29.1109,248.778,0.817364
364,15,1,20.6192,162.475,0.86435
364,16,1,101.463,148.342,0.444719
364,17,2,78.1678,151.29,0.55564
364,18,3,32.9655,153.782,0.7983
364,19,3,50.4287,180.229,0.705634
365,0,2,47.2727,200.671,0.721146
365,1,3,42.1389,129.233,0.769752
365,2,2,45.9093,194.759,0.728679
365,3,2,35.7091,216.213,0.783069
365,4,2,90.8086,110.79,0.489328
365,5,2,58.5754,139.66,0.660972
365,6,1,28.4713,160.414,0.822572
365,7,3,52.6168,183.341,0.708008
365,8,2,61.42,116.259,0.646086
365,9,1,60.1492,173.329,0.654919
365,10,2,32.8813,191.582,0.797866
365,11,2,43.8726,305.162,0.741817
365,12,1,67.9508,140.611,0.618554
365,13,1,37.7963,140.908,0.796969
365,14,2,29.1109,248.778,0.817819
365,15,1,20.6529,162.488,0.864721
365,16,1,101.741,148.749,0.444803
365,17,2,78.1762,151.296,0.556856
365,18,3,32.9823,153.787,0.798852
365,19,3,50.4371,180.22,0.706304
366,0,2,47.2895,200.671,0.721907
366,1,3,42.484,129.21,0.767652
366,2,2,45.9429,194.761,0.729374
366,3,2,35.7175,216.217,0.783661
366,4,2,90.8255,110.815,0.490721
366,5,2,58.5922,139.661,0.661897
366,6,1,28.5723,160.395,0.823056
366,7,3,52.7262,183.318,0.706479
366,8,2,61.4368,116.269,0.647006
366,9,1,60.2417,173.296,0.655771
366,10,2,32.8813,191.582,0.798417
366,11,2,43.8726,305.162,0.741985
366,12,1,68.1191,141.448,0.618701
366,13,1,38.3096,140.594,0.795108
366,14,2,29.1109,248.778,0.818316
366,15,1,20.7286,162.496,0.865045
366,16,1,102.01,149.15,0.444931
366,17,2,78.1846,151.303,0.558065
366,18,3,33.0328,153.82,0.799356
366,19,3,50.4539,180.222,0.707061
367,0,2,47.2895,200.671,0.722663
367,1,3,42.7954,129.163,0.76601
367,2,2,45.9934,194.715,0.730111
367,3,2,35.7596,216.152,0.784249
367,4,2,90.8591,110.836,0.492107
367,5,2,58.609,139.668,0.662817
367,6,1,28.6312,160.451,0.823448
367,7,3,52.802,183.297,0.705093
367,8,2,61.4705,116.299,0.647922
367,9,1,60.3006,173.307,0.656707
367,10,2,32.8897,191.573,0.798965
367,11,2,43.9568,309.557,0.742196
367,12,1,68.3043,142.298,0.618935
367,13,1,38.8651,139.264,0.793614
367,14,2,29.1109,248.778,0.81881
367,15,1,20.7791,162.493,0.865367
367,16,1,102.305,149.535,0.445103
367,17,2,78.1846,151.303,0.559267
367,18,3,33.0665,153.844,0.799857
367,19,3,50.4792,180.231,0.707635
368,0,2,47.2979,200.669,0.723371
368,1,3,43.1572,129.258,0.76402
368,2,2,46.0103,194.702,0.730798
368,3,2,35.768,216.136,0.78479
368,4,2,90.8591,110.836,0.493351
368,5,2,58.6174,139.666,0.663731
368,6,1,28.6901,160.468,0.823749
368,7,3,52.9787,183.245,0.70358
368,8,2,61.4957,116.319,0.648788
368,9,1,60.41,173.329,0.657283
368,10,2,32.8897,191.573,0.799511
368,11,2,44.0662,310.889,0.742895
368,12,1,68.4894,143.117,0.619257
368,13,1,39.3616,137.994,0.791461
368,14,3,29.153,248.689,0.819257
368,15,1,20.8296,162.533,0.865421
368,16,1,102.591,149.892,0.445141
368,17,3,78.1846,151.303,0.560329
368,18,3,33.1085,153.868,0.800089
368,19,3,50.5044,180.233,0.708117
369,0,2,47.3568,200.614,0.724075
369,1,3,43.3003,129.342,0.761998
369,2,2,46.0608,194.676,0.731482
369,3,2,35.768,216.136,0.785372
369,4,2,90.8928,110.856,0.494722
369,5,2,58.6174,139.666,0.664508
369,6,1,28.7659,160.522,0.823916
369,7,3,53.1807,183.166,0.702298
369,8,2,61.4957,116.319,0.64965
369,9,1,60.4858,173.318,0.6575
369,10,2,32.9066,191.565,0.800053
369,11,2,44.2177,311.905,0.743591
369,12,1,68.6746,143.921,0.619356
369,13,1,39.7319,137.592,0.78932
369,14,3,29.1783,248.614,0.819746
369,15,1,20.8633,162.499,0.865386
369,16,1,102.886,150.254,0.445179
369,17,3,78.1931,151.3,0.561341
369,18,3,33.1254,153.872,0.800319
369,19,3,50.5044,180.233,0.708551
370,0,2,47.3989,200.594,0.72482
370,1,3,43.3761,129.405,0.759942
370,2,2,46.0608,194.676,0.732251
370,3,2,35.7848,216.11,0.785819
370,4,2,90.9265,110.874,0.49613
370,5,2,58.6343,139.671,0.665369
370,6,1,28.808,160.532,0.824125
370,7,3,53.4248,182.921,0.700801
370,8,2,61.4957,116.319,0.650639
370,9,1,60.5531,173.344,0.658115
370,10,2,32.9402,191.544,0.800549
370,11,2,44.4028,312.446,0.743973
370,12,1,68.8429,144.692,0.619454
370,13,1,40.1107,137.249,0.78719
370,14,3,29.2035,248.548,0.820233
370,15,1,20.9053,162.524,0.865351
370,16,1,103.163,150.632,0.445128
370,17,3,78.2351,151.317,0.562525
370,18,3,33.1506,153.88,0.800416
370,19,3,50.5128,180.226,0.708807
371,0,2,47.4073,200.595,0.725516
371,1,3,43.435,129.424,0.758029
371,2,2,46.0776,194.659,0.732751
371,3,2,35.8101,216.085,0.786218
371,4,2,90.9433,110.892,0.497353
371,5,2,58.6427,139.68,0.666226
371,6,1,28.8164,160.55,0.824466
371,7,3,53.6183,183.015,0.699797
371,8,3,61.4957,116.319,0.651491
371,9,1,60.612,173.334,0.658505
371,10,2,32.9655,191.518,0.801041
371,11,2,44.588,313.006,0.744177
371,12,1,69.0028,145.453,0.61964
371,13,1,40.5399,136.917,0.785116
371,14,3,29.2456,248.412,0.820716
371,15,1,20.9474,162.548,0.865361
371,16,1,103.34,151.101,0.445121
371,17,3,78.252,151.324,0.56357
371,18,3,33.1759,153.88,0.8006
371,19,3,50.5297,180.219,0.709194
372,0,2,47.4073,200.595,0.726121
372,1,3,43.5949,129.657,0.757138
372,2,2,46.086,194.663,0.733424
372,3,2,35.8269,216.066,0.786616
372,4,2,90.9517,110.9,0.498614
372,5,2,58.6595,139.686,0.667033
372,6,1,28.8669,160.564,0.824717
372,7,3,53.7109,183.299,0.699371
372,8,3,61.4957,116.319,0.65225
372,9,1,60.6625,173.316,0.659202
372,10,2,32.9823,191.506,0.801443
372,11,2,44.79,313.458,0.744423
372,12,1,69.1627,146.378,0.619781
372,13,1,41.0701,136.029,0.783008
372,14,3,29.2624,248.381,0.821066
372,15,1,20.9979,162.602,0.865634
372,16,1,103.593,151.572,0.445202
372,17,3,78.252,151.324,0.564565
372,18,3,33.1843,153.892,0.800915
372,19,3,50.5381,180.221,0.709666
373,0,2,47.4073,200.595,0.726766
373,1,3,43.5949,129.657,0.75656
373,2,2,46.086,194.663,0.733962
373,3,2,35.8269,216.066,0.787143
373,4,2,90.9601,110.907,0.499868
373,5,2,58.6595,139.686,0.667881
373,6,1,28.9258,160.574,0.825011
373,7,3,53.753,183.504,0.699781
373,8,3,61.4957,116.319,0.653093
373,9,1,60.713,173.31,0.659982
373,10,2,32.9907,191.493,0.801975
373,11,2,44.9751,313.934,0.744669
373,12,1,69.3394,147.2,0.619833
373,13,1,41.5919,134.86,0.780913
373,14,3,29.2624,248.381,0.821457
373,15,1,21.0484,162.66,0.865774
373,16,1,103.87,151.963,0.445195
373,17,3,78.252,151.324,0.565687
373,18,3,33.1843,153.892,0.80136
373,19,3,50.5549,180.226,0.710312
374,0,2,47.4073,200.595,0.727496
374,1,3,43.7295,130.421,0.755634
374,2,2,46.086,194.663,0.734585
374,3,2,35.8269,216.066,0.787624
374,4,2,90.9601,110.907,0.501116
374,5,2,58.6595,139.686,0.668767
374,6,1,29.01,160.578,0.825391
374,7,3,53.9634,184.223,0.700101
374,8,3,61.4957,116.319,0.653932
374,9,1,60.7719,173.312,0.660671
374,10,2,32.9907,191.493,0.802459
374,11,2,45.1518,314.511,0.744913
374,12,1,69.5162,147.97,0.620148
374,13,1,42.1137,133.585,0.778916
374,14,3,29.2624,248.381,0.821933
374,15,1,21.0737,162.663,0.866089
374,16,1,104.156,152.317,0.445276
374,17,3,78.252,151.324,0.566846
374,18,3,33.1843,153.892,0.801891
374,19,3,50.5549,180.226,0.711085
375,0,2,47.4073,200.595,0.728221
375,1,3,43.9315,131.427,0.754583
375,2,2,46.0944,194.668,0.735292
375,3,2,35.8353,216.064,0.78819
375,4,2,90.9685,110.913,0.502444
375,5,2,58.6595,139.686,0.669605
375,6,1,29.1194,160.673,0.825681
375,7,3,54.0644,184.591,0.700332
375,8,3,61.4957,116.319,0.65481
375,9,1,60.8561,173.309,0.661269
375,10,2,32.9907,191.493,0.802854
375,11,2,45.3033,315.121,0.745417
375,12,1,69.6676,148.648,0.620548
375,13,1,42.6186,132.36,0.776973
375,14,3,29.2624,248.381,0.822407
375,15,1,21.1242,162.701,0.866227
375,16,1,104.451,152.674,0.445312
375,17,3,78.252,151.324,0.567956
375,18,3,33.1843,153.892,0.802243
375,19,3,50.5633,180.222,0.71181
376,0,3,47.4073,200.595,0.728856
376,1,3,44.184,132.516,0.753406
376,2,2,46.0944,194.668,0.73569
376,3,2,35.8353,216.064,0.788665
376,4,2,90.9685,110.913,0.503635
376,5,2,58.6679,139.697,0.670396
376,6,1,29.2372,160.72,0.825665
376,7,3,54.1485,184.936,0.700649
376,8,3,61.4957,116.319,0.655639
376,9,1,60.9908,173.29,0.66182
376,10,2,32.9907,191.493,0.803378
376,11,2,45.4464,316.048,0.746093
376,12,1,69.836,149.623,0.620685
376,13,1,43.132,131.158,0.774997
376,14,3,29.2624,248.381,0.822879
376,15,1,21.1915,162.74,0.866234
376,16,1,104.746,153.032,0.445392
376,17,3,78.2604,151.322,0.569059
376,18,3,33.1927,153.896,0.802551
376,19,3,50.5633,180.222,0.712489
377,0,3,47.4073,200.595,0.72953
377,1,3,44.3944,133.672,0.752366
377,2,2,46.1028,194.673,0.736216
377,3,2,35.8437,216.061,0.789051
377,4,2,90.977,110.915,0.504819
377,5,2,58.6679,139.697,0.671182
377,6,1,29.2961,160.76,0.825649
377,7,3,54.2832,185.461,0.701007
377,8,3,61.4957,116.319,0.656421
377,9,1,61.0412,173.299,0.662282
377,10,2,32.9907,191.493,0.803855
377,11,2,45.6736,316.179,0.746332
377,12,1,70.0127,150.425,0.620735
377,13,1,43.5444,130.761,0.772944
377,14,3,29.2624,248.381,0.823348
377,15,1,21.2756,162.727,0.866328
377,16,1,105.015,153.402,0.445385
377,17,3,78.2604,151.322,0.570201
377,18,3,33.1927,153.896,0.802943
377,19,3,50.5633,180.222,0.713033
378,0,3,47.4073,200.595,0.730245
378,1,3,44.5543,134.872,0.751418
378,2,2,46.1113,194.664,0.736826
378,3,2,35.8522,216.043,0.789565
378,4,2,90.977,110.915,0.506127
378,5,2,58.6679,139.697,0.672007
378,6,1,29.3634,160.719,0.825893
378,7,3,54.3169,185.612,0.700888
378,8,3,61.4957,116.319,0.657199
378,9,1,61.0917,173.311,0.662698
378,10,2,32.9991,191.482,0.804373
378,11,2,45.8335,316.885,0.746439
378,12,1,70.1894,151.223,0.620827
378,13,1,43.78,130.777,0.770989
378,14,3,29.2624,248.381,0.823598
378,15,1,21.2925,162.752,0.866421
378,16,1,105.293,153.779,0.445334
378,17,3,78.2604,151.322,0.571336
378,18,3,33.1927,153.896,0.803247
378,19,3,50.5633,180.222,0.713748
379,0,3,47.441,200.589,0.730567
379,1,3,44.7395,136.255,0.751296
379,2,2,46.1197,194.657,0.737304
379,3,2,35.869,216.033,0.790119
379,4,2,90.977,110.915,0.507212
379,5,2,58.6679,139.697,0.672828
379,6,1,29.4728,160.723,0.826049
379,7,3,54.4684,185.985,0.700639
379,8,3,61.521,116.342,0.658102
379,9,1,61.3106,173.217,0.663197
379,10,2,32.9991,191.482,0.804802
379,11,2,45.8672,317.032,0.746329
379,12,1,70.3998,151.965,0.620876
379,13,1,43.9399,130.885,0.769649
379,14,3,29.2708,248.355,0.82389
379,15,1,21.4187,162.776,0.866514
379,16,1,105.621,154.078,0.445284
379,17,3,78.2772,151.327,0.572422
379,18,3,33.2264,153.911,0.803593
379,19,3,50.5802,180.21,0.714502
380,0,3,47.5504,200.527,0.731102
380,1,3,44.933,137.439,0.751647
380,2,2,46.1365,194.652,0.737994
380,3,2,35.8858,215.993,0.790584
380,4,2,91.0022,110.937,0.508377
380,5,2,58.6679,139.697,0.673644
380,6,1,29.6075,160.77,0.826248
380,7,3,54.6114,186.262,0.700306
380,8,3,61.664,116.458,0.659
380,9,1,61.5125,173.199,0.663738
380,10,2,33.016,191.472,0.805143
380,11,2,45.8672,317.032,0.746048
380,12,1,70.6187,152.641,0.620967
380,13,1,44.0662,130.957,0.768273
380,14,3,29.3887,248.003,0.824267
380,15,1,21.646,162.569,0.866736
380,16,1,105.949,154.366,0.44532
380,17,3,78.3782,151.33,0.57333
380,18,3,33.3189,153.924,0.804023
380,19,3,50.6222,180.196,0.715209
381,0,3,47.6346,200.48,0.731807
381,1,3,45.0088,137.822,0.751912
381,2,2,46.1533,194.645,0.738594
381,3,2,35.8858,215.993,0.791004
381,4,2,91.2631,110.977,0.50958
381,5,3,58.7942,140.096,0.674457
381,6,1,29.7337,160.8,0.826703
381,7,3,54.8218,186.424,0.699888
381,8,3,61.7398,116.507,0.659893
381,9,1,61.7398,173.124,0.664275
381,10,2,33.0412,191.462,0.805525
381,11,2,45.8672,317.032,0.745769
381,12,1,70.8711,153.296,0.621144
381,13,2,44.0998,130.992,0.766647
381,14,3,29.456,247.779,0.824512
381,15,1,21.8059,162.652,0.86687
381,16,1,106.311,154.617,0.445872
381,17,3,78.4876,151.319,0.574362
381,18,3,33.3779,153.929,0.804451
381,19,3,50.6643,180.199,0.715869
382,0,3,47.7356,200.369,0.732508
382,1,3,45.0593,137.848,0.751917
382,2,2,46.1954,194.653,0.739235
382,3,2,35.9111,215.95,0.791465
382,4,2,91.6671,111.155,0.510819
382,5,3,58.9625,141.066,0.675222
382,6,1,29.8011,160.829,0.826856
382,7,3,54.9565,186.388,0.70033
382,8,3,61.866,116.606,0.660782
382,9,1,61.9081,173.136,0.664981
382,10,2,33.0496,191.468,0.805947
382,11,2,45.8672,317.032,0.745448
382,12,1,71.1236,153.885,0.621321
382,13,2,44.1251,131.03,0.764643
382,14,3,29.5654,247.507,0.824885
382,15,1,21.9994,162.738,0.866961
382,16,1,106.673,154.856,0.446035
382,17,3,78.5802,151.318,0.575475
382,18,3,33.4199,153.926,0.804919
382,19,3,50.6896,180.193,0.716569
383,0,3,47.7776,200.318,0.733205
383,1,3,45.1266,137.898,0.752308
383,2,2,46.2375,194.62,0.739915
383,3,2,35.9784,215.879,0.792009
383,4,2,92.0374,111.521,0.512051
383,5,3,59.1224,142.057,0.676068
383,6,1,29.902,160.857,0.826966
383,7,3,55.108,186.378,0.700556
383,8,3,61.9333,116.658,0.661667
383,9,1,62.0428,173.098,0.665641
383,10,2,33.0917,191.446,0.80641
383,11,2,45.9009,320.204,0.745128
383,12,1,71.5781,154.044,0.621453
383,13,2,44.184,131.075,0.76265
383,14,3,29.6243,247.312,0.825342
383,15,1,22.1172,162.819,0.867009
383,16,2,106.807,154.963,0.446068
383,17,3,78.6139,151.314,0.576581
383,18,3,33.4452,153.943,0.805427
383,19,3,50.7569,180.194,0.717222
384,0,3,47.8029,200.303,0.733899
384,1,3,45.1771,137.945,0.752057
384,2,2,46.3217,194.578,0.740591
384,3,2,36.0457,215.756,0.792549
384,4,2,92.2983,112.043,0.51332
384,5,3,59.2739,143.04,0.676911
384,6,1,29.9946,160.857,0.827032
384,7,3,55.2258,186.699,0.700482
384,8,3,62.0343,116.748,0.662546
384,9,1,62.1858,173.088,0.666212
384,10,2,33.1675,191.411,0.806914
384,11,2,45.9261,320.119,0.744896
384,12,1,72.1083,153.1,0.6215
384,13,2,44.2092,131.089,0.760667
384,14,3,29.7001,247.107,0.825796
384,15,1,22.2098,162.809,0.867226
384,16,2,106.85,154.976,0.446059
384,17,3,78.6644,151.329,0.577682
384,18,3,33.4704,153.962,0.805933
384,19,3,50.7821,180.204,0.717957
385,0,3,47.8197,200.285,0.734589
385,1,3,45.236,137.974,0.751892
385,2,2,46.3469,194.582,0.741221
385,3,2,36.0794,215.723,0.793045
385,4,2,92.5676,112.597,0.51454
385,5,3,59.4338,144.051,0.677748
385,6,1,30.0956,160.818,0.826885
385,7,3,55.3857,187.152,0.700706
385,8,3,62.0764,116.795,0.663421
385,9,1,62.3457,173.133,0.666567
385,10,2,33.1843,191.393,0.807414
385,11,2,45.9261,320.119,0.744792
385,12,1,72.6217,152.166,0.621716
385,13,2,44.2429,131.148,0.758694
385,14,3,29.7169,247.055,0.826248
385,15,1,22.3276,162.857,0.867358
385,16,2,106.858,154.975,0.446051
385,17,3,78.6728,151.327,0.578777
385,18,3,33.5293,153.989,0.806437
385,19,3,50.799,180.197,0.718646
386,0,3,47.8534,200.265,0.735275
386,1,3,45.2528,137.982,0.751092
386,2,2,46.3469,194.582,0.74189
386,3,2,36.0794,215.723,0.79358
386,4,2,92.7948,113.125,0.515795
386,5,3,59.5853,145.013,0.67854
386,6,1,30.2134,160.862,0.826824
386,7,3,55.5793,187.781,0.700929
386,8,3,62.1017,116.824,0.664292
386,9,1,62.6066,173.095,0.666751
386,10,2,33.1843,191.393,0.807912
386,11,2,45.9261,320.119,0.744731
386,12,1,73.135,151.245,0.621846
386,13,2,44.2513,131.151,0.756732
386,14,3,29.7506,246.969,0.826697
386,15,1,22.4623,162.918,0.867235
386,16,2,106.866,154.978,0.445999
386,17,3,78.6896,151.337,0.579824
386,18,3,33.5378,154.003,0.806895
386,19,3,50.799,180.197,0.719374
387,0,3,47.8534,200.265,0.735958
387,1,3,45.2528,137.982,0.750719
387,2,2,46.3469,194.582,0.742514
387,3,2,36.0962,215.697,0.79407
387,4,2,92.7948,113.125,0.517002
387,5,3,59.7452,146.055,0.679369
387,6,1,30.2724,160.896,0.826975
387,7,3,55.7897,188.373,0.701404
387,8,3,62.1017,116.824,0.665158
387,9,1,62.7076,173.109,0.667357
387,10,2,33.1843,191.393,0.808408
387,11,2,45.9261,320.119,0.744248
387,12,1,73.6484,150.343,0.621976
387,13,2,44.2513,131.151,0.755287
387,14,3,29.7506,246.969,0.827144
387,15,1,22.5885,162.995,0.867281
387,16,2,106.866,154.978,0.446075
387,17,3,78.6896,151.337,0.580908
387,18,3,33.5462,153.998,0.807393
387,19,3,50.799,180.197,0.720098
388,0,3,47.8534,200.265,0.736607
388,1,3,45.2528,137.982,0.750485
388,2,2,46.3469,194.582,0.743103
388,3,2,36.0962,215.697,0.794525
388,4,2,92.7948,113.125,0.518223
388,5,3,59.9135,147.021,0.680165
388,6,1,30.3313,160.94,0.826964
388,7,3,55.958,189.135,0.70189
388,8,3,62.1101,116.833,0.665992
388,9,1,62.7918,173.083,0.66789
388,10,2,33.1843,191.393,0.808825
388,11,2,45.9261,320.119,0.7442
388,12,1,74.0776,149.901,0.622037
388,13,2,44.2513,131.151,0.754661
388,14,3,29.7506,246.969,0.827554
388,15,1,22.6475,162.984,0.867375
388,16,2,106.866,154.978,0.44609
388,17,3,78.6896,151.337,0.581962
388,18,3,33.5462,153.998,0.807855
388,19,1,50.8579,180.18,0.720788
389,0,3,47.8702,200.256,0.737072
389,1,3,45.2697,137.994,0.7502
389,2,2,46.3469,194.582,0.74372
389,3,2,36.0962,215.697,0.794968
389,4,2,92.8116,113.192,0.519418
389,5,3,60.0734,147.95,0.680986
389,6,1,30.4407,160.96,0.826819
389,7,3,56.1263,189.891,0.70194
389,8,3,62.1101,116.833,0.666554
389,9,1,62.9012,173.035,0.66769
389,10,2,33.1843,191.393,0.809315
389,11,2,45.9261,320.119,0.744814
389,12,1,74.3301,150.4,0.621913
389,13,2,44.2513,131.151,0.754492
389,14,3,29.7506,246.969,0.827871
389,15,1,22.7569,162.96,0.867
389,16,2,106.866,154.978,0.445828
389,17,3,78.6896,151.337,0.582951
389,18,3,33.5546,153.991,0.808137
389,19,1,50.9168,180.172,0.721336
390,0,3,47.9123,200.213,0.737116
390,1,3,45.2781,137.99,0.750084
390,2,2,46.3806,194.559,0.744292
390,3,2,36.1131,215.668,0.795409
390,4,2,92.9631,113.56,0.520564
390,5,3,60.2754,148.972,0.681803
390,6,1,30.5585,160.934,0.826549
390,7,3,56.261,190.399,0.70157
390,8,3,62.1606,116.869,0.666779
390,9,1,63.0527,172.992,0.667324
390,10,2,33.1927,191.379,0.80972
390,11,2,45.9345,320.09,0.745468
390,12,2,74.49,150.71,0.621831
390,13,2,44.3102,131.153,0.754532
390,14,3,29.7926,246.876,0.827766
390,15,1,22.9757,162.816,0.866292
390,16,2,106.866,154.978,0.445652
390,17,3,78.7233,151.333,0.583305
390,18,3,33.563,153.997,0.808167
390,19,1,51.1524,180.025,0.72184
391,0,3,47.9628,200.181,0.737369
391,1,3,45.3959,138.058,0.750555
391,2,2,46.4984,194.487,0.744778
391,3,2,36.1888,215.589,0.795847
391,4,2,93.2493,113.974,0.520281
391,5,3,60.5026,149.718,0.681611
391,6,1,30.7941,160.767,0.826447
391,7,3,56.3199,190.387,0.701704
391,8,3,62.2447,116.928,0.667211
391,9,1,63.3304,172.956,0.667169
391,10,2,33.2348,191.347,0.81008
391,11,2,45.9934,319.908,0.746117
391,12,2,74.591,150.726,0.621541
391,13,2,44.4196,131.181,0.755034
391,14,3,29.8516,246.683,0.827871
391,15,1,23.2534,162.602,0.865796
391,16,2,106.866,154.978,0.445226
391,17,3,78.7906,151.342,0.583909
391,18,3,33.6051,154.011,0.808322
391,19,1,51.4807,179.769,0.722425
392,0,3,48.0217,200.136,0.737662
392,1,3,45.5053,138.115,0.750939
392,2,2,46.5489,194.467,0.745261
392,3,2,36.2982,215.475,0.796284
392,4,2,93.7037,114.164,0.519374
392,5,3,60.7046,150.46,0.681545
392,6,1,31.0803,160.707,0.826555
392,7,3,56.3704,190.359,0.701795
392,8,3,62.3457,116.994,0.667516
392,9,1,63.6165,172.874,0.667098
392,10,2,33.3189,191.275,0.810522
392,11,2,46.0776,319.664,0.746764
392,12,2,74.6752,150.719,0.621211
392,13,2,44.487,131.199,0.755491
392,14,3,29.9273,246.433,0.827808
392,15,1,23.4722,162.54,0.865303
392,16,3,106.892,154.984,0.444885
392,17,3,78.8832,151.351,0.584635
392,18,3,33.6388,154.02,0.808643
392,19,1,51.7163,179.647,0.722923
393,0,3,48.0974,200.064,0.738078
393,1,3,45.5558,138.137,0.751197
393,2,2,46.6331,194.423,0.745533
393,3,2,36.3571,215.397,0.796468
393,4,2,94.133,114.239,0.518721
393,5,3,60.8898,151.364,0.681563
393,6,1,31.4085,160.288,0.826579
393,7,3,56.3872,190.35,0.70172
393,8,3,62.3794,117.026,0.667944
393,9,1,63.9111,172.748,0.667402
393,10,2,33.3863,191.229,0.81067
393,11,2,46.1365,319.49,0.747407
393,12,2,74.7509,150.723,0.620216
393,13,2,44.5543,131.266,0.755862
393,14,3,29.9778,246.276,0.827954
393,15,1,23.6742,162.496,0.864937
393,16,3,106.908,154.987,0.445921
393,17,3,78.9168,151.353,0.585523
393,18,3,33.664,154.026,0.809046
393,19,1,51.9604,179.535,0.723335
394,0,3,48.1395,200.039,0.738659
394,1,3,45.6147,138.181,0.75162
394,2,2,46.6667,194.402,0.74597
394,3,2,36.3992,215.364,0.796652
394,4,2,94.5538,114.057,0.518652
394,5,3,61.0497,152.242,0.681622
394,6,1,31.6862,160.378,0.826562
394,7,3,56.404,190.345,0.701853
394,8,3,62.4131,117.048,0.66837
394,9,1,64.1972,172.712,0.667581
394,10,2,33.4284,191.199,0.810901
394,11,2,46.1786,319.336,0.747923
394,12,2,74.8435,150.749,0.618644
394,13,2,44.6216,131.327,0.756314
394,14,3,30.0199,246.16,0.828016
394,15,1,23.7836,162.513,0.864905
394,16,3,106.942,154.985,0.4472
394,17,3,78.9421,151.357,0.586324
394,18,3,33.664,154.026,0.809364
394,19,1,52.1708,179.408,0.723953
395,0,3,48.1732,200.021,0.739154
395,1,3,45.6568,138.197,0.751916
395,2,2,46.7509,194.344,0.746488
395,3,2,36.4834,215.25,0.797041
395,4,2,94.9914,114.036,0.518502
395,5,3,61.2937,153.125,0.681639
395,6,1,31.8798,160.419,0.826337
395,7,3,56.4377,190.317,0.701736
395,8,3,62.4467,117.067,0.669042
395,9,1,64.4076,172.671,0.667426
395,10,2,33.4704,191.166,0.811296
395,11,2,46.2459,319.138,0.74856
395,12,2,74.9276,150.763,0.61708
395,13,2,44.7058,131.396,0.756847
395,14,3,30.0367,246.099,0.828326
395,15,1,23.9435,162.433,0.864625
395,16,3,106.984,154.983,0.448514
395,17,3,78.9842,151.368,0.587287
395,18,2,33.7145,154.045,0.809597
395,19,1,52.3896,179.322,0.724568
396,0,3,48.2068,200.018,0.739729
396,1,3,45.682,138.198,0.752501
396,2,2,46.793,194.316,0.747127
396,3,2,36.5844,215.094,0.797553
396,4,2,95.3533,114.026,0.519013
396,5,3,61.5462,153.825,0.681698
396,6,1,32.0397,160.465,0.826321
396,7,3,56.4629,190.293,0.701414
396,8,3,62.4804,117.083,0.669753
396,9,1,64.6685,172.598,0.667108
396,10,2,33.5293,191.163,0.811772
396,11,2,46.2964,318.965,0.749194
396,12,2,74.995,150.759,0.615525
396,13,2,44.79,131.445,0.757419
396,14,3,30.0535,246.025,0.828635
396,15,1,24.0782,162.438,0.864305
396,16,3,107.018,154.993,0.449905
396,17,3,79.0178,151.371,0.588286
396,18,2,33.7902,154.056,0.810036
396,19,1,52.4822,179.295,0.725262
397,0,3,48.2405,199.99,0.740383
397,1,3,45.7073,138.198,0.753123
397,2,2,46.8771,194.249,0.747763
397,3,2,36.6601,215.015,0.79798
397,4,2,95.7152,113.92,0.520223
397,5,3,61.8239,154.486,0.681756
397,6,1,32.2669,160.442,0.826469
397,7,3,56.4798,190.282,0.701134
397,8,3,62.5225,117.095,0.670583
397,9,1,65.0052,172.394,0.667532
397,10,2,33.664,191.038,0.812245
397,11,2,46.3806,318.663,0.749825
397,12,2,75.1044,150.755,0.613976
397,13,2,44.8657,131.497,0.758029
397,14,3,30.1209,245.877,0.829066
397,15,1,24.297,162.313,0.864069
397,16,3,107.077,154.997,0.451288
397,17,3,79.0515,151.372,0.589322
397,18,2,33.9165,154.065,0.810472
397,19,1,52.7178,179.191,0.725953
398,0,3,48.2994,199.94,0.741035
398,1,3,45.7746,138.235,0.753784
398,2,2,47.0034,194.142,0.748437
398,3,2,36.7695,214.899,0.798528
398,4,2,95.9929,113.972,0.521426
398,5,3,62.1101,155.018,0.681732
398,6,1,32.4521,160.426,0.826575
398,7,3,56.5303,190.236,0.701143
398,8,3,62.5477,117.121,0.67141
398,9,1,65.3587,172.337,0.668079
398,10,2,33.7734,190.923,0.812757
398,11,2,46.4563,318.421,0.750494
398,12,2,75.2559,150.753,0.612519
398,13,2,45.0088,131.605,0.758677
398,14,3,30.1714,245.739,0.829536
398,15,1,24.5663,162.376,0.864122
398,16,3,107.161,155.022,0.452706
398,17,3,79.1188,151.379,0.590393
398,18,2,34.0764,154.143,0.810989
398,19,1,52.9619,179.099,0.726353
399,0,3,48.3415,199.91,0.741642
399,1,3,45.8672,138.325,0.754318
399,2,2,47.1969,193.991,0.749067
399,3,2,36.9126,214.667,0.799032
399,4,2,96.2959,114.1,0.522501
399,5,3,62.3794,155.693,0.681749
399,6,1,32.7046,160.443,0.826558
399,7,3,56.5892,190.189,0.70103
399,8,3,62.5982,117.162,0.672232
399,9,1,65.6196,172.147,0.668376
399,10,2,33.9417,190.692,0.813226
399,11,2,46.6246,317.864,0.751118
399,12,2,75.4242,150.763,0.612257
399,13,2,45.1771,131.656,0.759281
399,14,3,30.2555,245.438,0.829963
399,15,1,24.7683,162.495,0.863888
399,16,3,107.237,155.032,0.454076
399,17,3,79.1861,151.394,0.591418
399,18,2,34.2026,154.187,0.811421
399,19,1,53.2396,178.984,0.726669
400,0,3,48.392,199.851,0.742082
400,1,3,45.9261,138.345,0.754767
400,2,2,47.3484,193.811,0.749489
400,3,2,37.0556,214.402,0.799452
400,4,2,96.6493,114.143,0.522711
400,5,3,62.6403,156.331,0.681562
400,6,1,32.9739,160.312,0.826377
400,7,3,56.6228,190.184,0.701449
400,8,3,62.6487,117.202,0.672682
400,9,1,65.9646,171.948,0.668058
400,10,2,34.0427,190.66,0.81361
400,11,2,46.7425,317.448,0.751657
400,12,2,75.6093,150.79,0.612775
400,13,2,45.4127,131.785,0.759555
400,14,3,30.3313,245.192,0.830142
400,15,1,24.9871,162.449,0.863123
400,16,3,107.296,155.034,0.455438
400,17,3,79.2366,151.395,0.592233
400,18,2,34.3541,154.204,0.811769
400,19,1,53.4753,178.867,0.726246
401,0,3,48.4257,199.842,0.742398
401,1,3,46.0019,138.394,0.754929
401,2,2,47.4831,193.685,0.7495
401,3,2,37.1987,214.189,0.799543
401,4,2,97.0786,114.02,0.522552
401,5,3,62.8675,157.027,0.681293
401,6,1,33.2516,160.155,0.825462
401,7,3,56.6481,190.176,0.701947
401,8,3,62.7076,117.241,0.673211
401,9,1,66.2423,171.735,0.667701
401,10,2,34.1858,190.46,0.81387
401,11,2,46.8435,317.076,0.751908
401,12,2,75.8366,150.79,0.61325
401,13,2,45.5642,131.855,0.759623
401,14,3,30.3733,245.065,0.830279
401,15,1,25.2985,162.327,0.862117
401,16,3,107.388,155.052,0.456794
401,17,3,79.2787,151.403,0.592881
401,18,2,34.514,154.273,0.812074
401,19,1,53.7951,178.627,0.725213
402,0,3,48.493,199.789,0.742712
402,1,3,46.086,138.431,0.755008
402,2,2,47.5925,193.603,0.749878
402,3,2,37.325,214.047,0.799552
402,4,2,97.5078,114.054,0.52158
402,5,3,63.1032,157.767,0.681067
402,6,1,33.5714,160.14,0.824674
402,7,3,56.6818,190.15,0.702402
402,8,3,62.7749,117.307,0.673453
402,9,1,66.4443,171.702,0.667101
402,10,2,34.2784,190.354,0.813925
402,11,2,46.9276,316.796,0.752117
402,12,2,75.946,150.817,0.613844
402,13,2,45.682,131.942,0.759894
402,14,3,30.4407,244.872,0.830293
402,15,1,25.4668,162.432,0.86136
402,16,3,107.472,155.037,0.458021
402,17,3,79.3208,151.411,0.593526
402,18,2,34.6403,154.328,0.812378
402,19,1,54.098,178.502,0.724756
403,0,3,48.5267,199.771,0.743105
403,1,3,46.1533,138.485,0.755371
403,2,2,47.643,193.558,0.750132
403,3,2,37.3755,213.969,0.799724
403,4,2,97.7434,114.533,0.520897
403,5,3,63.3304,158.407,0.680963
403,6,1,33.7734,160.237,0.823525
403,7,3,56.7323,190.117,0.703058
403,8,3,62.8423,117.339,0.67414
403,9,1,66.6042,171.68,0.666464
403,10,2,34.3457,190.286,0.814061
403,11,2,46.9781,316.656,0.752528
403,12,2,76.0049,150.826,0.614394
403,13,2,45.7578,131.968,0.760083
403,14,3,30.5248,244.666,0.830511
403,15,1,25.6688,162.467,0.86081
403,16,3,107.548,155.037,0.459283
403,17,3,79.3629,151.425,0.594371
403,18,2,34.7076,154.302,0.812761
403,19,1,54.3,178.472,0.724179
404,0,3,48.5603,199.74,0.743538
404,1,3,46.1954,138.532,0.755652
404,2,2,47.6766,193.517,0.750547
404,3,2,37.426,213.919,0.800016
404,4,2,97.9033,115.113,0.519934
404,5,3,63.5324,159.189,0.680982
404,6,1,34.0427,160.252,0.822543
404,7,3,56.7491,190.115,0.703711
404,8,3,62.8759,117.372,0.674743
404,9,1,66.7389,171.69,0.666032
404,10,2,34.4046,190.256,0.814278
404,11,2,47.0118,316.558,0.752937
404,12,2,76.0217,150.834,0.614983
404,13,2,45.7915,132,0.760433
404,14,3,30.5585,244.58,0.830767
404,15,1,25.7698,162.526,0.860708
404,16,3,107.59,155.029,0.460416
404,17,3,79.3881,151.437,0.595252
404,18,2,34.7412,154.324,0.813224
404,19,1,54.4431,178.445,0.723928
405,0,3,48.6445,199.693,0.743968
405,1,3,46.2712,138.561,0.756093
405,2,2,47.744,193.473,0.750798
405,3,2,37.4849,213.832,0.800024
405,4,2,97.9875,115.58,0.519096
405,5,3,63.8185,159.808,0.680597
405,6,1,34.312,160.302,0.82201
405,7,3,56.7912,190.094,0.70432
405,8,3,62.9096,117.396,0.675464
405,9,1,66.9493,171.695,0.665804
405,10,2,34.4719,190.201,0.814533
405,11,2,47.0875,316.353,0.753183
405,12,2,76.1227,150.86,0.615487
405,13,2,45.842,132.042,0.760619
405,14,3,30.6258,244.384,0.831104
405,15,1,25.9381,162.599,0.860243
405,16,3,107.708,155.042,0.461545
405,17,3,79.3881,151.437,0.596047
405,18,2,34.8338,154.38,0.813402
405,19,1,54.6535,178.395,0.723639
406,0,3,48.7286,199.652,0.744477
406,1,3,46.3637,138.595,0.756572
406,2,2,47.8365,193.407,0.751169
406,3,2,37.6111,213.658,0.800073
406,4,2,97.9959,115.733,0.518545
406,5,3,64.1383,160.212,0.680173
406,6,1,34.5898,160.266,0.821803
406,7,3,56.8585,190.073,0.704927
406,8,3,62.9348,117.415,0.676101
406,9,1,67.2607,171.627,0.665175
406,10,2,34.5477,190.108,0.814667
406,11,2,47.239,315.842,0.753628
406,12,2,76.2153,150.877,0.61607
406,13,2,45.9093,132.109,0.760805
406,14,3,30.71,244.157,0.831358
406,15,1,26.2916,162.432,0.859942
406,16,3,107.826,155.054,0.462748
406,17,0,79.3965,151.466,0.59688
406,18,2,34.9012,154.361,0.813458
406,19,1,54.8639,178.291,0.723875
407,0,3,48.838,199.608,0.744902
407,1,3,46.49,138.663,0.757048
407,2,2,47.887,193.361,0.751377
407,3,2,37.7037,213.507,0.800161
407,4,2,98.0885,117.406,0.517877
407,5,3,64.7275,159.777,0.67967
407,6,1,34.8591,160.045,0.821194
407,7,3,56.9006,190.046,0.70557
407,8,3,62.9685,117.438,0.676694
407,9,1,67.5973,171.49,0.664589
407,10,2,34.615,190.088,0.814559
407,11,2,47.3568,315.466,0.75375
407,12,2,76.2995,150.896,0.616489
407,13,2,45.9934,132.179,0.760949
407,14,3,30.8278,243.896,0.83153
407,15,1,26.4767,162.528,0.85924
407,16,3,107.918,155.052,0.463784
407,17,2,79.4639,151.482,0.597587
407,18,2,35.0526,154.398,0.813352
407,19,1,55.1332,178.162,0.723386
408,0,3,48.9643,199.513,0.745246
408,1,3,46.6078,138.743,0.757201
408,2,2,47.9628,193.261,0.751384
408,3,2,37.771,213.445,0.800088
408,4,2,98.2568,118.136,0.517692
408,5,3,65.0978,159.582,0.67905
408,6,1,35.1452,160.112,0.820669
408,7,3,56.9006,190.046,0.70601
408,8,3,63.0274,117.482,0.677365
408,9,1,67.875,171.362,0.663765
408,10,2,34.7244,190.051,0.81433
408,11,2,47.4326,315.223,0.753831
408,12,2,76.392,150.896,0.616705
408,13,2,46.086,132.267,0.760892
408,14,3,30.9036,243.698,0.831662
408,15,1,26.7208,162.659,0.85826
408,16,3,107.952,155.061,0.464655
408,17,2,79.6069,151.507,0.598331
408,18,2,35.1452,154.442,0.812966
408,19,1,55.3773,178.062,0.72282
409,0,3,49.0737,199.453,0.745668
409,1,3,46.7509,138.755,0.757474
409,2,2,48.089,193.206,0.751031
409,3,2,37.8972,213.254,0.799976
409,4,2,98.4924,118.706,0.517469
409,5,3,65.628,158.65,0.678553
409,6,1,35.4734,160.155,0.819946
409,7,2,57.0352,189.902,0.706487
409,8,3,63.12,117.557,0.677872
409,9,1,68.3043,171.154,0.663225
409,10,2,34.8422,189.882,0.814023
409,11,2,47.6093,314.582,0.753792
409,12,2,76.5856,150.878,0.616881
409,13,2,46.187,132.34,0.760596
409,14,3,31.055,243.298,0.831672
409,15,1,27.0659,161.945,0.857726
409,16,3,108.061,155.066,0.465562
409,17,2,79.8089,151.502,0.598991
409,18,2,35.322,154.443,0.812823
409,19,1,55.6803,177.949,0.722336
410,0,3,49.1663,199.388,0.746008
410,1,3,46.894,138.878,0.757745
410,2,2,48.3163,192.985,0.750918
410,3,2,38.1666,212.795,0.799744
410,4,2,98.8964,119.097,0.516848
410,5,3,66.1329,157.669,0.678098
410,6,1,35.7764,160.075,0.819027
410,7,2,57.2456,189.76,0.706963
410,8,3,63.2547,117.673,0.678378
410,9,1,68.6156,170.943,0.662568
410,10,2,35.0779,189.599,0.813997
410,11,2,47.8534,313.74,0.753833
410,12,2,76.8465,150.824,0.616856
410,13,2,46.3637,132.387,0.76018
410,14,3,31.1476,243.094,0.831723
410,15,1,27.4109,161.579,0.856715
410,16,3,108.146,155.071,0.466624
410,17,2,80.1203,151.446,0.599729
410,18,2,35.5576,154.329,0.81256
410,19,1,55.9832,177.801,0.721774
411,0,3,49.242,199.329,0.746426
411,1,3,47.0454,138.956,0.757935
411,2,2,48.5182,192.846,0.750886
411,3,2,38.5705,211.754,0.799634
411,4,2,99.435,119.127,0.51611
411,5,3,66.6042,156.785,0.677805
411,6,1,36.0794,159.703,0.818193
411,7,2,57.4897,189.563,0.707595
411,8,3,63.3136,117.705,0.67888
411,9,1,69.0954,170.468,0.662034
411,10,2,35.2883,189.301,0.813852
411,11,2,48.0806,312.964,0.753873
411,12,2,77.1326,150.711,0.616791
411,13,2,46.6078,132.486,0.760006
411,14,3,31.2402,242.923,0.831893
411,15,1,27.6718,161.603,0.855868
411,16,3,108.255,155.07,0.467442
411,17,2,80.5159,151.378,0.600502
411,18,2,35.8606,154.197,0.812298
411,19,1,56.2694,177.622,0.720897
412,0,3,49.343,199.238,0.746802
412,1,3,47.2306,139.069,0.758125
412,2,2,48.7455,192.605,0.750973
412,3,2,38.8651,211.174,0.799523
412,4,2,99.9063,118.789,0.515097
412,5,3,67.126,155.904,0.677473
412,6,1,36.2982,159.747,0.817243
412,7,2,57.7338,189.298,0.708184
412,8,3,63.3641,117.753,0.67938
412,9,1,69.4488,170.058,0.661939
412,10,2,35.465,189.14,0.813945
412,11,2,48.2405,312.422,0.754152
412,12,2,77.4272,150.614,0.617163
412,13,2,46.8098,132.509,0.760032
412,14,3,31.4506,242.335,0.831983
412,15,1,28,161.244,0.855344
412,16,3,108.39,155.1,0.468415
412,17,2,80.8525,151.272,0.601271
412,18,2,36.1131,154.108,0.812237
412,19,1,56.5892,177.398,0.720183
413,0,3,49.4608,199.169,0.747295
413,1,3,47.3989,139.106,0.758432
413,2,2,48.8885,192.471,0.751377
413,3,2,39.1933,210.526,0.79973
413,4,2,100.336,118.65,0.51512
413,5,3,67.5889,155.194,0.677183
413,6,1,36.5675,159.642,0.816535
413,7,2,57.9694,189.092,0.708573
413,8,3,63.4314,117.826,0.679838
413,9,1,69.9033,169.615,0.662003
413,10,2,35.6165,189.043,0.814078
413,11,2,48.3331,312.105,0.754548
413,12,2,77.6965,150.605,0.617851
413,13,2,47.0286,132.557,0.760335
413,14,3,31.6273,241.883,0.832032
413,15,1,28.2609,161.217,0.854901
413,16,3,108.507,155.097,0.469304
413,17,2,81.1555,151.214,0.602037
413,18,2,36.3487,154.004,0.812255
413,19,1,56.8417,177.269,0.720067
414,0,3,49.5702,199.106,0.747707
414,1,3,47.6177,139.191,0.758857
414,2,2,49.0484,192.325,0.751858
414,3,2,39.4879,209.987,0.800016
414,4,2,100.79,118.412,0.515539
414,5,3,68.0434,154.581,0.677012
414,6,1,36.8116,159.633,0.815871
414,7,2,58.2219,188.882,0.709276
414,8,3,63.4482,117.836,0.680452
414,9,1,70.3493,169.249,0.662225
414,10,2,35.768,188.822,0.81421
414,11,2,48.4846,311.633,0.754982
414,12,2,77.8985,150.56,0.618694
414,13,2,47.1885,132.602,0.760754
414,14,3,31.7283,241.646,0.832279
414,15,1,28.5471,161.086,0.854697
414,16,3,108.617,155.099,0.470386
414,17,2,81.4416,151.067,0.602918
414,18,2,36.5507,153.927,0.812628
414,19,1,57.0773,177.174,0.72007
415,0,3,49.6796,199.027,0.747919
415,1,3,47.7356,139.242,0.759003
415,2,2,49.2168,192.23,0.7521
415,3,2,39.6814,209.733,0.800181
415,4,2,101.152,118.435,0.51631
415,5,3,68.5062,153.756,0.676449
415,6,1,37.0472,159.632,0.815051
415,7,2,58.4155,188.714,0.709699
415,8,3,63.4819,117.86,0.681063
415,9,1,70.6439,169.089,0.661933
415,10,2,35.8942,188.793,0.814341
415,11,2,48.6529,311.152,0.755216
415,12,2,78.0416,150.544,0.619098
415,13,2,47.3737,132.68,0.761054
415,14,3,31.8293,241.403,0.832328
415,15,1,28.8669,160.831,0.8541
415,16,3,108.76,155.092,0.471069
415,17,2,81.5931,151.067,0.603873
415,18,2,36.6853,153.966,0.812606
415,19,1,57.2709,177.111,0.719639
416,0,3,49.8143,198.939,0.748052
416,1,3,47.8365,139.293,0.759149
416,2,2,49.3851,192.081,0.752302
416,3,2,39.8245,209.542,0.80011
416,4,2,101.539,118.9,0.517431
416,5,3,69.0533,152.778,0.675533
416,6,1,37.1903,159.665,0.814079
416,7,2,58.609,188.614,0.710081
416,8,3,63.566,117.924,0.68175
416,9,1,70.9048,169.022,0.661368
416,10,2,36.0289,188.649,0.814394
416,11,2,48.8633,310.428,0.755056
416,12,2,78.2015,150.587,0.619619
416,13,2,47.5083,132.73,0.761313
416,14,3,31.9387,241.143,0.832297
416,15,1,29.0857,160.838,0.852994
416,16,3,108.895,155.11,0.471787
416,17,2,81.753,151.094,0.604785
416,18,2,36.8705,153.953,0.812741
416,19,1,57.355,177.1,0.719289
417,0,3,49.89,198.884,0.748155
417,1,3,47.9375,139.366,0.759107
417,2,2,49.5197,191.926,0.752669
417,3,2,40.0181,209.187,0.800086
417,4,2,101.8,119.289,0.518174
417,5,3,69.5667,151.843,0.674085
417,6,1,37.3334,159.677,0.813157
417,7,2,58.7773,188.521,0.71063
417,8,3,63.6081,117.962,0.682289
417,9,1,71.132,168.941,0.660543
417,10,2,36.2645,188.437,0.814571
417,11,2,49.0569,309.776,0.755103
417,12,2,78.3782,150.607,0.620074
417,13,2,47.7019,132.799,0.761423
417,14,3,32.0229,240.955,0.832117
417,15,1,29.2372,160.85,0.852371
417,16,3,108.97,155.116,0.472602
417,17,2,81.8288,151.104,0.605315
417,18,2,36.9883,153.919,0.812451
417,19,1,57.4476,177.081,0.718794
418,0,3,50.05,198.795,0.748169
418,1,3,48.0385,139.421,0.759095
418,2,2,49.7301,191.76,0.75279
418,3,2,40.2537,208.781,0.800329
418,4,2,102.305,119.54,0.518542
418,5,3,70.08,150.899,0.673023
418,6,1,37.5522,159.719,0.812312
418,7,2,59.0214,188.396,0.711321
418,8,3,63.6165,117.965,0.682735
418,9,1,71.4855,168.795,0.659944
418,10,2,36.4497,188.263,0.814465
418,11,2,49.2925,308.96,0.755257
418,12,2,78.6644,150.484,0.620629
418,13,2,47.988,132.791,0.761601
418,14,3,32.2333,240.286,0.832165
418,15,1,29.5822,160.475,0.851549
418,16,3,109.055,155.127,0.473705
418,17,2,81.8372,151.102,0.605592
418,18,2,37.2997,153.764,0.812507
418,19,2,57.5823,177.016,0.718213
419,0,3,50.2014,198.691,0.748301
419,1,3,48.1564,139.544,0.759044
419,2,2,49.9742,191.569,0.752715
419,3,2,40.5651,208.248,0.799984
419,4,2,102.616,119.935,0.518556
419,5,3,70.5934,149.958,0.671459
419,6,1,37.7121,159.71,0.811235
419,7,2,59.2907,188.22,0.711188
419,8,2,63.7512,117.909,0.683022
419,9,1,71.6538,168.753,0.659036
419,10,2,36.6853,187.879,0.814282
419,11,2,49.5197,308.196,0.75502
419,12,2,78.9337,150.464,0.620478
419,13,2,48.2153,132.846,0.761622
419,14,3,32.4016,239.739,0.83194
419,15,1,29.7337,160.45,0.850301
419,16,3,109.231,155.144,0.474373
419,17,1,81.8456,151.089,0.605438
419,18,2,37.6195,153.395,0.811938
419,19,2,57.86,176.871,0.717478
420,0,3,50.3866,198.597,0.748509
420,1,3,48.3163,139.619,0.758954
420,2,2,50.2099,191.411,0.752251
420,3,2,40.8092,207.818,0.799096
420,4,2,102.751,120.456,0.517869
420,5,3,71.1068,149.043,0.669901
420,6,1,37.8383,159.733,0.810359
420,7,2,59.6358,187.969,0.71094
420,8,2,64.071,118.068,0.68323
420,9,1,71.8137,168.765,0.658171
420,10,2,36.9799,187.654,0.813672
420,11,2,49.7891,307.373,0.754433
420,12,2,79.1272,150.455,0.620211
420,13,2,48.4509,132.909,0.761448
420,14,3,32.6204,239.17,0.831872
420,15,1,29.8179,160.461,0.849098
420,16,3,109.433,155.173,0.475389
420,17,1,82.056,151.101,0.604856
420,18,2,37.8552,153.268,0.811411
420,19,2,58.0956,176.723,0.716747
421,0,3,50.5549,198.514,0.748717
421,1,3,48.4677,139.686,0.758748
421,2,2,50.3698,191.33,0.751788
421,3,2,40.9354,207.62,0.797939
421,4,2,102.801,120.805,0.516796
421,5,3,71.5108,148.734,0.66839
421,6,1,37.973,159.765,0.809331
421,7,2,59.7873,187.905,0.710498
421,8,2,64.2141,118.136,0.683709
421,9,1,72.0157,168.731,0.656998
421,10,2,37.1314,187.568,0.812947
421,11,2,49.9742,306.862,0.753927
421,12,2,79.2535,150.474,0.61979
421,13,2,48.6024,132.909,0.760848
421,14,3,32.8056,238.802,0.831804
421,15,1,30.0115,160.43,0.848095
421,16,3,109.618,155.213,0.475933
421,17,1,82.2243,151.094,0.604082
421,18,2,38.0235,153.195,0.810498
421,19,2,58.2471,176.65,0.715941
422,0,3,50.8663,198.29,0.748768
422,1,3,48.7034,139.804,0.758466
422,2,2,50.4708,191.29,0.7516
422,3,2,41.0028,207.573,0.796982
422,4,2,102.801,120.805,0.515845
422,5,3,72.0578,148.508,0.666886
422,6,1,38.1918,159.817,0.808851
422,7,2,59.8546,187.872,0.710097
422,8,2,64.2982,118.214,0.684264
422,9,1,72.2177,168.706,0.655909
422,10,2,37.1903,187.56,0.81273
422,11,2,49.9995,306.807,0.753966
422,12,2,79.2703,150.474,0.619177
422,13,2,48.6361,132.954,0.760405
422,14,3,33.0665,238.121,0.831194
422,15,1,30.2555,160.597,0.847135
422,16,3,109.947,155.165,0.476669
422,17,1,82.4263,151.14,0.603506
422,18,2,38.0487,153.211,0.809666
422,19,2,58.3229,176.648,0.715294
423,0,3,51.1945,197.968,0.74882
423,1,3,49.04,139.801,0.758184
423,2,2,50.7653,190.884,0.75149
423,3,2,41.2552,207.243,0.796068
423,4,2,102.801,120.805,0.514976
423,5,3,72.5543,147.714,0.665506
423,6,1,38.5116,159.857,0.807987
423,7,2,60.1323,187.701,0.709697
423,8,2,64.6012,118.272,0.684699
423,9,1,72.6217,168.394,0.654671
423,10,2,37.4344,187.335,0.812515
423,11,2,50.0836,306.542,0.754044
423,12,2,79.5228,150.446,0.618876
423,13,2,48.838,132.992,0.760042
423,14,3,33.4284,236.696,0.830895
423,15,1,30.7016,160.048,0.846297
423,16,3,110.3,154.996,0.477401
423,17,1,82.8639,150.919,0.603088
423,18,2,38.3096,153.176,0.809032
423,19,2,58.6764,176.256,0.714767
424,0,3,51.5985,197.336,0.748948
424,1,3,49.444,139.608,0.757904
424,2,2,51.1693,190.325,0.751264
424,3,2,41.6255,206.517,0.795197
424,4,2,102.801,120.805,0.513956
424,5,3,72.9583,147.318,0.664247
424,6,1,38.9492,159.512,0.807358
424,7,2,60.511,187.284,0.709146
424,8,2,64.921,118.377,0.685287
424,9,1,73.0425,168.05,0.653631
424,10,2,37.7626,186.834,0.812184
424,11,2,50.1341,306.376,0.753774
424,12,2,79.9857,150.187,0.61904
424,13,2,49.2336,132.886,0.759873
424,14,3,33.8071,235.353,0.830715
424,15,1,31.1308,159.178,0.845269
424,16,3,110.662,154.856,0.478091
424,17,1,83.2595,150.634,0.602633
424,18,2,38.7136,152.899,0.808632
424,19,2,59.0635,175.636,0.714473
425,0,3,51.8846,196.997,0.749076
425,1,3,49.8143,139.56,0.757973
425,2,2,51.4723,189.915,0.751117
425,3,2,41.9201,206.035,0.794831
425,4,2,103.054,124.062,0.513095
425,5,2,73.2949,147.049,0.662764
425,6,1,39.3111,159.348,0.806809
425,7,2,60.915,186.667,0.709097
425,8,2,65.1903,118.403,0.68595
425,9,1,73.4969,167.698,0.65302
425,10,2,38.0908,186.318,0.812163
425,11,3,50.3782,305.107,0.75362
425,12,2,80.3307,150.077,0.619165
425,13,2,49.5871,132.623,0.759552
425,14,3,34.211,233.956,0.830727
425,15,1,31.5768,158.077,0.844246
425,16,3,111.049,154.595,0.478624
425,17,1,83.7055,150.465,0.602989
425,18,2,39.0839,152.297,0.808504
425,19,2,59.3749,175.43,0.714335
426,0,3,52.2465,196.477,0.749011
426,1,3,50.1678,139.598,0.75804
426,2,2,51.9015,189.346,0.75097
426,3,2,42.2147,205.611,0.794505
426,4,2,103.264,124.526,0.512699
426,5,2,73.6063,146.96,0.66121
426,6,1,39.7067,158.865,0.806647
426,7,2,61.218,186.441,0.70878
426,8,2,65.2913,118.475,0.686263
426,9,1,73.8252,167.614,0.652603
426,10,2,38.4864,185.627,0.811873
426,11,3,50.9,302.212,0.753391
426,12,2,80.7179,149.82,0.619404
426,13,2,49.89,132.594,0.759539
426,14,3,34.5393,232.927,0.830663
426,15,1,31.9135,157.593,0.843535
426,16,3,111.394,154.47,0.479308
426,17,1,84.1011,150.169,0.603228
426,18,2,39.4374,151.897,0.808146
426,19,2,59.7788,174.971,0.714621
427,0,3,52.5327,196.244,0.749252
427,1,3,50.4371,139.75,0.758223
427,2,2,52.2465,188.824,0.750863
427,3,2,42.5092,205.276,0.794219
427,4,2,103.424,125.06,0.512382
427,5,2,73.9766,146.768,0.659664
427,6,1,40.1107,158.578,0.806333
427,7,2,61.5883,185.905,0.708733
427,8,2,65.2913,118.475,0.686882
427,9,1,74.1618,167.454,0.652342
427,10,2,38.7473,185.374,0.811316
427,11,3,51.3881,299.579,0.753048
427,12,2,81.004,149.798,0.619451
427,13,2,50.2351,132.622,0.759181
427,14,3,34.8254,232.167,0.830637
427,15,1,32.2922,157.293,0.843096
427,16,3,111.672,154.504,0.480219
427,17,1,84.4882,149.933,0.603849
427,18,2,39.8077,151.837,0.808058
427,19,2,60.1071,174.595,0.714905
428,0,3,52.6589,196.13,0.749149
428,1,3,50.4876,139.796,0.758328
428,2,2,52.4317,188.645,0.750488
428,3,2,42.7028,205.011,0.793514
428,4,2,103.626,125.707,0.511378
428,5,2,74.086,146.774,0.658125
428,6,1,40.4136,158.439,0.80579
428,7,2,61.7482,185.842,0.708188
428,8,1,65.4765,118.468,0.687574
428,9,1,74.4395,167.401,0.651738
428,10,2,38.8988,185.296,0.810877
428,11,3,51.7836,298.571,0.752476
428,12,2,81.1639,149.816,0.619077
428,13,2,50.3361,132.675,0.758557
428,14,3,34.9348,232.019,0.830114
428,15,1,32.5699,157.302,0.842123
428,16,3,111.798,154.54,0.480858
428,17,1,84.7744,149.944,0.604773
428,18,2,39.9844,151.857,0.807091
428,19,2,60.3343,174.502,0.714728
429,0,3,52.7599,196.106,0.749046
429,1,3,50.5802,139.878,0.75828
429,2,2,52.6926,188.53,0.749847
429,3,2,42.9132,204.767,0.792621
429,4,2,103.879,126.189,0.511103
429,5,2,74.3385,146.805,0.656593
429,6,1,40.7503,158.173,0.80567
429,7,2,62.0259,185.681,0.707761
429,8,1,65.7626,118.636,0.687386
429,9,1,74.7425,167.272,0.651786
429,10,2,39.1428,185.058,0.810211
429,11,3,52.3391,296.116,0.752022
429,12,2,81.3322,149.851,0.618704
429,13,2,50.6054,132.659,0.75786
429,14,3,35.0106,231.88,0.829556
429,15,1,32.7887,157.28,0.841918
429,16,3,111.908,154.546,0.48138
429,17,1,85.0773,149.924,0.605502
429,18,2,40.2537,151.828,0.806013
429,19,2,60.6036,174.373,0.714286
430,0,3,52.8188,196.059,0.748753
430,1,3,50.6475,139.934,0.758194
430,2,2,53.0208,188.206,0.749477
430,3,2,42.9889,204.734,0.792112
430,4,2,104.156,126.663,0.51163
430,5,2,74.5573,146.831,0.655069
430,6,1,41.0112,158.013,0.805474
430,7,2,62.3121,185.52,0.706993
430,8,1,66.0572,118.746,0.686855
430,9,1,75.0034,167.244,0.651681
430,10,2,39.4963,184.687,0.809357
430,11,3,52.6589,295.351,0.75138
430,12,2,81.45,149.867,0.618676
430,13,2,50.8242,132.666,0.757471
430,14,3,35.0611,231.787,0.829152
430,15,1,33.1506,157.199,0.841905
430,16,3,112,154.575,0.48167
430,17,1,85.3382,149.938,0.605543
430,18,2,40.6156,151.65,0.805322
430,19,2,60.9655,174.217,0.713807
431,0,3,52.8777,196.048,0.748424
431,1,3,50.6812,139.972,0.757957
431,2,2,53.3154,187.923,0.749335
431,3,2,43.0647,204.652,0.792062
431,4,2,104.569,126.922,0.512533
431,5,2,74.9613,146.794,0.653741
431,6,1,41.2132,157.976,0.805241
431,7,2,62.5645,185.321,0.706988
431,8,1,66.2844,118.886,0.686897
431,9,1,75.2559,167.179,0.651614
431,10,2,39.7404,184.458,0.809153
431,11,3,52.802,296.034,0.751272
431,12,2,81.5847,149.879,0.619142
431,13,2,51.1609,132.727,0.757463
431,14,3,35.12,231.667,0.828523
431,15,1,33.4284,157.089,0.841284
431,16,3,112.101,154.584,0.481998
431,17,1,85.5907,149.972,0.605659
431,18,2,40.9354,151.386,0.805241
431,19,2,61.2937,174.028,0.7139
432,0,3,52.9198,196.034,0.747717
432,1,3,50.6812,139.972,0.757455
432,2,2,53.6352,187.713,0.749612
432,3,3,43.0815,204.6,0.79224
432,4,2,104.99,127.19,0.51366
432,5,2,75.298,146.764,0.652381
432,6,1,41.4151,158.006,0.804782
432,7,2,62.7244,185.24,0.707287
432,8,1,66.5537,119.101,0.687393
432,9,1,75.4494,167.156,0.65151
432,10,2,40.0938,184.155,0.809405
432,11,3,53.147,295.812,0.751734
432,12,2,81.753,149.907,0.619908
432,13,2,51.4891,132.816,0.757834
432,14,3,35.162,231.608,0.827934
432,15,1,33.6724,157.074,0.8404
432,16,3,112.194,154.602,0.481755
432,17,1,85.8348,149.973,0.605623
432,18,2,41.3057,151.443,0.805502
432,19,2,61.6724,173.785,0.714183
433,0,3,53.0124,195.983,0.746635
433,1,3,50.7148,139.999,0.756351
433,2,2,53.9466,187.474,0.748828
433,3,3,43.1152,204.563,0.791396
433,4,2,105.503,127.298,0.514781
433,5,2,75.5757,146.797,0.650953
433,6,1,41.6003,158.025,0.803569
433,7,2,62.8339,185.214,0.706449
433,8,1,66.8146,119.286,0.686602
433,9,1,75.6262,167.143,0.650423
433,10,2,40.4052,183.602,0.808597
433,11,3,53.4668,295.563,0.751966
433,12,2,81.9298,149.921,0.61931
433,13,2,51.7416,132.818,0.757221
433,14,3,35.2799,231.368,0.826705
433,15,1,33.8996,157.074,0.838916
433,16,3,112.295,154.609,0.481325
433,17,1,86.1462,150.033,0.604642
433,18,2,41.6171,151.391,0.804514
433,19,2,62.0343,173.617,0.713216
434,0,3,53.1302,195.909,0.745446
434,1,3,50.8663,140.039,0.755177
434,2,2,54.2159,187.299,0.747671
434,3,3,43.2162,204.473,0.790292
434,4,2,105.924,127.543,0.515898
434,5,2,75.8113,146.766,0.64987
434,6,1,41.8107,157.962,0.80221
434,7,2,62.8759,185.202,0.705503
434,8,1,67.0587,119.416,0.685815
434,9,1,75.8534,167.108,0.64938
434,10,2,40.6324,183.476,0.807566
434,11,3,53.7614,295.445,0.752235
434,12,2,82.1317,149.944,0.618376
434,13,2,51.9688,132.888,0.756195
434,14,3,35.3809,231.217,0.825256
434,15,1,34.1774,157.22,0.837438
434,16,3,112.337,154.619,0.480783
434,17,1,86.3987,150.011,0.603628
434,18,2,41.878,151.305,0.803342
434,19,2,62.2784,173.574,0.712103
435,0,3,53.1639,195.89,0.7446
435,1,3,50.9084,140.064,0.753895
435,2,2,54.4094,187.207,0.74667
435,3,3,43.2667,204.439,0.789569
435,4,2,106.235,127.818,0.515918
435,5,2,75.9965,146.791,0.649168
435,6,1,41.9958,157.977,0.800896
435,7,3,62.9012,185.176,0.704561
435,8,1,67.2691,119.541,0.685407
435,9,1,76.1311,167.064,0.648228
435,10,2,40.8176,183.362,0.80654
435,11,3,54.0223,295.49,0.751712
435,12,2,82.2075,149.944,0.617559
435,13,2,52.053,132.929,0.755249
435,14,3,35.4314,231.127,0.823926
435,15,1,34.4719,157.182,0.835817
435,16,3,112.354,154.618,0.480319
435,17,1,86.668,150.058,0.602732
435,18,2,41.9874,151.32,0.802062
435,19,2,62.3962,173.588,0.711334
436,0,3,53.2312,195.851,0.743833
436,1,3,50.9589,140.099,0.753032
436,2,2,54.5862,187.095,0.745448
436,3,3,43.2919,204.391,0.788586
436,4,2,106.706,128.141,0.51605
436,5,2,76.0806,146.805,0.648508
436,6,1,42.2736,157.925,0.799662
436,7,3,62.9685,185.157,0.703773
436,8,1,67.4542,119.663,0.685827
436,9,1,76.4425,166.885,0.647494
436,10,2,40.927,183.285,0.805331
436,11,3,54.3337,295.357,0.749991
436,12,2,82.2243,149.942,0.61667
436,13,2,52.1708,133.021,0.754458
436,14,3,35.4987,231.028,0.822902
436,15,1,34.8507,156.921,0.834466
436,16,3,112.387,154.613,0.47997
436,17,1,87.0214,150.038,0.60184
436,18,2,42.1052,151.339,0.800826
436,19,2,62.5477,173.545,0.710306
437,0,3,53.3069,195.805,0.743295
437,1,3,51.0515,140.142,0.752547
437,2,2,54.805,186.958,0.744381
437,3,3,43.3676,204.333,0.787796
437,4,2,107.136,128.322,0.516444
437,5,2,76.1732,146.81,0.647775
437,6,1,42.6102,157.776,0.798509
437,7,3,63.0358,185.104,0.702839
437,8,1,67.4963,119.709,0.686545
437,9,1,76.7708,166.825,0.646801
437,10,2,41.028,183.257,0.80454
437,11,3,54.6703,295.024,0.748277
437,12,2,82.2916,149.962,0.616497
437,13,2,52.3139,133.088,0.753521
437,14,3,35.5744,230.868,0.821996
437,15,1,35.221,156.536,0.833196
437,16,3,112.429,154.626,0.479997
437,17,1,87.3749,149.827,0.600989
437,18,2,42.2399,151.395,0.799783
437,19,2,62.7076,173.485,0.70932
438,0,3,53.3911,195.755,0.743245
438,1,3,51.1272,140.166,0.752887
438,2,2,54.9396,186.909,0.744104
438,3,3,43.4266,204.279,0.78742
438,4,2,107.666,128.521,0.51665
438,5,2,76.3247,146.847,0.64798
438,6,1,42.9048,157.739,0.797436
438,7,3,63.0863,185.085,0.702844
438,8,2,67.5216,119.698,0.68625
438,9,1,77.1579,166.65,0.646485
438,10,2,41.0617,183.249,0.80435
438,11,3,54.9312,295.075,0.746945
438,12,1,82.359,149.918,0.616549
438,13,2,52.4653,133.127,0.753597
438,14,3,35.6165,230.788,0.821991
438,15,1,35.5828,156.016,0.832418
438,16,3,112.53,154.648,0.480697
438,17,1,87.7368,149.794,0.60059
438,18,2,42.4251,151.369,0.799454
438,19,2,62.8591,173.442,0.709085
439,0,3,53.4584,195.714,0.743419
439,1,3,51.2198,140.195,0.753114
439,2,2,55.108,186.826,0.743493
439,3,3,43.5444,204.173,0.787046
439,4,2,108.087,128.464,0.516631
439,5,2,76.4509,146.874,0.647737
439,6,1,43.2498,157.539,0.79648
439,7,3,63.1705,185.044,0.702252
439,8,2,67.732,119.817,0.685771
439,9,1,77.5198,166.372,0.645947
439,10,3,41.0869,183.246,0.803714
439,11,3,55.1164,295.402,0.745246
439,12,1,82.8219,149.553,0.61675
439,13,2,52.5832,133.192,0.752964
439,14,3,35.7091,230.605,0.822134
439,15,1,35.97,155.783,0.831606
439,16,3,112.614,154.647,0.481393
439,17,1,88.1997,149.49,0.600082
439,18,2,42.5092,151.409,0.798643
439,19,2,63.0863,173.402,0.708442
440,0,3,53.551,195.662,0.743778
440,1,3,51.3544,140.226,0.753376
440,2,2,55.2174,186.762,0.742848
440,3,3,43.7127,203.955,0.787232
440,4,2,108.507,128.394,0.5165
440,5,2,76.5519,146.88,0.647346
440,6,1,43.5612,157.404,0.795863
440,7,3,63.3136,184.97,0.701663
440,8,2,67.8498,119.921,0.685256
440,9,1,77.8312,166.235,0.645597
440,10,3,41.1795,183.198,0.80256
440,11,3,55.251,295.885,0.74415
440,12,1,83.1669,149.485,0.617099
440,13,2,52.6589,133.214,0.752409
440,14,3,35.8774,230.294,0.822278
440,15,1,36.2645,155.831,0.830611
440,16,3,112.631,154.649,0.482124
440,17,1,88.5447,149.442,0.599911
440,18,2,42.6523,151.456,0.797612
440,19,2,63.2547,173.341,0.707616
441,0,3,53.6352,195.584,0.744135
441,1,3,51.4807,140.249,0.753823
441,2,2,55.2847,186.715,0.742019
441,3,3,43.8642,203.809,0.787416
441,4,2,109.021,128.427,0.515776
441,5,2,76.6613,146.9,0.646437
441,6,1,43.8389,157.37,0.795434
441,7,3,63.4061,184.953,0.701225
441,8,2,67.9844,119.983,0.684892
441,9,1,78.0584,166.121,0.645323
441,10,3,41.3057,183.079,0.801856
441,11,3,55.2931,296.465,0.744135
441,12,1,83.4783,149.496,0.617483
441,13,2,52.7936,133.289,0.751485
441,14,3,36.0205,230.031,0.82242
441,15,1,36.6685,155.218,0.829696
441,16,3,112.69,154.657,0.482888
441,17,1,88.8982,149.294,0.599629
441,18,2,42.7869,151.462,0.796511
441,19,2,63.4061,173.342,0.706756
442,0,3,53.7193,195.52,0.744454
442,1,3,51.6153,140.302,0.754342
442,2,2,55.453,186.6,0.741195
442,3,3,43.9399,203.735,0.787823
442,4,2,109.425,128.517,0.515018
442,5,2,76.8297,146.937,0.645791
442,6,1,43.9988,157.453,0.795008
442,7,3,63.5071,184.908,0.70127
442,8,2,68.1275,120.027,0.684345
442,9,1,78.3361,166.095,0.645272
442,10,3,41.4067,183.006,0.800859
442,11,3,55.3184,297.12,0.743158
442,12,1,83.8402,149.393,0.617422
442,13,2,52.8693,133.346,0.750713
442,14,3,36.1215,229.84,0.822673
442,15,1,36.9799,155.12,0.829006
442,16,3,112.8,154.665,0.483649
442,17,1,89.1759,149.286,0.599459
442,18,2,42.8795,151.484,0.795489
442,19,2,63.566,173.304,0.705715
443,0,3,53.7867,195.463,0.74466
443,1,3,51.6827,140.34,0.754711
443,2,2,55.5119,186.589,0.740448
443,3,3,44.0157,203.647,0.788116
443,4,2,109.761,128.567,0.513894
443,5,2,76.9475,146.975,0.64537
443,6,1,44.1419,157.496,0.794768
443,7,3,63.5913,184.853,0.701537
443,8,2,68.2706,120.1,0.684022
443,9,1,78.6728,165.948,0.645296
443,10,3,41.4656,182.971,0.799867
443,11,3,55.3184,297.12,0.742332
443,12,1,84.1011,149.416,0.617545
443,13,2,52.9366,133.389,0.750166
443,14,3,36.1972,229.756,0.822519
443,15,1,37.266,155.145,0.828283
443,16,3,112.859,154.669,0.484369
443,17,1,89.5126,149.236,0.599106
443,18,2,42.9889,151.503,0.794509
443,19,2,63.7007,173.293,0.704826
444,0,3,53.8287,195.43,0.744719
444,1,3,51.7163,140.346,0.754636
444,2,2,55.5877,186.54,0.739704
444,3,3,44.0325,203.634,0.788187
444,4,2,110.014,128.661,0.513144
444,5,2,77.0653,146.986,0.645246
444,6,1,44.2429,157.489,0.794307
444,7,3,63.6839,184.843,0.702061
444,8,2,68.4052,120.161,0.683626
444,9,1,78.9,165.978,0.645098
444,10,3,41.5414,182.939,0.799322
444,11,3,55.3184,297.12,0.741622
444,12,1,84.4125,149.461,0.617631
444,13,2,53.004,133.429,0.749806
444,14,3,36.273,229.619,0.822439
444,15,1,37.5017,155.238,0.827563
444,16,3,112.884,154.665,0.485345
444,17,1,89.7061,149.208,0.598938
444,18,2,43.1152,151.493,0.794012
444,19,2,63.8269,173.287,0.704679
445,0,3,53.9802,195.321,0.74508
445,1,3,51.8257,140.404,0.754975
445,2,2,55.7644,186.481,0.739636
445,3,3,44.0578,203.61,0.788413
445,4,2,110.426,128.559,0.512746
445,5,2,77.1747,147.011,0.645282
445,6,2,44.4028,157.38,0.79382
445,7,3,63.7596,184.796,0.702557
445,8,2,68.7335,120.091,0.683355
445,9,1,79.2282,165.885,0.644657
445,10,3,41.6171,182.932,0.79897
445,11,3,55.3184,297.12,0.74107
445,12,1,84.7996,149.242,0.618172
445,13,2,53.1134,133.462,0.749972
445,14,3,36.3066,229.557,0.822623
445,15,1,37.9225,154.522,0.826632
445,16,3,112.985,154.682,0.486445
445,17,1,90.0344,149.193,0.598565
445,18,2,43.2582,151.534,0.79393
445,19,2,64.0037,173.217,0.704727
446,0,3,54.1401,195.226,0.745394
446,1,3,51.9604,140.454,0.75523
446,2,2,56.0169,186.271,0.739301
446,3,3,44.1083,203.562,0.78874
446,4,3,110.662,128.437,0.511892
446,5,2,77.3094,147.02,0.645709
446,6,2,44.6637,157.337,0.793071
446,7,3,63.9111,184.708,0.702929
446,8,2,69.0112,120.185,0.683403
446,9,1,79.548,165.755,0.643911
446,10,3,41.6676,182.927,0.79887
446,11,3,55.4362,302.58,0.740255
446,12,1,85.2204,148.837,0.618917
446,13,2,53.2733,133.471,0.749982
446,14,3,36.374,229.38,0.82269
446,15,1,38.3854,153.683,0.825369
446,16,3,113.052,154.69,0.487448
446,17,1,90.4215,149.093,0.597996
446,18,2,43.4013,151.559,0.793841
446,19,2,64.1972,173.19,0.704727
447,0,3,54.3421,195.085,0.74567
447,1,3,52.2465,140.506,0.755447
447,2,2,56.3788,185.845,0.739041
447,3,3,44.1756,203.532,0.788919
447,4,3,110.931,128.475,0.511041
447,5,2,77.4945,147.043,0.646025
447,6,2,44.9835,157.231,0.792068
447,7,3,64.0963,184.578,0.703336
447,8,2,69.3731,120.219,0.683927
447,9,1,79.8426,165.686,0.643278
447,10,3,41.9201,182.771,0.799063
447,11,3,55.6382,301.988,0.739407
447,12,1,85.6665,148.599,0.619511
447,13,2,53.5594,133.539,0.749991
447,14,3,36.5086,229.12,0.822756
447,15,1,38.9072,152.225,0.824184
447,16,3,113.061,154.692,0.488373
447,17,1,90.7161,148.933,0.597136
447,18,2,43.6959,151.414,0.793679
447,19,2,64.4161,173.111,0.704764
448,0,3,54.5273,194.9,0.745835
448,1,3,52.4906,140.549,0.755664
448,2,2,56.7407,185.232,0.739075
448,3,3,44.2345,203.454,0.789133
448,4,3,111.184,128.541,0.510085
448,5,2,77.8059,147.035,0.646156
448,6,2,45.3202,156.972,0.791143
448,7,3,64.2309,184.55,0.703705
448,8,2,69.7434,120.248,0.684412
448,9,1,80.2634,165.459,0.642466
448,10,3,42.1221,182.608,0.799364
448,11,3,55.8065,301.529,0.738819
448,12,1,86.0873,148.348,0.619885
448,13,2,53.8203,133.622,0.749817
448,14,3,36.7443,228.553,0.822968
448,15,1,39.3953,150.849,0.822895
448,16,3,113.086,154.764,0.489075
448,17,1,91.0948,148.809,0.596463
448,18,2,44.0746,151.163,0.793445
448,19,2,64.5844,173.059,0.704619
449,0,3,54.7208,194.751,0.746072
449,1,3,52.7178,140.478,0.75566
449,2,2,57.1362,184.619,0.738962
449,3,2,44.4701,202.969,0.789055
449,4,3,111.369,128.591,0.509315
449,5,2,78.1089,147.066,0.646433
449,6,2,45.6652,156.696,0.790113
449,7,3,64.3572,184.484,0.703999
449,8,2,70.1474,120.147,0.684276
449,9,1,80.6758,165.16,0.641766
449,10,3,42.2567,182.543,0.799738
449,11,3,56.0001,301.006,0.738598
449,12,1,86.5081,148.026,0.618907
449,13,2,54.1485,133.731,0.7499
449,14,3,36.921,228.128,0.822961
449,15,1,39.8245,149.828,0.821831
449,16,2,113.38,154.685,0.489883
449,17,1,91.524,148.634,0.595428
449,18,2,44.3944,150.929,0.793467
449,19,2,64.7695,172.962,0.704291
450,0,3,54.8387,194.68,0.746271
450,1,3,52.8525,140.536,0.75562
450,2,2,57.3971,184.418,0.739105
450,3,2,44.6553,202.766,0.788687
450,4,3,111.411,128.601,0.508476
450,5,2,78.3025,147.015,0.64689
450,6,2,45.9429,156.592,0.789342
450,7,3,64.4413,184.449,0.704111
450,8,2,70.3746,120.193,0.684503
450,9,1,81.105,164.711,0.641215
450,10,3,42.4503,182.451,0.799636
450,11,3,56.1936,300.457,0.738669
450,12,1,87.0467,147.445,0.618188
450,13,2,54.3758,133.784,0.749982
450,14,3,37.0556,227.892,0.82259
450,15,1,40.2706,148.946,0.820844
450,16,2,113.624,154.629,0.490906
450,17,1,91.9364,148.264,0.594653
450,18,2,44.6469,150.934,0.793343
450,19,3,64.8453,172.946,0.704111
451,0,3,54.9817,194.604,0.74647
451,1,3,52.9703,140.573,0.755544
451,2,2,57.6328,184.318,0.739284
451,3,2,44.7815,202.652,0.78861
451,4,3,111.512,128.638,0.507386
451,5,2,78.4455,147.029,0.647091
451,6,2,46.1197,156.561,0.788574
451,7,3,64.5507,184.404,0.70433
451,8,2,70.5092,120.25,0.684549
451,9,1,81.4753,164.49,0.641029
451,10,3,42.6607,182.319,0.799608
451,11,3,56.3199,300.103,0.739066
451,12,1,87.4675,147.18,0.617546
451,13,2,54.5104,133.872,0.750027
451,14,3,37.2071,227.562,0.822438
451,15,1,40.6998,148.508,0.819535
451,16,2,113.894,154.628,0.491779
451,17,1,92.3572,148.088,0.594316
451,18,2,44.8152,150.998,0.793184
451,19,3,64.9884,172.898,0.70433
452,0,3,55.1248,194.488,0.746704
452,1,3,53.0545,140.631,0.755686
452,2,2,57.9021,184.162,0.739171
452,3,2,44.9246,202.572,0.788751
452,4,3,111.731,128.694,0.5067
452,5,2,78.5634,147.047,0.647146
452,6,2,46.3048,156.608,0.788389
452,7,3,64.6854,184.345,0.704476
452,8,2,70.6439,120.341,0.684594
452,9,1,81.9129,164.198,0.640519
452,10,3,42.8374,182.165,0.799616
452,11,3,56.4714,299.708,0.739534
452,12,1,87.9135,146.861,0.616906
452,13,2,54.704,133.942,0.750254
452,14,3,37.2997,227.401,0.822432
452,15,1,41.2216,147.421,0.818593
452,16,2,114.138,154.625,0.492431
452,17,1,92.7107,147.964,0.593945
452,18,2,44.9583,150.983,0.793315
452,19,3,65.0893,172.895,0.704295
453,0,3,55.2763,194.387,0.746937
453,1,3,53.1555,140.653,0.755972
453,2,2,58.1377,184.005,0.73953
453,3,2,45.0424,202.463,0.788928
453,4,3,111.899,128.739,0.506342
453,5,2,78.7064,147.062,0.647526
453,6,2,46.5068,156.593,0.78835
453,7,3,64.8958,184.282,0.704839
453,8,2,70.8122,120.392,0.684675
453,9,1,82.2916,163.781,0.64001
453,10,3,43.0563,182.003,0.799805
453,11,3,56.6228,299.357,0.740108
453,12,1,88.4101,146.253,0.616558
453,13,2,54.8302,134.005,0.750623
453,14,3,37.4764,227.073,0.822498
453,15,1,41.5919,146.886,0.817765
453,16,2,114.348,154.621,0.493333
453,17,1,93.1567,147.78,0.593503
453,18,2,45.1182,150.957,0.7933
453,19,3,65.1988,172.876,0.704333
454,0,3,55.4194,194.311,0.747278
454,1,3,53.2733,140.699,0.756328
454,2,2,58.2976,183.956,0.739778
454,3,2,45.2023,202.359,0.78932
454,4,3,112.194,128.816,0.506526
454,5,2,78.799,147.071,0.647689
454,6,2,46.692,156.648,0.788382
454,7,3,65.1819,184.057,0.705127
454,8,2,70.9216,120.447,0.684755
454,9,1,82.6283,163.651,0.639756
454,10,3,43.1993,181.925,0.799885
454,11,3,56.8417,298.833,0.740679
454,12,1,88.8814,145.812,0.616283
454,13,2,54.9228,134.047,0.750847
454,14,3,37.6448,226.764,0.822564
454,15,1,42.0884,146.217,0.817048
454,16,2,114.525,154.627,0.494303
454,17,1,93.5607,147.529,0.593495
454,18,2,45.2865,150.925,0.79325
454,19,3,65.3502,172.798,0.704478
455,0,3,55.554,194.237,0.747149
455,1,3,53.4079,140.703,0.756323
455,2,2,58.4239,183.862,0.73945
455,3,2,45.2949,202.27,0.78971
455,4,3,112.48,128.852,0.505918
455,5,2,78.8916,147.08,0.647958
455,6,2,46.8603,156.677,0.788091
455,7,3,65.3923,183.976,0.705343
455,8,2,71.0647,120.531,0.684152
455,9,1,83.0912,163.19,0.639144
455,10,3,43.4013,181.84,0.800072
455,11,3,57.0184,298.368,0.741284
455,12,1,89.3443,145.384,0.615398
455,13,2,55.0322,134.09,0.75089
455,14,3,37.8215,226.443,0.822774
455,15,1,42.5092,145.408,0.815758
455,16,2,114.718,154.642,0.495053
455,17,1,94.0151,147.299,0.592876
455,18,2,45.337,150.919,0.793056
455,19,3,65.5354,172.728,0.704227
456,0,3,55.7392,194.11,0.747092
456,1,3,53.551,140.73,0.756282
456,2,2,58.5585,183.813,0.739015
456,3,2,45.4043,202.159,0.789955
456,4,3,112.724,128.853,0.505887
456,5,2,78.9842,147.093,0.648227
456,6,2,46.9529,156.706,0.787478
456,7,3,65.5186,183.894,0.705414
456,8,2,71.1825,120.613,0.683587
456,9,1,83.4699,162.997,0.638642
456,10,3,43.6117,181.674,0.800223
456,11,3,57.1783,297.963,0.7416
456,12,1,89.7651,145.12,0.614338
456,13,2,55.15,134.13,0.750754
456,14,3,37.9814,226.171,0.822875
456,15,1,42.9216,144.83,0.814223
456,16,2,114.853,154.644,0.495872
456,17,1,94.4612,147.012,0.592332
456,18,2,45.3959,150.917,0.792791
456,19,3,65.6785,172.679,0.704193
457,0,3,55.9075,194.005,0.746785
457,1,3,53.6604,140.755,0.755489
457,2,2,58.7016,183.768,0.738117
457,3,2,45.4464,202.123,0.790092
457,4,3,112.8,128.884,0.505785
457,5,2,79.0178,147.1,0.648064
457,6,2,47.0202,156.733,0.786617
457,7,3,65.7121,183.818,0.705269
457,8,2,71.2919,120.681,0.682774
457,9,1,83.8234,162.872,0.637963
457,10,3,43.8053,181.56,0.799405
457,11,3,57.3214,297.636,0.741269
457,12,1,90.0596,145.036,0.613426
457,13,2,55.1837,134.157,0.750081
457,14,3,38.1076,225.901,0.822617
457,15,1,43.2919,144.827,0.81248
457,16,2,114.988,154.658,0.496902
457,17,1,94.8652,146.804,0.591754
457,18,2,45.4632,150.939,0.791955
457,19,3,65.7458,172.654,0.703801
458,0,3,56.0421,193.921,0.746515
458,1,3,53.7446,140.768,0.755022
458,2,2,58.811,183.724,0.737115
458,3,2,45.5053,202.053,0.790335
458,4,3,112.909,128.894,0.505862
458,5,2,79.0767,147.115,0.64758
458,6,2,47.1128,156.752,0.785582
458,7,3,65.8384,183.794,0.705304
458,8,2,71.3761,120.724,0.681786
458,9,1,84.0506,162.88,0.637108
458,10,3,43.9063,181.493,0.799235
458,11,3,57.3971,297.45,0.741082
458,12,1,90.4215,144.994,0.612374
458,13,2,55.2679,134.203,0.749553
458,14,3,38.2002,225.768,0.822074
458,15,1,43.6285,144.892,0.810816
458,16,2,115.114,154.661,0.497748
458,17,1,95.2186,146.601,0.591179
458,18,2,45.5137,150.941,0.7908
458,19,3,65.83,172.673,0.703803
459,0,3,56.1768,193.872,0.746211
459,1,3,53.8708,140.839,0.754734
459,2,2,58.9288,183.687,0.735975
459,3,2,45.5306,202.043,0.789686
459,4,3,112.968,128.925,0.506223
459,5,2,79.1525,147.12,0.646992
459,6,2,47.2053,156.731,0.784514
459,7,3,65.9394,183.757,0.705517
459,8,2,71.4603,120.801,0.680837
459,9,1,84.2694,162.874,0.636185
459,10,3,44.0493,181.38,0.799066
459,11,3,57.4729,297.272,0.74079
459,12,1,90.7834,144.921,0.611398
459,13,2,55.3689,134.231,0.7486
459,14,3,38.276,225.66,0.821748
459,15,1,43.9147,144.86,0.809266
459,16,2,115.198,154.652,0.497593
459,17,1,95.631,146.506,0.590321
459,18,2,45.6063,150.945,0.790042
459,19,3,65.8804,172.646,0.70377
460,0,3,56.2778,193.815,0.746263
460,1,3,53.9802,140.875,0.754769
460,2,2,59.013,183.663,0.735374
460,3,3,45.5895,201.916,0.789395
460,4,3,113.103,128.954,0.507117
460,5,2,79.1777,147.124,0.647117
460,6,2,47.2643,156.738,0.783879
460,7,3,66.0488,183.687,0.70573
460,8,2,71.5276,120.834,0.680605
460,9,1,84.5303,162.9,0.635267
460,10,3,44.1588,181.368,0.798648
460,11,3,57.5486,297.106,0.740641
460,12,1,91.0359,144.952,0.610178
460,13,2,55.4362,134.252,0.748256
460,14,3,38.3685,225.503,0.82153
460,15,1,44.2513,144.842,0.807722
460,16,2,115.308,154.658,0.497651
460,17,1,95.9424,146.415,0.589395
460,18,2,45.6652,150.965,0.789431
460,19,3,65.9478,172.637,0.703986
461,0,3,56.3956,193.768,0.746245
461,1,3,54.0307,140.889,0.754732
461,2,2,59.1224,183.615,0.734988
461,3,3,45.7073,201.776,0.789354
461,4,3,113.17,128.966,0.507652
461,5,2,79.2703,147.138,0.647278
461,6,2,47.3232,156.758,0.783601
461,7,3,66.1834,183.673,0.705941
461,8,2,71.5865,120.883,0.680729
461,9,1,84.665,162.94,0.634388
461,10,3,44.3102,181.243,0.798267
461,11,3,57.6412,296.865,0.740634
461,12,1,91.3641,144.962,0.609176
461,13,2,55.5204,134.305,0.748198
461,14,3,38.4275,225.412,0.821242
461,15,1,44.5711,144.894,0.806363
461,16,2,115.392,154.663,0.497674
461,17,1,96.279,146.342,0.588615
461,18,2,45.7325,150.971,0.789177
461,19,3,66.0319,172.629,0.704059
462,0,3,56.5892,193.689,0.746191
462,1,3,54.0896,140.904,0.755014
462,2,2,59.2402,183.596,0.734285
462,3,3,45.8672,201.613,0.789172
462,4,3,113.22,128.981,0.507866
462,5,2,79.405,147.163,0.64758
462,6,2,47.4073,156.755,0.783219
462,7,3,66.3349,183.605,0.705903
462,8,2,71.6707,120.924,0.680887
462,9,2,84.7323,162.913,0.633477
462,10,3,44.4449,181.151,0.797746
462,11,3,57.7758,296.578,0.740557
462,12,1,91.7092,144.804,0.608178
462,13,2,55.6298,134.369,0.747892
462,14,3,38.5621,225.206,0.821203
462,15,1,44.9246,144.564,0.804762
462,16,2,115.543,154.642,0.497697
462,17,1,96.6746,146.34,0.587804
462,18,2,45.842,151.001,0.789101
462,19,3,66.074,172.633,0.704309
463,0,3,56.7407,193.571,0.746173
463,1,3,54.1317,140.923,0.755012
463,2,2,59.3917,183.54,0.733974
463,3,3,46.0439,201.478,0.789167
463,4,2,113.246,128.982,0.50822
463,5,2,79.5228,147.167,0.647739
463,6,2,47.542,156.733,0.782873
463,7,3,66.5032,183.52,0.705689
463,8,2,71.7716,120.964,0.680868
463,9,2,84.8922,162.886,0.6325
463,10,3,44.5711,181.078,0.797405
463,11,3,57.9021,296.285,0.740339
463,12,1,92.0795,144.62,0.606937
463,13,2,55.7055,134.436,0.747976
463,14,3,38.6463,225.029,0.820953
463,15,1,45.2949,144.172,0.803522
463,16,2,115.695,154.632,0.497932
463,17,1,97.0617,146.215,0.58689
463,18,2,45.9345,151.011,0.788813
463,19,3,66.1918,172.599,0.704416
464,0,3,56.9342,193.438,0.746119
464,1,2,54.157,140.948,0.75501
464,2,2,59.5095,183.495,0.733912
464,3,3,46.1533,201.346,0.788915
464,4,2,113.355,129.013,0.507973
464,5,2,79.5985,147.189,0.647968
464,6,2,47.6598,156.718,0.782564
464,7,3,66.6379,183.473,0.705087
464,8,2,71.8306,120.994,0.681132
464,9,2,85.0268,162.886,0.631774
464,10,3,44.6469,181.024,0.79717
464,11,3,57.9778,296.104,0.740051
464,12,1,92.5171,144.378,0.605807
464,13,2,55.7728,134.468,0.748165
464,14,3,38.7473,224.881,0.820526
464,15,1,45.6316,144.063,0.802004
464,16,2,115.829,154.626,0.498236
464,17,1,97.4404,146.032,0.585979
464,18,2,46.0608,151.051,0.788597
464,19,3,66.2844,172.595,0.704382
465,0,3,57.0857,193.324,0.745925
465,1,2,54.3421,140.986,0.755008
465,2,2,59.7031,183.377,0.734026
465,3,3,46.2712,201.211,0.78891
465,4,2,113.624,129.016,0.507904
465,5,2,79.7079,147.226,0.648407
465,6,2,47.8197,156.701,0.782433
465,7,3,66.8146,183.401,0.704911
465,8,2,72.0999,121.074,0.681148
465,9,2,85.1952,162.892,0.630734
465,10,3,44.8236,180.975,0.796796
465,11,3,58.0704,295.895,0.73994
465,12,1,92.9463,143.99,0.604717
465,13,2,55.8991,134.496,0.748284
465,14,3,38.8651,224.709,0.820137
465,15,1,45.9766,143.995,0.800598
465,16,2,116.015,154.651,0.498539
465,17,1,97.8781,145.771,0.585073
465,18,2,46.2628,151.075,0.788875
465,19,3,66.3686,172.578,0.704313
466,0,3,57.313,193.125,0.745837
466,1,2,54.5188,141.041,0.754971
466,2,2,59.8378,183.244,0.734069
466,3,3,46.5152,200.905,0.789011
466,4,2,113.86,129.07,0.508045
466,5,2,79.8847,147.254,0.648844
466,6,2,47.946,156.676,0.782512
466,7,3,67.0419,183.251,0.705017
466,8,2,72.2682,121.149,0.681445
466,9,2,85.3972,162.835,0.629874
466,10,3,45.0761,180.67,0.796389
466,11,3,58.2724,295.423,0.739795
466,12,1,93.3503,143.81,0.603808
466,13,2,56.0421,134.557,0.748331
466,14,3,39.0082,224.445,0.819961
466,15,1,46.4227,143.78,0.799199
466,16,2,116.225,154.649,0.499122
466,17,1,98.2484,145.739,0.584135
466,18,2,46.4311,151.107,0.789082
466,19,3,66.4948,172.539,0.704419
467,0,3,57.6159,192.832,0.74568
467,1,2,54.7292,141.08,0.755074
467,2,2,60.0061,183.156,0.734041
467,3,3,46.8098,200.533,0.789287
467,4,2,114.07,129.105,0.508746
467,5,2,79.9772,147.243,0.64949
467,6,2,48.0217,156.665,0.782662
467,7,3,67.2438,183.194,0.704806
467,8,2,72.5038,121.248,0.681565
467,9,2,85.515,162.835,0.629334
467,10,3,45.337,180.433,0.796088
467,11,3,58.407,295.137,0.73986
467,12,1,93.8047,143.608,0.603183
467,13,2,56.1179,134.569,0.748729
467,14,3,39.227,224.037,0.819785
467,15,1,46.835,143.273,0.798156
467,16,2,116.393,154.636,0.499632
467,17,1,98.6776,145.498,0.583272
467,18,2,46.5741,151.142,0.789252
467,19,3,66.6631,172.51,0.704736
468,0,3,57.8937,192.598,0.745663
468,1,2,54.9144,141.077,0.755177
468,2,2,60.2417,183.019,0.734119
468,3,3,47.138,200.103,0.789527
468,4,2,114.256,129.108,0.50934
468,5,2,80.1708,147.277,0.649958
468,6,2,48.1395,156.658,0.782811
468,7,3,67.5047,183.062,0.704946
468,8,2,72.6974,121.349,0.681929
468,9,2,85.7001,162.803,0.629215
468,10,3,45.6231,180.139,0.795998
468,11,3,58.4996,294.926,0.740066
468,12,1,94.1666,143.527,0.602595
468,13,2,56.2189,134.615,0.748951
468,14,3,39.429,223.704,0.819889
468,15,1,47.2643,142.926,0.797258
468,16,2,116.536,154.631,0.500175
468,17,1,99.1068,145.345,0.582657
468,18,2,46.7509,151.15,0.789457
468,19,3,66.8399,172.456,0.705016
469,0,3,58.2135,192.309,0.74568
469,1,2,55.108,141.147,0.755245
469,2,2,60.4016,182.916,0.734232
469,3,3,47.4578,199.71,0.789871
469,4,2,114.458,129.149,0.510105
469,5,2,80.3812,147.295,0.650389
469,6,2,48.2658,156.646,0.782889
469,7,3,67.8498,182.881,0.70519
469,8,2,72.8994,121.421,0.682293
469,9,2,85.8264,162.793,0.628957
469,10,3,45.8924,180.022,0.795944
469,11,3,58.5838,294.74,0.74027
469,12,1,94.4948,143.475,0.602115
469,13,2,56.362,134.658,0.748996
469,14,3,39.6562,223.207,0.819854
469,15,1,47.6009,142.807,0.796433
469,16,2,116.747,154.65,0.50082
469,17,1,99.4266,145.266,0.581905
469,18,2,46.8603,151.158,0.789521
469,19,3,67.0924,172.318,0.70547
470,0,3,58.5164,192.067,0.745803
470,1,2,55.2931,141.205,0.755312
470,2,2,60.5363,182.847,0.734483
470,3,3,47.7187,199.467,0.790003
470,4,2,114.634,129.17,0.510658
470,5,2,80.6084,147.292,0.650958
470,6,2,48.4509,156.623,0.783107
470,7,3,68.1444,182.693,0.705294
470,8,2,73.1014,121.544,0.682689
470,9,2,86.062,162.67,0.62877
470,10,3,46.1449,179.893,0.79589
470,11,2,58.6764,294.491,0.740474
470,12,1,94.8652,143.383,0.601811
470,13,2,56.5471,134.708,0.749286
470,14,3,39.9087,222.803,0.819889
470,15,1,47.9964,142.743,0.795437
470,16,2,116.966,154.636,0.501463
470,17,1,99.8306,145.273,0.581435
470,18,2,47.0707,151.149,0.78976
470,19,3,67.2354,172.283,0.705817
471,0,3,58.8615,191.812,0.745751
471,1,2,55.4783,141.208,0.755622
471,2,2,60.5952,182.818,0.734524
471,3,3,48.0554,198.865,0.789962
471,4,2,114.92,129.208,0.511418
471,5,2,80.7852,147.337,0.65142
471,6,2,48.6361,156.583,0.783323
471,7,3,68.4473,182.442,0.705363
471,8,2,73.3286,121.581,0.683118
471,9,2,86.2892,162.64,0.629106
471,10,3,46.3806,179.734,0.795662
471,11,2,58.8868,293.93,0.740642
471,12,1,95.2523,143.316,0.601404
471,13,2,56.7912,134.785,0.74947
471,14,3,40.1612,222.362,0.819923
471,15,1,48.3836,142.622,0.79462
471,16,2,117.26,154.594,0.502068
471,17,1,100.176,145.296,0.580932
471,18,2,47.239,151.134,0.789858
471,19,3,67.4879,172.191,0.706058
472,0,3,59.2234,191.437,0.745595
472,1,2,55.6382,141.212,0.755896
472,2,1,60.6204,182.754,0.7346
472,3,3,48.4004,198.264,0.789678
472,4,2,115.173,129.275,0.512243
472,5,2,81.0966,147.282,0.651533
472,6,2,48.8801,156.579,0.783331
472,7,3,68.8429,182.021,0.705431
472,8,2,73.5222,121.612,0.683407
472,9,2,86.5754,162.584,0.629544
472,10,3,46.6078,179.589,0.795574
472,11,2,59.1981,293.113,0.740705
472,12,1,95.5973,143.268,0.600721
472,13,2,57.0184,134.852,0.749514
472,14,3,40.422,221.836,0.819888
472,15,1,48.8212,141.787,0.793632
472,16,2,117.496,154.569,0.502636
472,17,1,100.554,145.175,0.580258
472,18,2,47.4915,151.159,0.789817
472,19,3,67.6731,172.178,0.706437
473,0,3,59.6863,190.679,0.745405
473,1,2,55.6887,141.212,0.756273
473,2,1,61.0412,181.927,0.734607
473,3,3,48.796,197.666,0.789465
473,4,2,115.451,129.33,0.5131
473,5,2,81.3406,147.29,0.651784
473,6,2,49.0821,156.542,0.783235
473,7,3,69.2216,181.633,0.705361
473,8,2,73.7157,121.7,0.683695
473,9,2,86.7774,162.576,0.629703
473,10,3,46.835,179.397,0.795556
473,11,2,59.459,292.482,0.740698
473,12,1,96.0266,143.185,0.600076
473,13,2,57.2793,134.873,0.749801
473,14,3,40.6493,221.542,0.819887
473,15,1,49.2673,141.382,0.792441
473,16,2,117.74,154.558,0.502959
473,17,1,101.017,145.058,0.579518
473,18,2,47.7776,151.149,0.789915
473,19,3,67.8498,172.182,0.706607
474,0,3,59.9388,190.432,0.745225
474,1,1,56.0337,140.524,0.756588
474,2,1,61.3358,181.573,0.734554
474,3,3,49.1158,197.181,0.789466
474,4,2,115.627,129.378,0.513556
474,5,2,81.551,147.319,0.652219
474,6,2,49.242,156.579,0.783181
474,7,3,69.5246,181.313,0.705439
474,8,2,73.9093,121.8,0.684027
474,9,2,87.0046,162.544,0.629805
474,10,3,47.0539,179.273,0.79551
474,11,2,59.5684,292.26,0.740908
474,12,1,96.2538,143.133,0.599171
474,13,2,57.4813,134.894,0.749957
474,14,3,41.0701,220.154,0.819824
474,15,1,49.5282,141.205,0.791366
474,16,2,117.925,154.581,0.503471
474,17,1,101.253,144.963,0.578933
474,18,2,47.9628,151.068,0.789777
474,19,3,68.1023,172.142,0.706855
475,0,3,60.2165,190.249,0.745106
475,1,1,56.5471,139.442,0.756238
475,2,1,61.5294,181.529,0.734353
475,3,3,49.5029,196.714,0.789254
475,4,2,115.804,129.398,0.513544
475,5,2,81.6689,147.333,0.652364
475,6,2,49.3178,156.6,0.783016
475,7,3,69.9117,181.063,0.705232
475,8,2,74.0524,121.834,0.683623
475,9,2,87.2318,162.538,0.629825
475,10,3,47.2811,179.172,0.795285
475,11,2,59.6947,291.989,0.741005
475,12,1,96.4053,143.162,0.598187
475,13,2,57.6328,134.978,0.75
475,14,3,41.5498,218.121,0.819686
475,15,1,49.6712,141.23,0.790392
475,16,2,118.043,154.592,0.503722
475,17,1,101.396,144.999,0.578026
475,18,2,48.0974,151.122,0.789392
475,19,3,68.4137,172.007,0.707162
476,0,3,60.6289,189.878,0.744678
476,1,1,57.0605,138.38,0.756027
476,2,1,61.7145,181.485,0.734257
476,3,3,49.7891,196.312,0.788768
476,4,2,115.981,129.461,0.513636
476,5,2,81.753,147.351,0.652509
476,6,2,49.4188,156.617,0.783059
476,7,3,70.1726,180.949,0.704921
476,8,2,74.1786,121.926,0.683427
476,9,2,87.4675,162.542,0.629948
476,10,3,47.4578,179.067,0.794649
476,11,2,59.863,291.651,0.74086
476,12,1,96.6325,143.185,0.597448
476,13,2,57.7001,135.026,0.74994
476,14,3,41.9622,216.785,0.819479
476,15,1,49.8143,141.271,0.789112
476,16,2,118.236,154.592,0.5038
476,17,1,101.564,145.007,0.577364
476,18,2,48.1984,151.163,0.789146
476,19,3,68.6914,171.871,0.707191
477,0,3,60.7467,189.844,0.743908
477,1,1,57.5402,137.44,0.755817
477,2,1,61.9333,181.378,0.734127
477,3,3,50.0247,196.192,0.788009
477,4,2,116.132,129.5,0.513762
477,5,2,81.854,147.369,0.652756
477,6,2,49.5197,156.619,0.783135
477,7,3,70.383,180.899,0.704681
477,8,2,74.2544,121.948,0.683266
477,9,2,87.6358,162.542,0.630208
477,10,3,47.6009,179.017,0.793946
477,11,2,59.9303,291.501,0.740785
477,12,1,96.7672,143.188,0.596472
477,13,2,57.759,135.046,0.750189
477,14,3,42.3241,215.751,0.818931
477,15,1,49.8985,141.322,0.787734
477,16,2,118.363,154.596,0.504256
477,17,1,101.674,145.033,0.576498
477,18,2,48.2826,151.183,0.78897
477,19,3,68.885,171.864,0.707118
478,0,3,60.8477,189.807,0.743416
478,1,1,57.8852,137.812,0.755505
478,2,1,62.0428,181.364,0.733792
478,3,3,50.1425,196.12,0.787184
478,4,2,116.166,129.507,0.513956
478,5,2,81.8877,147.372,0.652591
478,6,2,49.5534,156.632,0.783143
478,7,3,70.4924,180.888,0.704202
478,8,2,74.3049,121.979,0.68314
478,9,2,87.6863,162.543,0.63033
478,10,3,47.643,179.004,0.793281
478,11,2,59.9808,291.388,0.741019
478,12,1,96.8345,143.21,0.595842
478,13,2,57.7843,135.063,0.750265
478,14,3,42.6775,214.962,0.818521
478,15,1,49.9405,141.369,0.786534
478,16,2,118.405,154.606,0.504743
478,17,1,101.758,145.043,0.575739
478,18,2,48.3078,151.19,0.788794
478,19,3,68.9944,171.873,0.706976
479,0,3,60.9655,189.753,0.742618
479,1,1,58.2303,138.412,0.755229
479,2,1,62.1269,181.364,0.733664
479,3,3,50.2604,196.08,0.786261
479,4,2,116.191,129.51,0.514217
479,5,2,81.8961,147.378,0.652597
479,6,2,49.5787,156.642,0.783049
479,7,3,70.6271,180.842,0.703554
479,8,2,74.3301,122.001,0.682946
479,9,2,87.7284,162.54,0.630451
479,10,3,47.7524,178.985,0.792618
479,11,2,60.0145,291.33,0.741148
479,12,1,96.8934,143.233,0.595181
479,13,2,57.8011,135.08,0.750205
479,14,3,42.9889,214.223,0.817943
479,15,1,50.0079,141.421,0.785578
479,16,2,118.413,154.607,0.504887
479,17,1,101.876,145.061,0.575154
479,18,2,48.3247,151.2,0.788756
479,19,3,69.1122,171.901,0.706528
480,0,3,61.0917,189.714,0.741755
480,1,1,58.6006,138.947,0.754886
480,2,1,62.1353,181.362,0.73374
480,3,3,50.3782,196,0.785614
480,4,2,116.2,129.51,0.514478
480,5,2,81.9213,147.38,0.652433
480,6,2,49.6207,156.652,0.782681
480,7,3,70.7365,180.821,0.702909
480,8,2,74.3554,122.014,0.682821
480,9,2,87.7368,162.536,0.630231
480,10,3,47.887,178.902,0.79206
480,11,2,60.065,291.224,0.741346
480,12,1,97.0112,143.259,0.594489
480,13,2,57.8095,135.092,0.749872
480,14,3,43.3761,213.219,0.817298
480,15,1,50.1173,141.447,0.784455
480,16,2,118.422,154.606,0.504962
480,17,1,101.901,145.068,0.574435
480,18,2,48.3331,151.203,0.788275
480,19,3,69.1879,171.91,0.706558
481,0,3,61.2601,189.639,0.740794
481,1,1,59.1729,138.467,0.754646
481,2,1,62.1437,181.367,0.734157
481,3,3,50.5297,195.922,0.784732
481,4,2,116.242,129.525,0.514431
481,5,2,81.9634,147.392,0.65244
481,6,2,49.6628,156.665,0.782248
481,7,3,70.8964,180.801,0.702199
481,8,2,74.3806,122.031,0.682629
481,9,2,87.7873,162.547,0.630148
481,10,3,48.0638,178.884,0.791437
481,11,2,60.0987,291.151,0.740964
481,12,1,97.0617,143.279,0.593799
481,13,2,57.8095,135.092,0.749404
481,14,3,43.8642,211.592,0.816588
481,15,1,50.1678,141.491,0.783405
481,16,2,118.489,154.601,0.504799
481,17,1,101.968,145.089,0.573889
481,18,2,48.3583,151.201,0.787965
481,19,3,69.3058,171.884,0.706113
482,0,3,61.5125,189.466,0.740142
482,1,1,59.6863,137.455,0.754712
482,2,2,62.2111,181.329,0.734572
482,3,3,50.7401,195.806,0.78365
482,4,2,116.343,129.549,0.514384
482,5,2,82.0223,147.393,0.65187
482,6,2,49.747,156.649,0.78185
482,7,3,71.09,180.752,0.701355
482,8,2,74.4564,122.085,0.682471
482,9,2,87.8883,162.536,0.629759
482,10,3,48.2068,178.827,0.790986
482,11,2,60.2081,290.893,0.740244
482,12,1,97.188,143.323,0.59318
482,13,2,57.9021,135.141,0.749007
482,14,3,44.3355,209.924,0.815983
482,15,1,50.2772,141.54,0.781952
482,16,2,118.607,154.601,0.504942
482,17,1,102.111,145.138,0.573209
482,18,2,48.4257,151.227,0.787386
482,19,3,69.4488,171.84,0.706076
483,0,3,61.6724,189.393,0.738883
483,1,1,60.2081,136.449,0.754915
483,2,2,62.3962,181.255,0.733324
483,3,3,50.9084,195.674,0.782572
483,4,2,116.444,129.567,0.514168
483,5,2,82.1991,147.4,0.651539
483,6,2,49.8143,156.658,0.781555
483,7,3,71.4098,180.575,0.700481
483,8,2,74.5573,122.143,0.682314
483,9,2,88.0482,162.515,0.629643
483,10,3,48.3583,178.762,0.790571
483,11,2,60.41,290.436,0.73973
483,12,1,97.39,143.327,0.592564
483,13,2,58.062,135.217,0.748441
483,14,3,44.5627,209.499,0.815415
483,15,1,50.4455,141.621,0.780674
483,16,2,118.826,154.594,0.504982
483,17,1,102.246,145.168,0.572431
483,18,2,48.5772,151.231,0.786842
483,19,3,69.5751,171.823,0.706006
484,0,3,61.8408,189.368,0.738204
484,1,1,60.7214,135.474,0.754101
484,2,2,62.5393,181.199,0.732691
484,3,3,51.0683,195.53,0.781803
484,4,2,116.545,129.591,0.514561
484,5,2,82.3253,147.43,0.651514
484,6,2,49.9153,156.681,0.781465
484,7,3,71.5612,180.557,0.69978
484,8,2,74.6583,122.193,0.682192
484,9,2,88.1744,162.522,0.629562
484,10,3,48.5098,178.726,0.790157
484,11,2,60.5363,290.149,0.739895
484,12,1,97.4994,143.343,0.592457
484,13,2,58.163,135.259,0.748182
484,14,3,44.63,209.456,0.81424
484,15,1,50.6222,141.672,0.780281
484,16,2,118.969,154.571,0.505361
484,17,1,102.482,145.225,0.572332
484,18,2,48.6866,151.226,0.786538
484,19,3,69.7097,171.817,0.70553
485,0,3,62.0343,189.233,0.737595
485,1,1,61.0581,135.036,0.752548
485,2,2,62.6908,181.166,0.732431
485,3,3,51.2366,195.376,0.780699
485,4,2,116.663,129.605,0.514852
485,5,2,82.46,147.435,0.651792
485,6,2,50.0079,156.681,0.781543
485,7,3,71.7464,180.463,0.698913
485,8,2,74.8098,122.259,0.682239
485,9,2,88.3848,162.485,0.629413
485,10,3,48.6866,178.697,0.789779
485,11,2,60.6962,289.831,0.739891
485,12,1,97.6677,143.373,0.59252
485,13,2,58.264,135.298,0.748194
485,14,2,44.7479,209.309,0.812766
485,15,1,50.8242,141.783,0.780024
485,16,2,119.086,154.581,0.505806
485,17,1,102.633,145.256,0.572706
485,18,2,48.796,151.278,0.786438
485,19,3,69.836,171.811,0.704854
486,0,3,62.27,189.076,0.736652
486,1,1,61.2769,135.156,0.751002
486,2,2,62.9012,181.062,0.73224
486,3,3,51.4049,195.286,0.77987
486,4,2,116.822,129.644,0.515141
486,5,2,82.5946,147.451,0.652104
486,6,2,50.1341,156.674,0.781622
486,7,3,71.9484,180.382,0.69842
486,8,2,74.9529,122.314,0.682487
486,9,2,88.57,162.436,0.629232
486,10,3,48.8296,178.688,0.789436
486,11,2,60.8645,289.488,0.739785
486,12,1,97.9117,143.363,0.592616
486,13,2,58.3818,135.367,0.748476
486,14,2,45.0004,208.96,0.811433
486,15,1,51.0346,141.844,0.779937
486,16,2,119.347,154.561,0.506147
486,17,1,102.785,145.289,0.57281
486,18,2,48.897,151.317,0.786506
486,19,3,69.9538,171.823,0.704382
487,0,3,62.472,189,0.736755
487,1,1,61.4284,135.183,0.749462
487,2,2,63.0611,181.008,0.732083
487,3,3,51.5143,195.205,0.779683
487,4,2,116.94,129.665,0.515631
487,5,2,82.6956,147.442,0.652548
487,6,2,50.2099,156.683,0.781666
487,7,3,72.0999,180.345,0.698265
487,8,2,75.0455,122.332,0.682869
487,9,2,88.7383,162.428,0.62942
487,10,3,48.939,178.658,0.789297
487,11,2,60.9823,289.249,0.740117
487,12,1,98.0801,143.388,0.59288
487,13,2,58.5249,135.391,0.74879
487,14,2,45.1434,208.79,0.810273
487,15,1,51.245,141.949,0.78012
487,16,2,119.474,154.563,0.50669
487,17,1,102.97,145.351,0.573349
487,18,2,48.998,151.338,0.786641
487,19,3,70.0716,171.816,0.704249
488,0,3,62.7244,188.833,0.736925
488,1,1,61.7482,135.263,0.748465
488,2,2,63.2126,180.938,0.732094
488,3,3,51.6406,195.099,0.779597
488,4,2,117.134,129.721,0.516488
488,5,2,82.8134,147.451,0.653091
488,6,2,50.3445,156.691,0.781979
488,7,3,72.3608,180.283,0.698413
488,8,2,75.1212,122.383,0.683351
488,9,2,88.915,162.423,0.629944
488,10,3,49.0905,178.618,0.78956
488,11,2,61.0917,289.017,0.740414
488,12,1,98.3662,143.405,0.593478
488,13,2,58.7353,135.439,0.749203
488,14,2,45.3117,208.594,0.809353
488,15,1,51.4723,142.073,0.780435
488,16,2,119.642,154.546,0.507531
488,17,1,103.172,145.379,0.573854
488,18,2,49.1494,151.37,0.786977
488,19,3,70.1642,171.812,0.704351
489,0,3,62.9517,188.746,0.736994
489,1,1,62.0343,135.317,0.747606
489,2,2,63.3893,180.873,0.732441
489,3,3,51.8257,195.029,0.779612
489,4,2,117.353,129.739,0.517375
489,5,2,82.9313,147.468,0.6538
489,6,2,50.4455,156.703,0.782357
489,7,3,72.6553,180.124,0.698527
489,8,2,75.2559,122.449,0.683897
489,9,2,89.1254,162.381,0.630599
489,10,3,49.1915,178.567,0.789555
489,11,2,61.2601,288.648,0.740777
489,12,1,98.6439,143.391,0.594074
489,13,2,58.8531,135.481,0.749648
489,14,2,45.5137,208.32,0.80847
489,15,1,51.7668,142.115,0.780583
489,16,2,119.819,154.546,0.508537
489,17,1,103.323,145.41,0.574289
489,18,2,49.242,151.385,0.787345
489,19,3,70.282,171.816,0.704653
490,0,3,63.1537,188.659,0.736995
490,1,1,62.2532,135.414,0.746684
490,2,2,63.5156,180.842,0.732952
490,3,3,51.9772,194.914,0.779493
490,4,2,117.454,129.757,0.518259
490,5,2,83.0154,147.481,0.654372
490,6,2,50.5297,156.693,0.7826
490,7,3,72.8826,180.048,0.69874
490,8,2,75.3653,122.513,0.684441
490,9,2,89.2517,162.372,0.631285
490,10,3,49.3683,178.492,0.789449
490,11,2,61.4452,288.233,0.741138
490,12,1,98.8712,143.393,0.594467
490,13,2,58.9709,135.502,0.750125
490,14,2,45.6989,208.128,0.807257
490,15,1,51.9604,142.146,0.780595
490,16,2,119.92,154.555,0.509472
490,17,1,103.508,145.448,0.575089
490,18,2,49.3346,151.394,0.787745
490,19,3,70.3998,171.822,0.704888
491,0,3,63.3641,188.591,0.736897
491,1,1,62.4299,135.455,0.745165
491,2,2,63.6586,180.748,0.733462
491,3,3,52.1035,194.844,0.779341
491,4,2,117.555,129.766,0.519138
491,5,2,83.1164,147.49,0.654908
491,6,2,50.6222,156.696,0.782909
491,7,3,73.0761,180.012,0.698653
491,8,2,75.4999,122.571,0.684949
491,9,2,89.3863,162.373,0.631868
491,10,3,49.4861,178.486,0.789144
491,11,2,61.5715,287.969,0.741498
491,12,1,99.0142,143.441,0.595125
491,13,2,59.0972,135.549,0.750634
491,14,2,45.8504,207.91,0.805815
491,15,1,52.154,142.212,0.780842
491,16,2,120.046,154.551,0.510136
491,17,1,103.626,145.472,0.575587
491,18,2,49.3683,151.401,0.788077
491,19,3,70.5345,171.834,0.704955
492,0,3,63.5576,188.487,0.736332
492,1,1,62.5645,135.532,0.743653
492,2,2,63.7933,180.696,0.733637
492,3,3,52.1708,194.82,0.779024
492,4,2,117.664,129.786,0.519615
492,5,2,83.2006,147.507,0.655276
492,6,2,50.6812,156.697,0.78295
492,7,3,73.2444,179.982,0.698466
492,8,2,75.5673,122.595,0.685323
492,9,2,89.5631,162.377,0.632117
492,10,3,49.5702,178.457,0.789039
492,11,2,61.7061,287.707,0.741557
492,12,1,99.1321,143.468,0.595415
492,13,2,59.1813,135.577,0.750774
492,14,2,45.9345,207.854,0.804346
492,15,1,52.2549,142.287,0.780787
492,16,2,120.155,154.56,0.510664
492,17,1,103.744,145.474,0.575916
492,18,2,49.4356,151.418,0.788241
492,19,3,70.5934,171.84,0.705021
493,0,3,63.7596,188.393,0.736335
493,1,1,62.6992,135.572,0.742147
493,2,2,63.9111,180.68,0.733446
493,3,3,52.297,194.703,0.77884
493,4,2,117.79,129.808,0.520223
493,5,2,83.2932,147.505,0.65531
493,6,2,50.799,156.694,0.783124
493,7,3,73.4969,179.839,0.697915
493,8,2,75.6598,122.629,0.685562
493,9,2,89.7566,162.332,0.632264
493,10,3,49.7722,178.351,0.788836
493,11,2,61.8071,287.504,0.741316
493,12,1,99.3004,143.487,0.595371
493,13,2,59.3244,135.643,0.750648
493,14,2,46.1113,207.718,0.803912
493,15,1,52.4317,142.374,0.780567
493,16,2,120.34,154.534,0.510826
493,17,1,103.896,145.5,0.576177
493,18,2,49.545,151.433,0.788006
493,19,3,70.7786,171.776,0.705087
494,0,3,64.0205,188.205,0.736106
494,1,1,62.8339,135.647,0.740646
494,2,2,64.0205,180.64,0.733389
494,3,3,52.3896,194.653,0.778625
494,4,2,117.908,129.836,0.520829
494,5,2,83.411,147.539,0.655543
494,6,2,50.9336,156.746,0.783165
494,7,3,73.7662,179.768,0.697929
494,8,2,75.7608,122.682,0.685766
494,9,2,89.9334,162.311,0.632477
494,10,3,49.9826,178.199,0.788699
494,11,2,61.967,287.148,0.741342
494,12,1,99.5276,143.498,0.595758
494,13,2,59.4422,135.702,0.750655
494,14,2,46.2712,207.546,0.803877
494,15,1,52.5663,142.43,0.780315
494,16,2,120.475,154.534,0.511251
494,17,1,104.022,145.527,0.576106
494,18,2,49.6544,151.477,0.788003
494,19,3,70.9216,171.773,0.705186
495,0,3,64.2393,188.09,0.735944
495,1,1,62.9601,135.699,0.739681
495,2,2,64.1552,180.608,0.733397
495,3,3,52.5495,194.56,0.778344
495,4,2,118.043,129.859,0.521299
495,5,2,83.5793,147.544,0.655642
495,6,2,51.0599,156.75,0.783272
495,7,3,74.0356,179.679,0.697744
495,8,2,75.8787,122.716,0.685739
495,9,2,90.0596,162.318,0.632458
495,10,3,50.1341,178.152,0.788398
495,11,2,62.0764,286.9,0.741269
495,12,1,99.6875,143.506,0.595945
495,13,2,59.518,135.736,0.750827
495,14,2,46.3722,207.421,0.803876
495,15,1,52.7094,142.516,0.779898
495,16,2,120.618,154.531,0.511642
495,17,1,104.215,145.525,0.576432
495,18,2,49.7049,151.469,0.787968
495,19,3,71.0647,171.728,0.705285
496,0,3,64.5002,187.931,0.735584
496,1,1,63.0863,135.726,0.73938
496,2,2,64.273,180.556,0.733109
496,3,3,52.7347,194.367,0.778097
496,4,2,118.119,129.871,0.521702
496,5,2,83.6803,147.558,0.655774
496,6,2,51.144,156.763,0.783213
496,7,3,74.187,179.64,0.697627
496,8,2,75.946,122.75,0.685843
496,9,2,90.169,162.327,0.632406
496,10,3,50.2435,178.13,0.788362
496,11,2,62.2027,286.619,0.741129
496,12,1,99.8306,143.518,0.59567
496,13,2,59.6189,135.762,0.750767
496,14,2,46.4732,207.295,0.803248
496,15,1,52.8777,142.54,0.779549
496,16,2,120.711,154.533,0.511734
496,17,1,104.308,145.538,0.576658
496,18,2,49.7386,151.472,0.787999
496,19,3,71.1825,171.75,0.705383
497,0,3,64.7022,187.859,0.735259
497,1,1,63.1705,135.767,0.739245
497,2,2,64.3656,180.522,0.732986
497,3,3,52.8104,194.34,0.778115
497,4,2,118.194,129.892,0.52207
497,5,2,83.7729,147.582,0.656203
497,6,2,51.2282,156.765,0.783253
497,7,3,74.3722,179.572,0.69751
497,8,2,76.0722,122.807,0.686145
497,9,2,90.3037,162.342,0.632519
497,10,3,50.3193,178.128,0.788326
497,11,2,62.3457,286.359,0.741156
497,12,1,99.9232,143.549,0.59579
497,13,2,59.7199,135.799,0.750807
497,14,2,46.5826,207.2,0.803149
497,15,1,53.0713,142.536,0.779234
497,16,2,120.82,154.532,0.512188
497,17,1,104.485,145.558,0.576784
497,18,2,49.8059,151.467,0.78803
497,19,3,71.2751,171.733,0.705547
498,0,3,64.9379,187.719,0.734837
498,1,1,63.322,135.839,0.738552
498,2,2,64.3992,180.502,0.73293
498,3,3,52.9451,194.266,0.778132
498,4,2,118.295,129.92,0.522338
498,5,2,83.9159,147.574,0.656333
498,6,2,51.346,156.763,0.783228
498,7,3,74.591,179.457,0.697163
498,8,2,76.1648,122.855,0.68638
498,9,2,90.4215,162.328,0.632499
498,10,3,50.395,178.136,0.788126
498,11,2,62.4383,286.163,0.741247
498,12,1,100.075,143.583,0.595483
498,13,2,59.8209,135.825,0.750485
498,14,2,46.692,207.107,0.802755
498,15,1,53.2649,142.586,0.778592
498,16,2,120.879,154.526,0.512542
498,17,1,104.687,145.585,0.576843
498,18,2,49.9069,151.428,0.787863
498,19,3,71.3761,171.729,0.705842
499,0,3,65.1398,187.629,0.734514
499,1,1,63.4819,135.908,0.738091
499,2,2,64.5339,180.45,0.732808
499,3,3,53.0545,194.174,0.777756
499,4,2,118.363,129.938,0.522441
499,5,2,84.0506,147.598,0.656627
499,6,2,51.4554,156.791,0.783301
499,7,3,74.8687,179.426,0.696654
499,8,2,76.2574,122.896,0.686581
499,9,2,90.472,162.333,0.632448
499,10,0,50.4539,178.126,0.788156
499,11,2,62.573,285.908,0.741076
499,12,1,100.192,143.609,0.595341
499,13,2,59.9388,135.874,0.750558
499,14,2,46.8098,206.957,0.802493
499,15,1,53.4416,142.671,0.778051
499,16,2,120.972,154.521,0.512861
499,17,1,104.855,145.579,0.577067
499,18,2,50.0415,151.442,0.788025
499,19,3,71.5023,171.696,0.705906
