round,client_id,mec_id,uplink_mbps,latency_ms,packet_loss,handover
1,0,1,0.33664,30.0125,0,0
1,1,2,0.33664,30.0306,0,0
1,2,3,0.25248,30.031,0,0
1,3,1,0.25248,30.0307,0,0
1,4,2,0.25248,30.0313,0,0
1,5,3,0.25248,30.031,0,0
1,6,1,0.16832,30.0313,0,0
1,7,2,0.16832,30.0317,0,0
1,8,3,0.16832,30.0313,0,0
1,9,1,0.16832,29.7098,0,0
1,10,2,0.08416,30.0304,0,0
1,11,3,0.08416,30.0304,0,0
1,12,1,0.08416,30.0321,0,0
1,13,2,0.08416,29.959,0,0
1,14,3,0.08416,29.959,0,0
1,15,1,0,0,0,0
1,16,2,0,0,0,0
1,17,3,0,0,0,0
1,18,1,0,0,0,0
1,19,2,0,0,0,0
2,0,1,0.4208,29.4306,0,0
2,1,2,0.4208,30.0306,0,0
2,2,3,0.4208,30.0321,0,0
2,3,1,0.4208,29.9595,0,0
2,4,2,0.4208,29.4591,0,0
2,5,3,0.4208,30.0314,0,0
2,6,1,0.4208,30.0313,0,0
2,7,2,0.4208,27.4316,0,0
2,8,3,0.4208,30.0306,0,0
2,9,1,0.4208,30.0318,0,0
2,10,2,0.4208,30.0304,0,0
2,11,3,0.4208,30.0304,0,0
2,12,1,0.4208,29.5018,0,0
2,13,2,0.4208,29.6733,0,0
2,14,3,0.4208,29.959,0,0
2,15,1,0.4208,30.0314,0,0
2,16,2,0.4208,30.0166,0,0
2,17,3,0.4208,29.9591,0,0
2,18,1,0.4208,29.3875,0,0
2,19,2,0.33664,29.9592,0,0
3,0,1,0.4208,29.3879,0,0
3,1,2,0.4208,30.0304,0,0
3,2,3,0.4208,30.0321,0,0
3,3,1,0.4208,29.9598,0,0
3,4,2,0.4208,29.3161,0,0
3,5,3,0.4208,30.0313,0,0
3,6,1,0.4208,30.0313,0,0
3,7,2,0.4208,30.0321,0,0
3,8,3,0.4208,30.0304,0,0
3,9,1,0.4208,30.0321,0,0
3,10,2,0.4208,30.0304,0,0
3,11,3,0.4208,30.0304,0,0
3,12,1,0.4208,29.459,0,0
3,13,2,0.4208,29.5733,0,0
3,14,3,0.4208,29.959,0,0
3,15,1,0.4208,30.0313,0,0
3,16,2,0.4208,30.0313,0,0
3,17,3,0.4208,29.959,0,0
3,18,1,0.4208,29.3875,0,0
3,19,2,0.4208,29.959,0,0
4,0,3,0.33664,24.8701,0,1
4,1,3,0.33664,29.9768,0,1
4,2,3,0.50496,29.8167,0,0
4,3,2,0.25248,29.8646,0,1
4,4,2,0.4208,29.745,0,0
4,5,1,0.33664,30.0313,0,1
4,6,2,0.4208,25.96,0,1
4,7,3,0.33664,25.0317,0,1
4,8,3,0.4208,30.0165,0,0
4,9,3,0.4208,21.9168,0,1
4,10,3,0.4208,30.0018,0,1
4,11,1,0.33664,25.0315,0,1
4,12,2,0.33664,24.8346,0,1
4,13,3,0.33664,29.7268,0,1
4,14,1,0.25248,29.9831,0,1
4,15,2,0.25248,29.8878,0,1
4,16,2,0.4208,29.9879,0,0
4,17,2,0.4208,21.7306,0,1
4,18,3,0.33664,24.7281,0,1
4,19,3,0.33664,24.9235,0,1
5,0,3,0.4208,10.0304,0,0
5,1,3,0.4208,29.8875,0,0
5,2,3,0.4208,29.7018,0,0
5,3,2,0.4208,30.0321,0,0
5,4,2,0.4208,30.0313,0,0
5,5,1,0.4208,30.0304,0,0
5,6,2,0.4208,10.0161,0,0
5,7,3,0.4208,10.0304,0,0
5,8,3,0.4208,29.959,0,0
5,9,3,0.4208,9.95897,0,0
5,10,3,0.4208,29.9591,0,0
5,11,1,0.4208,10.0313,0,0
5,12,2,0.4208,9.88754,0,0
5,13,3,0.4208,30.0313,0,0
5,14,1,0.4208,30.032,0,0
5,15,2,0.4208,29.959,0,0
5,16,2,0.4208,29.9598,0,0
5,17,2,0.4208,13.6734,0,0
5,18,3,0.4208,10.0311,0,0
5,19,3,0.4208,9.88754,0,0
6,0,3,0.4208,10.0304,0,0
6,1,3,0.4208,29.8875,0,0
6,2,3,0.4208,29.6875,0,0
6,3,2,0.4208,30.0321,0,0
6,4,2,0.4208,30.0313,0,0
6,5,1,0.4208,30.0304,0,0
6,6,2,0.50496,10.0066,0,0
6,7,3,0.4208,10.0304,0,0
6,8,3,0.4208,29.959,0,0
6,9,3,0.4208,9.95897,0,0
6,10,3,0.4208,29.9593,0,0
6,11,1,0.4208,10.0313,0,0
6,12,2,0.4208,9.88754,0,0
6,13,3,0.4208,30.0313,0,0
6,14,1,0.4208,30.032,0,0
6,15,2,0.4208,29.959,0,0
6,16,2,0.4208,29.9598,0,0
6,17,2,0.33664,14.7092,0,0
6,18,3,0.4208,10.0311,0,0
6,19,3,0.4208,9.88754,0,0
7,0,3,0.4208,10.0304,0,0
7,1,3,0.4208,29.8875,0,0
7,2,3,0.4208,29.6733,0,0
7,3,2,0.4208,30.0321,0,0
7,4,2,0.4208,30.0313,0,0
7,5,1,0.4208,30.0304,0,0
7,6,2,0.4208,9.95897,0,0
7,7,3,0.4208,10.0304,0,0
7,8,3,0.4208,29.959,0,0
7,9,3,0.4208,9.95897,0,0
7,10,3,0.4208,29.9598,0,0
7,11,1,0.4208,10.0313,0,0
7,12,2,0.4208,9.88754,0,0
7,13,3,0.4208,30.0313,0,0
7,14,1,0.4208,30.0313,0,0
7,15,2,0.4208,29.959,0,0
7,16,2,0.4208,29.9598,0,0
7,17,2,0.4208,29.6018,0,0
7,18,3,0.4208,10.0304,0,0
7,19,3,0.4208,9.88754,0,0
8,0,3,0.4208,10.0304,0,0
8,1,3,0.4208,29.8875,0,0
8,2,3,0.4208,29.6733,0,0
8,3,2,0.4208,30.0321,0,0
8,4,2,0.4208,30.0313,0,0
8,5,1,0.4208,30.0304,0,0
8,6,2,0.4208,9.95897,0,0
8,7,3,0.4208,10.0304,0,0
8,8,3,0.4208,29.959,0,0
8,9,3,0.4208,9.95897,0,0
8,10,3,0.4208,29.9598,0,0
8,11,1,0.4208,10.0313,0,0
8,12,2,0.4208,9.88754,0,0
8,13,3,0.4208,30.0313,0,0
8,14,1,0.4208,30.0313,0,0
8,15,2,0.4208,29.959,0,0
8,16,2,0.4208,29.9598,0,0
8,17,2,0.4208,29.6875,0,0
8,18,3,0.4208,10.0304,0,0
8,19,3,0.4208,9.88754,0,0
9,0,3,0.4208,10.0304,0,0
9,1,3,0.4208,29.8875,0,0
9,2,3,0.4208,29.6733,0,0
9,3,2,0.4208,30.0321,0,0
9,4,2,0.4208,30.0313,0,0
9,5,1,0.4208,30.0304,0,0
9,6,2,0.4208,9.95897,0,0
9,7,3,0.4208,10.0304,0,0
9,8,3,0.4208,29.959,0,0
9,9,3,0.4208,9.95897,0,0
9,10,3,0.4208,29.9598,0,0
9,11,1,0.4208,10.0313,0,0
9,12,2,0.4208,9.88754,0,0
9,13,3,0.4208,30.0313,0,0
9,14,1,0.4208,30.0313,0,0
9,15,2,0.4208,29.959,0,0
9,16,2,0.4208,29.9598,0,0
9,17,2,0.4208,29.6447,0,0
9,18,3,0.4208,10.0304,0,0
9,19,3,0.4208,9.88754,0,0
10,0,3,0.4208,10.0304,0,0
10,1,3,0.4208,29.8875,0,0
10,2,3,0.4208,29.6733,0,0
10,3,2,0.4208,30.0321,0,0
10,4,2,0.4208,30.0313,0,0
10,5,1,0.4208,30.0304,0,0
10,6,2,0.4208,9.95897,0,0
10,7,3,0.4208,10.0304,0,0
10,8,3,0.4208,29.959,0,0
10,9,3,0.4208,9.95897,0,0
10,10,3,0.4208,29.9598,0,0
10,11,1,0.4208,10.0313,0,0
10,12,2,0.4208,9.88754,0,0
10,13,3,0.4208,30.0313,0,0
10,14,1,0.4208,30.0313,0,0
10,15,2,0.4208,29.959,0,0
10,16,2,0.4208,29.9598,0,0
10,17,2,0.4208,29.5875,0,0
10,18,3,0.4208,10.0304,0,0
10,19,3,0.4208,9.88754,0,0
11,0,3,0.4208,10.0304,0,0
11,1,3,0.4208,29.8875,0,0
11,2,3,0.4208,29.659,0,0
11,3,2,0.4208,30.0321,0,0
11,4,2,0.4208,30.0313,0,0
11,5,1,0.4208,30.0304,0,0
11,6,2,0.4208,9.9304,0,0
11,7,3,0.4208,10.0304,0,0
11,8,3,0.4208,29.959,0,0
11,9,3,0.4208,9.95897,0,0
11,10,3,0.4208,29.9595,0,0
11,11,1,0.4208,10.0313,0,0
11,12,2,0.4208,9.88754,0,0
11,13,3,0.4208,30.0313,0,0
11,14,1,0.4208,30.0313,0,0
11,15,2,0.4208,29.959,0,0
11,16,2,0.4208,29.9598,0,0
11,17,2,0.4208,29.6733,0,0
11,18,3,0.4208,10.0304,0,0
11,19,3,0.4208,9.88754,0,0
12,0,3,0.4208,10.0304,0,0
12,1,3,0.4208,29.8875,0,0
12,2,3,0.4208,29.6875,0,0
12,3,2,0.4208,30.0321,0,0
12,4,2,0.4208,30.0313,0,0
12,5,1,0.4208,30.0304,0,0
12,6,2,0.4208,9.95897,0,0
12,7,3,0.4208,10.0304,0,0
12,8,3,0.4208,29.959,0,0
12,9,3,0.4208,9.95897,0,0
12,10,3,0.4208,29.9598,0,0
12,11,1,0.4208,10.0313,0,0
12,12,2,0.4208,9.88754,0,0
12,13,3,0.4208,30.0313,0,0
12,14,1,0.4208,30.0313,0,0
12,15,2,0.4208,29.959,0,0
12,16,2,0.4208,29.9598,0,0
12,17,2,0.4208,29.5161,0,0
12,18,3,0.4208,10.0304,0,0
12,19,3,0.4208,9.88754,0,0
13,0,3,0.4208,10.0304,0,0
13,1,3,0.4208,29.8875,0,0
13,2,3,0.4208,29.6733,0,0
13,3,2,0.4208,30.0321,0,0
13,4,2,0.4208,30.0313,0,0
13,5,1,0.4208,30.0304,0,0
13,6,2,0.4208,9.94468,0,0
13,7,3,0.4208,10.0304,0,0
13,8,3,0.4208,29.959,0,0
13,9,3,0.4208,9.95897,0,0
13,10,3,0.4208,29.9597,0,0
13,11,1,0.4208,10.0313,0,0
13,12,2,0.4208,9.88754,0,0
13,13,3,0.4208,30.0313,0,0
13,14,1,0.4208,30.0313,0,0
13,15,2,0.4208,29.959,0,0
13,16,2,0.4208,29.9598,0,0
13,17,2,0.4208,29.6447,0,0
13,18,3,0.4208,10.0304,0,0
13,19,3,0.4208,9.88754,0,0
14,0,3,0.4208,10.0304,0,0
14,1,3,0.4208,29.8875,0,0
14,2,3,0.4208,29.6875,0,0
14,3,2,0.4208,30.0321,0,0
14,4,2,0.4208,30.0313,0,0
14,5,1,0.4208,30.0304,0,0
14,6,2,0.4208,9.95897,0,0
14,7,3,0.4208,10.0304,0,0
14,8,3,0.4208,29.959,0,0
14,9,3,0.4208,9.95897,0,0
14,10,3,0.4208,29.9598,0,0
14,11,1,0.4208,10.0313,0,0
14,12,2,0.4208,9.88754,0,0
14,13,3,0.50496,26.6981,0,0
14,14,1,0.4208,30.0313,0,0
14,15,2,0.4208,29.959,0,0
14,16,2,0.4208,29.9598,0,0
14,17,2,0.4208,29.5304,0,0
14,18,3,0.4208,10.0304,0,0
14,19,3,0.4208,9.88754,0,0
15,0,3,0.4208,10.0304,0,0
15,1,3,0.4208,29.8875,0,0
15,2,3,0.4208,29.6733,0,0
15,3,2,0.4208,30.0321,0,0
15,4,2,0.4208,30.0313,0,0
15,5,1,0.4208,30.0313,0,0
15,6,2,0.4208,9.95897,0,0
15,7,3,0.4208,10.0304,0,0
15,8,3,0.4208,29.959,0,0
15,9,3,0.4208,9.95897,0,0
15,10,3,0.4208,29.9598,0,0
15,11,1,0.4208,10.0313,0,0
15,12,2,0.4208,9.88754,0,0
15,13,3,0.4208,10.0304,0,0
15,14,1,0.4208,30.0313,0,0
15,15,2,0.4208,29.959,0,0
15,16,2,0.4208,29.9598,0,0
15,17,2,0.4208,29.6447,0,0
15,18,3,0.4208,10.0304,0,0
15,19,3,0.4208,9.88754,0,0
16,0,3,0.4208,10.0304,0,0
16,1,3,0.4208,29.8875,0,0
16,2,3,0.4208,29.6875,0,0
16,3,2,0.4208,30.0321,0,0
16,4,2,0.4208,30.0313,0,0
16,5,1,0.4208,30.0313,0,0
16,6,2,0.4208,9.95897,0,0
16,7,3,0.4208,10.0304,0,0
16,8,3,0.4208,29.959,0,0
16,9,3,0.4208,9.95897,0,0
16,10,3,0.4208,29.9598,0,0
16,11,1,0.4208,10.0313,0,0
16,12,2,0.4208,9.88754,0,0
16,13,3,0.4208,10.0304,0,0
16,14,1,0.4208,30.0313,0,0
16,15,2,0.4208,29.959,0,0
16,16,2,0.4208,29.9598,0,0
16,17,2,0.4208,29.5304,0,0
16,18,3,0.4208,10.0304,0,0
16,19,3,0.4208,9.88754,0,0
17,0,3,0.4208,10.0304,0,0
17,1,3,0.4208,29.8875,0,0
17,2,3,0.4208,29.6733,0,0
17,3,2,0.4208,30.0321,0,0
17,4,2,0.4208,30.0313,0,0
17,5,1,0.4208,30.0313,0,0
17,6,2,0.4208,9.95897,0,0
17,7,3,0.4208,10.0304,0,0
17,8,3,0.4208,29.959,0,0
17,9,3,0.4208,9.95897,0,0
17,10,3,0.4208,29.9598,0,0
17,11,1,0.4208,10.0313,0,0
17,12,2,0.4208,9.88754,0,0
17,13,3,0.4208,10.0304,0,0
17,14,1,0.4208,30.0313,0,0
17,15,2,0.4208,29.959,0,0
17,16,2,0.4208,29.9598,0,0
17,17,2,0.4208,29.6161,0,0
17,18,3,0.4208,10.0304,0,0
17,19,3,0.4208,9.88754,0,0
18,0,3,0.4208,10.0304,0,0
18,1,3,0.4208,29.959,0,0
18,2,3,0.4208,29.6447,0,0
18,3,2,0.4208,30.0314,0,0
18,4,2,0.4208,30.0313,0,0
18,5,1,0.4208,30.0313,0,0
18,6,2,0.4208,9.95897,0,0
18,7,3,0.4208,9.91611,0,0
18,8,3,0.4208,29.959,0,0
18,9,3,0.4208,10.0304,0,0
18,10,3,0.4208,29.9598,0,0
18,11,1,0.4208,10.0306,0,0
18,12,2,0.4208,9.88754,0,0
18,13,3,0.4208,9.88754,0,0
18,14,2,0.4208,29.9163,0,1
18,15,2,0.4208,29.9597,0,0
18,16,2,0.4208,29.9598,0,0
18,17,2,0.4208,29.6447,0,0
18,18,3,0.4208,10.0304,0,0
18,19,3,0.4208,9.94468,0,0
19,0,3,0.4208,10.0304,0,0
19,1,3,0.4208,29.959,0,0
19,2,3,0.4208,29.6733,0,0
19,3,2,0.4208,30.0313,0,0
19,4,2,0.4208,30.0313,0,0
19,5,1,0.4208,30.0313,0,0
19,6,2,0.4208,9.95897,0,0
19,7,3,0.4208,9.88754,0,0
19,8,3,0.4208,29.959,0,0
19,9,3,0.4208,10.0304,0,0
19,10,3,0.4208,29.9598,0,0
19,11,1,0.4208,10.0304,0,0
19,12,2,0.4208,9.88754,0,0
19,13,3,0.4208,9.88754,0,0
19,14,2,0.4208,29.8875,0,0
19,15,2,0.4208,29.9598,0,0
19,16,2,0.4208,29.9598,0,0
19,17,2,0.4208,29.8884,0,0
19,18,3,0.4208,10.0304,0,0
19,19,3,0.4208,9.95897,0,0
20,0,3,0.4208,10.0304,0,0
20,1,3,0.4208,29.959,0,0
20,2,3,0.4208,29.6161,0,0
20,3,2,0.4208,30.0313,0,0
20,4,2,0.4208,30.0313,0,0
20,5,1,0.4208,30.0313,0,0
20,6,2,0.4208,9.95897,0,0
20,7,3,0.4208,9.88754,0,0
20,8,3,0.4208,29.959,0,0
20,9,3,0.4208,10.0304,0,0
20,10,3,0.4208,29.9598,0,0
20,11,1,0.4208,10.0304,0,0
20,12,2,0.4208,9.88754,0,0
20,13,3,0.4208,9.88754,0,0
20,14,2,0.4208,29.8875,0,0
20,15,2,0.4208,29.9598,0,0
20,16,2,0.4208,29.9598,0,0
20,17,2,0.4208,29.8884,0,0
20,18,3,0.4208,10.0304,0,0
20,19,3,0.4208,9.95897,0,0
21,0,3,0.4208,10.0304,0,0
21,1,3,0.4208,29.959,0,0
21,2,3,0.4208,29.659,0,0
21,3,2,0.4208,30.0313,0,0
21,4,2,0.4208,30.0313,0,0
21,5,1,0.4208,30.0313,0,0
21,6,2,0.33664,10.0125,0,0
21,7,3,0.4208,9.88754,0,0
21,8,3,0.4208,29.959,0,0
21,9,3,0.4208,10.0304,0,0
21,10,3,0.4208,29.9591,0,0
21,11,1,0.4208,10.0304,0,0
21,12,2,0.4208,9.88754,0,0
21,13,3,0.4208,9.88754,0,0
21,14,2,0.4208,29.9454,0,0
21,15,2,0.4208,29.9598,0,0
21,16,2,0.4208,29.9598,0,0
21,17,2,0.50496,16.5552,0,0
21,18,3,0.4208,10.0309,0,0
21,19,3,0.4208,9.95897,0,0
22,0,3,0.4208,10.0304,0,0
22,1,3,0.4208,29.959,0,0
22,2,3,0.4208,29.6304,0,0
22,3,2,0.4208,30.0313,0,0
22,4,2,0.4208,30.0313,0,0
22,5,1,0.4208,30.0313,0,0
22,6,2,0.4208,10.0304,0,0
22,7,3,0.4208,9.88754,0,0
22,8,3,0.4208,29.959,0,0
22,9,3,0.4208,10.0304,0,0
22,10,3,0.4208,29.959,0,0
22,11,1,0.4208,10.0304,0,0
22,12,2,0.4208,9.88754,0,0
22,13,3,0.4208,9.88754,0,0
22,14,2,0.4208,29.9598,0,0
22,15,2,0.4208,29.9598,0,0
22,16,2,0.4208,29.9598,0,0
22,17,2,0.4208,9.88842,0,0
22,18,3,0.4208,10.0313,0,0
22,19,3,0.4208,9.95897,0,0
23,0,3,0.4208,10.0304,0,0
23,1,3,0.50496,13.2924,0,0
23,2,3,0.50496,16.5544,0,0
23,3,2,0.4208,30.0314,0,0
23,4,2,0.4208,30.0313,0,0
23,5,1,0.4208,30.0313,0,0
23,6,2,0.4208,10.0304,0,0
23,7,3,0.4208,9.9304,0,0
23,8,3,0.4208,29.959,0,0
23,9,3,0.4208,10.0304,0,0
23,10,3,0.4208,29.9595,0,0
23,11,1,0.4208,14.0314,0,0
23,12,2,0.4208,9.88754,0,0
23,13,3,0.4208,9.88754,0,0
23,14,2,0.4208,29.9593,0,0
23,15,2,0.4208,29.9598,0,0
23,16,2,0.4208,29.9598,0,0
23,17,2,0.4208,9.88842,0,0
23,18,3,0.4208,10.0313,0,0
23,19,3,0.4208,10.0018,0,0
24,0,3,0.4208,10.0304,0,0
24,1,3,0.4208,9.95897,0,0
24,2,3,0.4208,9.88754,0,0
24,3,2,0.4208,30.0321,0,0
24,4,2,0.4208,30.0313,0,0
24,5,1,0.4208,30.0313,0,0
24,6,2,0.4208,10.0304,0,0
24,7,3,0.4208,9.95897,0,0
24,8,3,0.4208,29.959,0,0
24,9,3,0.4208,10.0304,0,0
24,10,3,0.4208,29.9598,0,0
24,11,1,0.4208,10.0313,0,0
24,12,2,0.4208,9.88754,0,0
24,13,3,0.4208,9.88754,0,0
24,14,2,0.4208,29.959,0,0
24,15,2,0.4208,29.9598,0,0
24,16,2,0.4208,29.9598,0,0
24,17,2,0.4208,9.88842,0,0
24,18,3,0.4208,10.0313,0,0
24,19,3,0.4208,10.0304,0,0
25,0,3,0.4208,10.0304,0,0
25,1,3,0.4208,9.95897,0,0
25,2,3,0.4208,9.88754,0,0
25,3,2,0.4208,30.0321,0,0
25,4,2,0.4208,30.0313,0,0
25,5,1,0.4208,30.0313,0,0
25,6,2,0.4208,10.0304,0,0
25,7,3,0.4208,9.95897,0,0
25,8,3,0.4208,29.959,0,0
25,9,3,0.4208,10.0304,0,0
25,10,3,0.4208,29.9598,0,0
25,11,1,0.4208,10.0313,0,0
25,12,2,0.4208,9.88754,0,0
25,13,3,0.4208,9.88754,0,0
25,14,2,0.4208,29.959,0,0
25,15,2,0.4208,29.9598,0,0
25,16,2,0.4208,29.9598,0,0
25,17,2,0.4208,9.88842,0,0
25,18,3,0.4208,10.0313,0,0
25,19,3,0.4208,10.0304,0,0
26,0,3,0.4208,10.0304,0,0
26,1,3,0.4208,9.95897,0,0
26,2,3,0.4208,9.88754,0,0
26,3,2,0.4208,30.0321,0,0
26,4,2,0.4208,30.0313,0,0
26,5,1,0.4208,30.0313,0,0
26,6,2,0.4208,10.0304,0,0
26,7,3,0.4208,9.95897,0,0
26,8,3,0.4208,29.959,0,0
26,9,3,0.4208,10.0304,0,0
26,10,3,0.4208,29.9598,0,0
26,11,1,0.4208,10.0313,0,0
26,12,2,0.4208,9.88754,0,0
26,13,3,0.4208,9.88754,0,0
26,14,2,0.4208,29.959,0,0
26,15,2,0.4208,29.9598,0,0
26,16,2,0.4208,29.9598,0,0
26,17,2,0.4208,9.88842,0,0
26,18,3,0.4208,10.0313,0,0
26,19,3,0.4208,10.0304,0,0
27,0,3,0.4208,10.0304,0,0
27,1,3,0.4208,9.90253,0,0
27,2,3,0.4208,9.88754,0,0
27,3,2,0.4208,30.0321,0,0
27,4,2,0.4208,30.0313,0,0
27,5,1,0.4208,30.0313,0,0
27,6,2,0.4208,10.0304,0,0
27,7,3,0.4208,9.95897,0,0
27,8,3,0.4208,29.959,0,0
27,9,3,0.4208,9.97325,0,0
27,10,3,0.33664,30.0139,0,0
27,11,1,0.4208,10.0313,0,0
27,12,2,0.4208,9.88754,0,0
27,13,3,0.4208,10.0018,0,0
27,14,1,0.25248,30.0072,0,1
27,15,2,0.4208,29.9598,0,0
27,16,2,0.4208,29.9598,0,0
27,17,2,0.4208,9.88772,0,0
27,18,3,0.50496,9.98307,0,0
27,19,3,0.4208,10.0304,0,0
28,0,3,0.4208,10.0304,0,0
28,1,3,0.4208,9.88807,0,0
28,2,3,0.4208,9.88754,0,0
28,3,2,0.4208,30.0314,0,0
28,4,2,0.4208,29.7166,0,0
28,5,1,0.4208,30.0316,0,0
28,6,2,0.4208,10.0304,0,0
28,7,3,0.4208,9.98754,0,0
28,8,2,0.25248,29.7447,0,1
28,9,3,0.4208,9.95897,0,0
28,10,3,0.4208,30.0321,0,0
28,11,1,0.4208,18.0323,0,0
28,12,2,0.4208,9.91611,0,0
28,13,3,0.4208,10.0307,0,0
28,14,1,0.4208,30.0313,0,0
28,15,2,0.4208,29.9598,0,0
28,16,2,0.4208,29.9882,0,0
28,17,2,0.4208,9.94468,0,0
28,18,3,0.4208,9.95897,0,0
28,19,3,0.4208,10.0018,0,0
29,0,3,0.4208,10.0304,0,0
29,1,3,0.4208,9.88754,0,0
29,2,3,0.4208,9.88754,0,0
29,3,2,0.4208,30.0321,0,0
29,4,2,0.4208,29.2447,0,0
29,5,1,0.4208,30.0321,0,0
29,6,2,0.4208,10.0304,0,0
29,7,3,0.4208,10.0304,0,0
29,8,2,0.4208,29.3161,0,0
29,9,3,0.4208,9.95897,0,0
29,10,3,0.4208,30.0321,0,0
29,11,1,0.4208,10.0313,0,0
29,12,2,0.4208,9.95897,0,0
29,13,3,0.4208,10.0313,0,0
29,14,1,0.4208,30.0313,0,0
29,15,2,0.4208,29.9598,0,0
29,16,2,0.4208,30.0313,0,0
29,17,2,0.4208,10.0304,0,0
29,18,3,0.4208,9.95897,0,0
29,19,3,0.4208,9.95897,0,0
30,0,3,0.4208,10.0313,0,0
30,1,3,0.4208,9.88754,0,0
30,2,3,0.4208,9.88754,0,0
30,3,2,0.4208,30.0318,0,0
30,4,2,0.4208,29.2447,0,0
30,5,1,0.4208,30.0321,0,0
30,6,2,0.4208,10.0304,0,0
30,7,3,0.4208,10.0304,0,0
30,8,2,0.4208,29.3161,0,0
30,9,3,0.4208,9.95897,0,0
30,10,3,0.4208,30.0321,0,0
30,11,1,0.4208,14.0318,0,0
30,12,2,0.4208,10.0304,0,0
30,13,3,0.4208,10.0313,0,0
30,14,1,0.4208,30.0313,0,0
30,15,2,0.4208,29.9598,0,0
30,16,2,0.4208,29.3875,0,0
30,17,2,0.4208,10.0304,0,0
30,18,3,0.4208,9.95897,0,0
30,19,3,0.4208,9.95897,0,0
31,0,3,0.4208,10.0304,0,0
31,1,3,0.4208,9.88754,0,0
31,2,3,0.4208,9.88754,0,0
31,3,2,0.4208,30.0321,0,0
31,4,2,0.4208,29.2447,0,0
31,5,1,0.4208,30.0321,0,0
31,6,2,0.4208,10.0304,0,0
31,7,3,0.4208,10.0304,0,0
31,8,2,0.4208,29.3161,0,0
31,9,3,0.4208,9.95897,0,0
31,10,3,0.4208,30.0321,0,0
31,11,1,0.4208,10.0313,0,0
31,12,2,0.4208,9.95897,0,0
31,13,3,0.4208,10.0313,0,0
31,14,1,0.4208,30.0313,0,0
31,15,2,0.4208,29.9598,0,0
31,16,2,0.4208,30.0313,0,0
31,17,2,0.4208,10.0304,0,0
31,18,3,0.4208,9.95897,0,0
31,19,3,0.4208,9.95897,0,0
32,0,3,0.4208,10.0304,0,0
32,1,3,0.4208,9.88754,0,0
32,2,3,0.4208,9.88754,0,0
32,3,2,0.4208,30.0313,0,0
32,4,2,0.4208,29.2447,0,0
32,5,1,0.4208,30.0321,0,0
32,6,2,0.4208,10.0304,0,0
32,7,3,0.4208,10.0304,0,0
32,8,2,0.4208,29.3161,0,0
32,9,3,0.4208,9.95897,0,0
32,10,3,0.4208,30.0321,0,0
32,11,1,0.33664,20.0326,0,0
32,12,2,0.4208,9.95897,0,0
32,13,3,0.4208,10.0313,0,0
32,14,1,0.4208,30.0313,0,0
32,15,2,0.4208,29.9598,0,0
32,16,2,0.4208,30.0313,0,0
32,17,2,0.4208,10.0304,0,0
32,18,3,0.4208,9.95897,0,0
32,19,3,0.4208,9.95897,0,0
33,0,3,0.4208,10.0313,0,0
33,1,3,0.4208,9.88754,0,0
33,2,3,0.4208,9.88754,0,0
33,3,2,0.4208,30.0314,0,0
33,4,2,0.4208,29.2447,0,0
33,5,1,0.4208,30.0321,0,0
33,6,2,0.4208,10.0304,0,0
33,7,3,0.4208,10.0304,0,0
33,8,2,0.4208,29.3161,0,0
33,9,3,0.4208,9.95897,0,0
33,10,3,0.4208,30.0321,0,0
33,11,1,0.4208,18.0323,0,0
33,12,2,0.4208,10.0304,0,0
33,13,3,0.4208,10.0313,0,0
33,14,1,0.4208,30.0313,0,0
33,15,2,0.4208,29.9598,0,0
33,16,2,0.4208,29.3875,0,0
33,17,2,0.4208,10.0304,0,0
33,18,3,0.4208,9.95897,0,0
33,19,3,0.4208,9.95897,0,0
34,0,3,0.4208,10.0304,0,0
34,1,3,0.4208,9.88754,0,0
34,2,3,0.4208,9.88754,0,0
34,3,2,0.4208,30.0313,0,0
34,4,2,0.4208,30.0313,0,0
34,5,1,0.4208,30.0313,0,0
34,6,2,0.4208,10.0304,0,0
34,7,3,0.4208,10.0304,0,0
34,8,2,0.4208,29.8161,0,0
34,9,3,0.4208,9.95897,0,0
34,10,3,0.4208,30.0321,0,0
34,11,1,0.50496,20.0326,0,0
34,12,2,0.4208,9.88754,0,0
34,13,3,0.4208,10.0304,0,0
34,14,1,0.4208,30.0313,0,0
34,15,2,0.4208,29.9598,0,0
34,16,2,0.4208,29.959,0,0
34,17,2,0.4208,9.88842,0,0
34,18,3,0.4208,9.95897,0,0
34,19,3,0.4208,9.95897,0,0
35,0,3,0.4208,10.0304,0,0
35,1,3,0.4208,9.88754,0,0
35,2,3,0.4208,9.88754,0,0
35,3,2,0.4208,30.0321,0,0
35,4,2,0.4208,29.2447,0,0
35,5,1,0.4208,30.0321,0,0
35,6,2,0.4208,10.0304,0,0
35,7,3,0.4208,10.0304,0,0
35,8,2,0.4208,29.3161,0,0
35,9,3,0.4208,9.95897,0,0
35,10,3,0.4208,30.0321,0,0
35,11,1,0.4208,10.0313,0,0
35,12,2,0.4208,9.95897,0,0
35,13,3,0.4208,10.0313,0,0
35,14,1,0.4208,30.0313,0,0
35,15,2,0.4208,29.9598,0,0
35,16,2,0.4208,30.0313,0,0
35,17,2,0.4208,10.0304,0,0
35,18,3,0.4208,9.95897,0,0
35,19,3,0.4208,9.95897,0,0
36,0,3,0.4208,10.0313,0,0
36,1,3,0.4208,9.88754,0,0
36,2,3,0.4208,9.88754,0,0
36,3,2,0.4208,30.0321,0,0
36,4,2,0.4208,29.2447,0,0
36,5,1,0.4208,30.0314,0,0
36,6,2,0.4208,10.0304,0,0
36,7,3,0.4208,10.0304,0,0
36,8,2,0.4208,29.3161,0,0
36,9,3,0.4208,9.95897,0,0
36,10,3,0.4208,30.0321,0,0
36,11,1,0.4208,10.0313,0,0
36,12,2,0.4208,10.0304,0,0
36,13,3,0.4208,10.0306,0,0
36,14,1,0.4208,30.0313,0,0
36,15,2,0.4208,29.9598,0,0
36,16,2,0.4208,29.3875,0,0
36,17,2,0.33664,20.0319,0,0
36,18,3,0.4208,9.95897,0,0
36,19,3,0.4208,9.95897,0,0
37,0,3,0.4208,10.0304,0,0
37,1,3,0.4208,9.88754,0,0
37,2,3,0.4208,9.88754,0,0
37,3,2,0.4208,30.0321,0,0
37,4,2,0.4208,29.2447,0,0
37,5,1,0.4208,30.0313,0,0
37,6,2,0.50496,10.0066,0,0
37,7,3,0.4208,10.0304,0,0
37,8,2,0.4208,29.3161,0,0
37,9,3,0.4208,9.95897,0,0
37,10,3,0.50496,30.008,0,0
37,11,1,0.4208,10.0313,0,0
37,12,2,0.4208,9.95897,0,0
37,13,3,0.4208,10.0304,0,0
37,14,2,0.33664,30.0313,0,1
37,15,2,0.4208,29.9597,0,0
37,16,2,0.4208,30.0313,0,0
37,17,2,0.4208,30.0321,0,0
37,18,3,0.33664,9.97683,0,0
37,19,3,0.4208,9.85897,0,0
38,0,3,0.4208,10.0304,0,0
38,1,3,0.4208,9.88754,0,0
38,2,3,0.4208,9.88824,0,0
38,3,2,0.4208,29.5165,0,0
38,4,2,0.4208,30.0313,0,0
38,5,1,0.4208,30.0313,0,0
38,6,2,0.4208,9.84468,0,0
38,7,3,0.4208,10.0304,0,0
38,8,2,0.4208,29.2447,0,0
38,9,3,0.4208,9.95897,0,0
38,10,3,0.4208,29.959,0,0
38,11,1,0.4208,10.0313,0,0
38,12,2,0.4208,9.65897,0,0
38,13,3,0.4208,10.0304,0,0
38,14,2,0.50496,29.9359,0,0
38,15,2,0.4208,29.4447,0,0
38,16,2,0.4208,29.959,0,0
38,17,2,0.4208,29.7306,0,0
38,18,3,0.4208,10.0304,0,0
38,19,3,0.4208,9.68754,0,0
39,0,3,0.4208,10.0304,0,0
39,1,3,0.4208,9.88754,0,0
39,2,3,0.4208,9.88807,0,0
39,3,1,0.25248,29.3875,0,1
39,4,2,0.4208,29.359,0,0
39,5,1,0.4208,30.0316,0,0
39,6,2,0.4208,9.91611,0,0
39,7,3,0.4208,10.0304,0,0
39,8,2,0.4208,29.4304,0,0
39,9,3,0.4208,9.95897,0,0
39,10,3,0.4208,29.9593,0,0
39,11,1,0.4208,10.0168,0,0
39,12,2,0.4208,9.78754,0,0
39,13,3,0.4208,10.0304,0,0
39,14,2,0.33664,29.9777,0,0
39,15,2,0.4208,29.4591,0,0
39,16,2,0.4208,30.0313,0,0
39,17,2,0.4208,29.9022,0,0
39,18,3,0.4208,10.0304,0,0
39,19,3,0.4208,9.61611,0,0
40,0,3,0.4208,10.0304,0,0
40,1,3,0.4208,9.88754,0,0
40,2,3,0.4208,9.88754,0,0
40,3,1,0.4208,30.0321,0,0
40,4,2,0.4208,29.8161,0,0
40,5,1,0.4208,30.0321,0,0
40,6,2,0.4208,9.95897,0,0
40,7,3,0.4208,10.0304,0,0
40,8,2,0.4208,29.8875,0,0
40,9,3,0.4208,9.95897,0,0
40,10,3,0.4208,29.9598,0,0
40,11,1,0.4208,9.95897,0,0
40,12,2,0.4208,9.95897,0,0
40,13,3,0.4208,10.0304,0,0
40,14,2,0.4208,30.0313,0,0
40,15,2,0.4208,30.0313,0,0
40,16,2,0.4208,30.0313,0,0
40,17,2,0.4208,30.0313,0,0
40,18,3,0.4208,10.0304,0,0
40,19,3,0.4208,9.31612,0,0
41,0,3,0.4208,10.0304,0,0
41,1,3,0.4208,9.88754,0,0
41,2,3,0.4208,9.88754,0,0
41,3,1,0.4208,29.9736,0,0
41,4,2,0.4208,29.8161,0,0
41,5,1,0.50496,23.3656,0,0
41,6,2,0.4208,9.95897,0,0
41,7,3,0.4208,10.0311,0,0
41,8,2,0.4208,29.8875,0,0
41,9,3,0.4208,9.95897,0,0
41,10,3,0.4208,29.9598,0,0
41,11,1,0.4208,10.0161,0,0
41,12,2,0.4208,9.95897,0,0
41,13,3,0.4208,10.0304,0,0
41,14,2,0.4208,30.0313,0,0
41,15,2,0.4208,30.032,0,0
41,16,2,0.4208,30.0313,0,0
41,17,2,0.4208,30.0314,0,0
41,18,3,0.4208,10.0304,0,0
41,19,3,0.4208,9.31612,0,0
42,0,3,0.4208,10.0304,0,0
42,1,3,0.4208,9.88754,0,0
42,2,3,0.4208,9.88754,0,0
42,3,1,0.4208,30.0173,0,0
42,4,2,0.4208,29.8161,0,0
42,5,1,0.4208,14.0318,0,0
42,6,2,0.4208,9.95897,0,0
42,7,3,0.4208,10.0306,0,0
42,8,2,0.4208,29.8875,0,0
42,9,3,0.4208,9.95897,0,0
42,10,3,0.4208,29.9598,0,0
42,11,1,0.4208,9.97325,0,0
42,12,2,0.4208,9.95897,0,0
42,13,3,0.4208,10.0304,0,0
42,14,2,0.4208,30.0313,0,0
42,15,2,0.4208,30.0316,0,0
42,16,2,0.4208,30.0313,0,0
42,17,2,0.4208,30.0318,0,0
42,18,3,0.4208,10.0304,0,0
42,19,3,0.4208,9.31612,0,0
43,0,3,0.4208,10.0304,0,0
43,1,3,0.4208,9.88754,0,0
43,2,3,0.4208,9.88754,0,0
43,3,1,0.4208,30.0321,0,0
43,4,2,0.4208,29.8161,0,0
43,5,1,0.4208,10.0313,0,0
43,6,2,0.4208,9.95897,0,0
43,7,3,0.4208,10.0304,0,0
43,8,2,0.4208,29.8875,0,0
43,9,3,0.4208,9.95897,0,0
43,10,3,0.4208,29.9598,0,0
43,11,1,0.4208,9.95897,0,0
43,12,2,0.4208,9.95897,0,0
43,13,3,0.4208,10.0304,0,0
43,14,2,0.4208,30.0313,0,0
43,15,2,0.4208,30.0313,0,0
43,16,2,0.4208,30.0313,0,0
43,17,2,0.4208,30.0321,0,0
43,18,3,0.4208,10.0304,0,0
43,19,3,0.4208,9.31612,0,0
44,0,3,0.4208,10.0304,0,0
44,1,3,0.4208,9.88754,0,0
44,2,3,0.4208,9.88754,0,0
44,3,1,0.4208,30.0321,0,0
44,4,2,0.4208,29.8161,0,0
44,5,1,0.4208,10.0313,0,0
44,6,2,0.4208,9.95897,0,0
44,7,3,0.4208,10.0304,0,0
44,8,2,0.4208,29.8875,0,0
44,9,3,0.4208,9.95897,0,0
44,10,3,0.4208,29.9598,0,0
44,11,1,0.4208,9.95897,0,0
44,12,2,0.4208,9.95897,0,0
44,13,3,0.4208,10.0304,0,0
44,14,2,0.4208,30.0313,0,0
44,15,2,0.4208,30.0313,0,0
44,16,2,0.4208,30.0313,0,0
44,17,2,0.4208,30.0321,0,0
44,18,3,0.4208,10.0304,0,0
44,19,3,0.4208,9.31612,0,0
45,0,3,0.4208,10.0304,0,0
45,1,3,0.4208,9.88754,0,0
45,2,3,0.4208,9.88754,0,0
45,3,1,0.4208,30.0321,0,0
45,4,2,0.4208,29.8161,0,0
45,5,1,0.4208,10.0313,0,0
45,6,2,0.4208,9.95897,0,0
45,7,3,0.4208,10.0304,0,0
45,8,2,0.4208,29.8875,0,0
45,9,3,0.4208,9.95897,0,0
45,10,3,0.4208,29.9598,0,0
45,11,1,0.4208,9.95897,0,0
45,12,2,0.4208,9.95897,0,0
45,13,3,0.4208,10.0304,0,0
45,14,2,0.4208,30.0313,0,0
45,15,2,0.4208,30.0313,0,0
45,16,2,0.4208,30.0313,0,0
45,17,2,0.4208,30.0321,0,0
45,18,3,0.4208,10.0304,0,0
45,19,3,0.4208,9.31612,0,0
46,0,3,0.4208,10.0304,0,0
46,1,3,0.4208,9.88754,0,0
46,2,3,0.4208,9.88754,0,0
46,3,1,0.4208,30.0321,0,0
46,4,2,0.4208,29.8161,0,0
46,5,1,0.4208,10.0313,0,0
46,6,2,0.4208,9.95897,0,0
46,7,3,0.4208,10.0304,0,0
46,8,2,0.4208,29.8875,0,0
46,9,3,0.4208,9.95897,0,0
46,10,3,0.4208,29.9598,0,0
46,11,1,0.4208,9.95897,0,0
46,12,2,0.4208,9.95897,0,0
46,13,3,0.4208,10.0304,0,0
46,14,2,0.4208,30.0313,0,0
46,15,2,0.4208,30.0313,0,0
46,16,2,0.4208,30.0313,0,0
46,17,2,0.4208,30.0321,0,0
46,18,3,0.4208,10.0304,0,0
46,19,3,0.4208,9.31612,0,0
47,0,3,0.4208,10.0304,0,0
47,1,3,0.4208,9.88754,0,0
47,2,3,0.4208,9.85897,0,0
47,3,1,0.4208,30.0321,0,0
47,4,2,0.4208,29.8161,0,0
47,5,1,0.4208,10.0313,0,0
47,6,2,0.4208,9.95897,0,0
47,7,3,0.4208,10.0304,0,0
47,8,2,0.4208,29.8875,0,0
47,9,3,0.4208,17.9591,0,0
47,10,3,0.4208,29.9598,0,0
47,11,1,0.4208,9.95897,0,0
47,12,2,0.4208,9.95897,0,0
47,13,3,0.4208,10.0304,0,0
47,14,2,0.4208,30.0313,0,0
47,15,2,0.4208,30.0313,0,0
47,16,2,0.4208,30.0313,0,0
47,17,2,0.4208,30.0321,0,0
47,18,3,0.4208,10.0304,0,0
47,19,3,0.4208,9.31612,0,0
48,0,3,0.4208,10.0306,0,0
48,1,3,0.4208,17.8877,0,0
48,2,3,0.4208,9.85897,0,0
48,3,1,0.4208,30.0321,0,0
48,4,0,0.33664,29.8161,0,0
48,5,1,0.4208,10.0313,0,0
48,6,2,0.4208,9.95897,0,0
48,7,3,0.4208,10.0304,0,0
48,8,2,0.4208,29.9018,0,0
48,9,3,0.4208,9.95897,0,0
48,10,3,0.4208,29.9598,0,0
48,11,1,0.4208,9.95897,0,0
48,12,2,0.4208,9.97325,0,0
48,13,3,0.4208,10.0304,0,0
48,14,2,0.4208,30.0313,0,0
48,15,2,0.4208,30.0313,0,0
48,16,0,0.33664,30.0313,0,0
48,17,2,0.4208,30.0321,0,0
48,18,3,0.4208,10.0304,0,0
48,19,3,0.4208,9.31612,0,0
49,0,3,0.4208,10.0313,0,0
49,1,3,0.4208,9.88754,0,0
49,2,3,0.4208,9.87326,0,0
49,3,1,0.4208,29.9736,0,0
49,4,0,0,0,0,0
49,5,1,0.4208,10.0313,0,0
49,6,2,0.4208,9.95897,0,0
49,7,3,0.4208,10.0311,0,0
49,8,2,0.4208,29.959,0,0
49,9,3,0.4208,13.9591,0,0
49,10,3,0.4208,29.9598,0,0
49,11,1,0.4208,10.0161,0,0
49,12,2,0.4208,10.0304,0,0
49,13,3,0.4208,10.0304,0,0
49,14,2,0.4208,30.0313,0,0
49,15,2,0.4208,30.032,0,0
49,16,0,0,0,0,0
49,17,2,0.4208,30.0321,0,0
49,18,3,0.4208,10.0304,0,0
49,19,3,0.4208,9.31612,0,0
50,0,3,0.4208,10.0313,0,0
50,1,3,0.33664,9.88754,0,0
50,2,3,0.4208,9.87326,0,0
50,3,1,0.4208,30.0172,0,0
50,4,2,0,0,0,0
50,5,1,0.4208,10.0313,0,0
50,6,2,0.4208,9.95897,0,0
50,7,3,0.4208,10.0306,0,0
50,8,2,0.4208,29.8161,0,0
50,9,3,0.4208,9.95897,0,0
50,10,3,0.4208,29.9598,0,0
50,11,1,0.4208,9.97325,0,0
50,12,2,0.4208,10.0304,0,0
50,13,3,0.4208,10.0304,0,0
50,14,2,0.4208,30.0313,0,0
50,15,2,0.4208,30.0029,0,0
50,16,2,0,0,0,0
50,17,2,0.4208,30.0321,0,0
50,18,3,0.4208,10.0304,0,0
50,19,3,0.4208,9.31612,0,0
51,0,3,0.4208,10.0313,0,0
51,1,3,0.50496,13.221,0,0
51,2,3,0.4208,9.88754,0,0
51,3,1,0.4208,30.0321,0,0
51,4,2,0.4208,29.959,0,0
51,5,1,0.4208,10.0313,0,0
51,6,2,0.4208,9.95897,0,0
51,7,3,0.4208,10.0304,0,0
51,8,2,0.4208,29.8875,0,0
51,9,3,0.4208,9.95897,0,0
51,10,3,0.4208,29.9598,0,0
51,11,1,0.4208,9.95897,0,0
51,12,2,0.4208,10.0304,0,0
51,13,3,0.4208,10.0304,0,0
51,14,2,0.4208,30.0313,0,0
51,15,2,0.4208,30.0313,0,0
51,16,2,0.4208,29.8161,0,0
51,17,2,0.4208,30.0321,0,0
51,18,3,0.4208,10.0304,0,0
51,19,3,0.4208,9.31612,0,0
52,0,3,0.4208,10.0313,0,0
52,1,3,0.4208,13.8877,0,0
52,2,3,0.4208,9.87326,0,0
52,3,1,0.4208,30.0321,0,0
52,4,2,0.4208,29.959,0,0
52,5,1,0.4208,10.0313,0,0
52,6,2,0.4208,9.95897,0,0
52,7,3,0.4208,10.0304,0,0
52,8,2,0.4208,29.8875,0,0
52,9,3,0.4208,9.95897,0,0
52,10,3,0.4208,29.9598,0,0
52,11,1,0.4208,9.95897,0,0
52,12,2,0.4208,10.0304,0,0
52,13,3,0.4208,10.0304,0,0
52,14,2,0.4208,30.0313,0,0
52,15,2,0.4208,30.0313,0,0
52,16,2,0.4208,29.8161,0,0
52,17,2,0.4208,30.0321,0,0
52,18,3,0.4208,10.0304,0,0
52,19,3,0.4208,9.31612,0,0
53,0,3,0.4208,10.0313,0,0
53,1,3,0.4208,9.88754,0,0
53,2,3,0.4208,9.88754,0,0
53,3,1,0.4208,30.0321,0,0
53,4,2,0.4208,29.959,0,0
53,5,1,0.4208,10.0313,0,0
53,6,2,0.4208,9.95897,0,0
53,7,3,0.4208,10.0304,0,0
53,8,2,0.4208,29.8875,0,0
53,9,3,0.4208,9.95897,0,0
53,10,3,0.4208,29.9598,0,0
53,11,1,0.4208,9.95897,0,0
53,12,2,0.4208,10.0304,0,0
53,13,3,0.4208,10.0304,0,0
53,14,2,0.4208,30.0313,0,0
53,15,2,0.4208,30.0313,0,0
53,16,2,0.4208,29.8161,0,0
53,17,2,0.4208,30.0321,0,0
53,18,3,0.4208,10.0304,0,0
53,19,3,0.4208,9.31612,0,0
54,0,3,0.4208,10.0309,0,0
54,1,3,0.4208,9.88754,0,0
54,2,3,0.4208,9.88754,0,0
54,3,2,0.25248,29.9834,0,1
54,4,2,0.4208,29.9879,0,0
54,5,1,0.4208,10.0313,0,0
54,6,2,0.4208,9.93075,0,0
54,7,3,0.4208,10.0311,0,0
54,8,2,0.4208,29.9161,0,0
54,9,3,0.4208,9.95897,0,0
54,10,3,0.4208,29.9597,0,0
54,11,1,0.4208,10.0161,0,0
54,12,2,0.4208,9.71611,0,0
54,13,3,0.4208,10.0304,0,0
54,14,2,0.50496,30.0073,0,0
54,15,2,0.4208,30.032,0,0
54,16,2,0.4208,29.8447,0,0
54,17,2,0.4208,29.7172,0,0
54,18,3,0.4208,10.0304,0,0
54,19,3,0.4208,9.31612,0,0
55,0,3,0.4208,10.0304,0,0
55,1,3,0.4208,9.88754,0,0
55,2,3,0.4208,9.88754,0,0
55,3,2,0.4208,29.959,0,0
55,4,2,0.4208,30.0313,0,0
55,5,1,0.4208,10.0313,0,0
55,6,2,0.4208,9.88842,0,0
55,7,3,0.4208,10.0313,0,0
55,8,0,0.4208,29.959,0,0
55,9,3,0.4208,9.95897,0,0
55,10,3,0.4208,29.9598,0,0
55,11,1,0.4208,10.0304,0,0
55,12,2,0.4208,9.24469,0,0
55,13,3,0.4208,10.0304,0,0
55,14,2,0.4208,29.959,0,0
55,15,2,0.4208,30.0321,0,0
55,16,2,0.4208,29.8875,0,0
55,17,2,0.4208,29.2447,0,0
55,18,3,0.4208,10.0304,0,0
55,19,3,0.4208,9.31612,0,0
56,0,3,0.4208,10.0304,0,0
56,1,3,0.4208,9.88754,0,0
56,2,3,0.4208,9.88754,0,0
56,3,2,0.4208,29.9598,0,0
56,4,2,0.4208,30.0313,0,0
56,5,1,0.4208,10.0313,0,0
56,6,2,0.4208,9.95897,0,0
56,7,3,0.4208,9.95897,0,0
56,8,0,0,0,0,0
56,9,3,0.4208,9.95897,0,0
56,10,3,0.4208,29.9598,0,0
56,11,1,0.33664,15.0319,0,0
56,12,2,0.4208,9.24469,0,0
56,13,3,0.4208,10.0304,0,0
56,14,2,0.33664,30.0313,0,0
56,15,2,0.4208,30.0316,0,0
56,16,2,0.4208,29.959,0,0
56,17,2,0.4208,30.0321,0,0
56,18,3,0.4208,10.0304,0,0
56,19,3,0.4208,10.0304,0,0
57,0,3,0.4208,10.0304,0,0
57,1,3,0.4208,9.88754,0,0
57,2,3,0.4208,9.88754,0,0
57,3,2,0.4208,29.9598,0,0
57,4,2,0.4208,30.0313,0,0
57,5,1,0.4208,10.0313,0,0
57,6,2,0.4208,9.95897,0,0
57,7,3,0.4208,9.95897,0,0
57,8,0,0,0,0,0
57,9,3,0.4208,9.95897,0,0
57,10,3,0.4208,29.9598,0,0
57,11,1,0.50496,20.0326,0,0
57,12,2,0.4208,9.24469,0,0
57,13,3,0.4208,10.0304,0,0
57,14,2,0.4208,30.0313,0,0
57,15,2,0.4208,30.0313,0,0
57,16,2,0.4208,29.959,0,0
57,17,2,0.4208,30.0321,0,0
57,18,3,0.4208,10.0304,0,0
57,19,3,0.4208,10.0304,0,0
58,0,3,0.4208,10.0304,0,0
58,1,3,0.4208,9.88754,0,0
58,2,3,0.4208,9.88754,0,0
58,3,2,0.4208,29.9598,0,0
58,4,2,0.4208,30.0313,0,0
58,5,1,0.4208,10.0313,0,0
58,6,2,0.33664,10.0304,0,0
58,7,3,0.4208,9.95897,0,0
58,8,0,0,0,0,0
58,9,3,0.4208,9.95897,0,0
58,10,3,0.4208,29.959,0,0
58,11,1,0.4208,14.0318,0,0
58,12,2,0.4208,9.24469,0,0
58,13,3,0.4208,10.0304,0,0
58,14,0,0.08416,30.0313,0,0
58,15,2,0.4208,30.0318,0,0
58,16,2,0.4208,29.959,0,0
58,17,2,0.4208,30.0321,0,0
58,18,3,0.33664,15.0313,0,0
58,19,3,0.4208,10.0304,0,0
59,0,3,0.4208,10.0304,0,0
59,1,3,0.4208,9.88754,0,0
59,2,3,0.4208,9.88754,0,0
59,3,2,0.4208,29.9598,0,0
59,4,2,0.4208,30.0313,0,0
59,5,1,0.4208,10.0313,0,0
59,6,2,0.4208,10.0304,0,0
59,7,3,0.4208,9.95897,0,0
59,8,0,0,0,0,0
59,9,3,0.4208,9.95897,0,0
59,10,3,0.4208,29.959,0,0
59,11,1,0.33664,20.0326,0,0
59,12,2,0.4208,9.24469,0,0
59,13,3,0.4208,10.0304,0,0
59,14,0,0,0,0,0
59,15,2,0.4208,30.0313,0,0
59,16,2,0.4208,29.959,0,0
59,17,2,0.4208,30.0321,0,0
59,18,3,0.50496,20.0317,0,0
59,19,3,0.4208,10.0304,0,0
60,0,3,0.4208,10.0304,0,0
60,1,3,0.4208,9.88754,0,0
60,2,3,0.4208,9.85897,0,0
60,3,2,0.4208,29.9598,0,0
60,4,2,0.4208,30.0313,0,0
60,5,1,0.4208,10.0313,0,0
60,6,2,0.4208,10.0304,0,0
60,7,3,0.4208,9.95897,0,0
60,8,0,0,0,0,0
60,9,3,0.33664,14.959,0,0
60,10,3,0.4208,29.959,0,0
60,11,1,0.50496,20.0326,0,0
60,12,2,0.4208,9.24469,0,0
60,13,3,0.4208,10.0304,0,0
60,14,0,0,0,0,0
60,15,2,0.4208,30.0313,0,0
60,16,2,0.4208,29.959,0,0
60,17,2,0.4208,30.0321,0,0
60,18,3,0.33664,20.0317,0,0
60,19,3,0.4208,10.0304,0,0
61,0,3,0.4208,10.0304,0,0
61,1,3,0.4208,9.88754,0,0
61,2,3,0.4208,9.88754,0,0
61,3,2,0.4208,29.9598,0,0
61,4,2,0.4208,30.0313,0,0
61,5,1,0.4208,10.0313,0,0
61,6,2,0.4208,10.0304,0,0
61,7,3,0.4208,9.95897,0,0
61,8,0,0,0,0,0
61,9,3,0.50496,13.2924,0,0
61,10,3,0.4208,29.959,0,0
61,11,1,0.33664,20.0326,0,0
61,12,2,0.4208,9.24469,0,0
61,13,3,0.4208,10.0304,0,0
61,14,0,0,0,0,0
61,15,2,0.4208,30.0313,0,0
61,16,2,0.4208,29.959,0,0
61,17,2,0.4208,30.0321,0,0
61,18,3,0.50496,20.0317,0,0
61,19,3,0.4208,10.0304,0,0
62,0,3,0.4208,10.0304,0,0
62,1,3,0.4208,9.88754,0,0
62,2,3,0.4208,9.85897,0,0
62,3,2,0.4208,29.9598,0,0
62,4,2,0.4208,30.0313,0,0
62,5,1,0.4208,10.0313,0,0
62,6,2,0.4208,10.0304,0,0
62,7,3,0.4208,9.95897,0,0
62,8,0,0,0,0,0
62,9,3,0.4208,17.9591,0,0
62,10,3,0.4208,29.959,0,0
62,11,1,0.50496,20.0326,0,0
62,12,2,0.4208,9.24469,0,0
62,13,3,0.4208,10.0304,0,0
62,14,0,0,0,0,0
62,15,2,0.4208,30.0313,0,0
62,16,2,0.4208,29.959,0,0
62,17,2,0.4208,30.0321,0,0
62,18,3,0.33664,20.0317,0,0
62,19,3,0.4208,10.0304,0,0
63,0,3,0.4208,10.0304,0,0
63,1,3,0.4208,9.88754,0,0
63,2,3,0.4208,9.87326,0,0
63,3,2,0.4208,29.9741,0,0
63,4,2,0.4208,29.8882,0,0
63,5,1,0.4208,10.0313,0,0
63,6,2,0.4208,10.0304,0,0
63,7,3,0.4208,9.95897,0,0
63,8,0,0,0,0,0
63,9,3,0.33664,19.9592,0,0
63,10,2,0.4208,25.9591,0,1
63,11,1,0.33664,20.0326,0,0
63,12,2,0.4208,9.27326,0,0
63,13,3,0.4208,10.0304,0,0
63,14,0,0,0,0,0
63,15,2,0.4208,30.017,0,0
63,16,2,0.4208,29.8161,0,0
63,17,2,0.4208,30.0321,0,0
63,18,3,0.50496,20.0317,0,0
63,19,3,0.4208,10.0304,0,0
64,0,3,0.4208,10.0304,0,0
64,1,3,0.4208,9.88754,0,0
64,2,3,0.4208,9.94468,0,0
64,3,2,0.4208,30.0313,0,0
64,4,2,0.4208,29.3161,0,0
64,5,1,0.4208,10.0313,0,0
64,6,2,0.4208,10.0304,0,0
64,7,3,0.4208,9.95897,0,0
64,8,0,0,0,0,0
64,9,3,0.50496,16.6258,0,0
64,10,2,0.4208,13.96,0,0
64,11,1,0.50496,20.0326,0,0
64,12,2,0.4208,9.38754,0,0
64,13,3,0.4208,10.0304,0,0
64,14,0,0,0,0,0
64,15,2,0.4208,29.9598,0,0
64,16,2,0.4208,29.2447,0,0
64,17,2,0.4208,30.0321,0,0
64,18,3,0.33664,20.0317,0,0
64,19,3,0.4208,10.0304,0,0
65,0,3,0.4208,10.0304,0,0
65,1,3,0.4208,9.88754,0,0
65,2,3,0.4208,9.95897,0,0
65,3,2,0.4208,30.0313,0,0
65,4,2,0.4208,29.3161,0,0
65,5,1,0.4208,10.0313,0,0
65,6,2,0.4208,10.0304,0,0
65,7,3,0.4208,9.95897,0,0
65,8,0,0,0,0,0
65,9,3,0.4208,9.95897,0,0
65,10,2,0.4208,9.95984,0,0
65,11,1,0.33664,20.0326,0,0
65,12,2,0.4208,9.38755,0,0
65,13,3,0.4208,10.0304,0,0
65,14,0,0,0,0,0
65,15,2,0.4208,29.9598,0,0
65,16,2,0.4208,29.2447,0,0
65,17,2,0.4208,30.0321,0,0
65,18,3,0.50496,20.0317,0,0
65,19,3,0.4208,10.0304,0,0
66,0,3,0.4208,10.0304,0,0
66,1,3,0.4208,9.88754,0,0
66,2,3,0.4208,9.95897,0,0
66,3,2,0.4208,30.0313,0,0
66,4,2,0.4208,29.3161,0,0
66,5,1,0.4208,10.0313,0,0
66,6,2,0.4208,10.0304,0,0
66,7,3,0.4208,9.95897,0,0
66,8,0,0,0,0,0
66,9,3,0.4208,9.95897,0,0
66,10,2,0.4208,9.95984,0,0
66,11,1,0.50496,20.0326,0,0
66,12,2,0.4208,9.38754,0,0
66,13,3,0.4208,10.0304,0,0
66,14,0,0,0,0,0
66,15,2,0.4208,29.9598,0,0
66,16,2,0.4208,29.2447,0,0
66,17,2,0.4208,30.0321,0,0
66,18,3,0.33664,20.0317,0,0
66,19,3,0.4208,10.0304,0,0
67,0,3,0.4208,10.0304,0,0
67,1,3,0.4208,9.88754,0,0
67,2,3,0.4208,9.95897,0,0
67,3,2,0.4208,30.0313,0,0
67,4,2,0.4208,29.3161,0,0
67,5,1,0.4208,10.0313,0,0
67,6,2,0.4208,10.0304,0,0
67,7,3,0.4208,9.95897,0,0
67,8,0,0,0,0,0
67,9,3,0.4208,9.95897,0,0
67,10,2,0.4208,9.95984,0,0
67,11,1,0.33664,20.0326,0,0
67,12,2,0.4208,9.38755,0,0
67,13,3,0.4208,10.0304,0,0
67,14,0,0,0,0,0
67,15,2,0.4208,29.9598,0,0
67,16,2,0.4208,29.2447,0,0
67,17,2,0.4208,30.0321,0,0
67,18,3,0.50496,20.0317,0,0
67,19,3,0.4208,10.0304,0,0
68,0,3,0.4208,10.0304,0,0
68,1,3,0.4208,9.88754,0,0
68,2,3,0.4208,9.95897,0,0
68,3,2,0.4208,30.0313,0,0
68,4,2,0.4208,29.359,0,0
68,5,1,0.4208,10.0313,0,0
68,6,2,0.4208,10.0304,0,0
68,7,3,0.4208,9.95897,0,0
68,8,0,0,0,0,0
68,9,3,0.4208,9.95897,0,0
68,10,2,0.4208,9.95984,0,0
68,11,1,0.4208,26.0323,0,0
68,12,2,0.4208,9.4304,0,0
68,13,3,0.4208,10.0304,0,0
68,14,0,0,0,0,0
68,15,2,0.4208,29.9598,0,0
68,16,2,0.4208,29.2875,0,0
68,17,2,0.4208,30.0321,0,0
68,18,3,0.33664,20.0317,0,0
68,19,3,0.4208,10.0304,0,0
69,0,3,0.4208,10.0304,0,0
69,1,3,0.4208,9.88754,0,0
69,2,3,0.4208,9.90183,0,0
69,3,2,0.4208,30.0313,0,0
69,4,2,0.4208,29.4304,0,0
69,5,1,0.4208,10.0313,0,0
69,6,2,0.4208,10.0304,0,0
69,7,3,0.4208,9.95897,0,0
69,8,0,0,0,0,0
69,9,3,0.33664,24.959,0,0
69,10,2,0.33664,14.9594,0,0
69,11,1,0.4208,30.0321,0,0
69,12,2,0.4208,9.50183,0,0
69,13,3,0.4208,10.0304,0,0
69,14,0,0,0,0,0
69,15,2,0.4208,29.9598,0,0
69,16,2,0.4208,29.359,0,0
69,17,2,0.4208,30.0321,0,0
69,18,3,0.50496,20.0317,0,0
69,19,3,0.4208,10.0304,0,0
70,0,3,0.4208,10.0304,0,0
70,1,3,0.4208,9.88754,0,0
70,2,3,0.4208,9.94468,0,0
70,3,2,0.4208,30.0313,0,0
70,4,2,0.4208,29.4304,0,0
70,5,1,0.4208,10.0313,0,0
70,6,2,0.4208,10.0304,0,0
70,7,3,0.4208,9.95897,0,0
70,8,0,0,0,0,0
70,9,3,0.50496,16.6258,0,0
70,10,2,0.50496,16.6265,0,0
70,11,1,0.4208,30.0321,0,0
70,12,2,0.4208,9.50183,0,0
70,13,3,0.4208,10.0304,0,0
70,14,0,0,0,0,0
70,15,2,0.4208,29.9598,0,0
70,16,2,0.4208,29.359,0,0
70,17,2,0.50496,23.3658,0,0
70,18,3,0.33664,20.0317,0,0
70,19,3,0.4208,10.0304,0,0
71,0,3,0.4208,10.0304,0,0
71,1,3,0.4208,9.88754,0,0
71,2,3,0.4208,9.95897,0,0
71,3,2,0.4208,30.0313,0,0
71,4,2,0.4208,29.459,0,0
71,5,1,0.4208,14.0318,0,0
71,6,2,0.4208,10.0304,0,0
71,7,3,0.4208,9.95897,0,0
71,8,0,0,0,0,0
71,9,3,0.4208,9.95897,0,0
71,10,2,0.4208,9.95984,0,0
71,11,1,0.4208,30.0321,0,0
71,12,2,0.4208,9.5304,0,0
71,13,3,0.4208,10.0304,0,0
71,14,0,0,0,0,0
71,15,2,0.4208,29.9598,0,0
71,16,2,0.4208,29.3875,0,0
71,17,2,0.4208,10.0318,0,0
71,18,3,0.50496,20.0317,0,0
71,19,3,0.4208,10.0304,0,0
72,0,3,0.4208,10.0304,0,0
72,1,3,0.4208,9.88754,0,0
72,2,3,0.4208,9.88754,0,0
72,3,2,0.4208,30.0313,0,0
72,4,2,0.4208,29.459,0,0
72,5,1,0.33664,25.0324,0,0
72,6,2,0.4208,10.0304,0,0
72,7,3,0.4208,9.95897,0,0
72,8,0,0,0,0,0
72,9,3,0.33664,24.959,0,0
72,10,2,0.33664,14.9594,0,0
72,11,1,0.4208,30.0321,0,0
72,12,2,0.4208,9.5304,0,0
72,13,3,0.4208,10.0304,0,0
72,14,0,0,0,0,0
72,15,2,0.4208,29.9598,0,0
72,16,2,0.4208,29.3875,0,0
72,17,2,0.4208,10.0313,0,0
72,18,3,0.33664,20.0317,0,0
72,19,3,0.4208,10.0304,0,0
73,0,3,0.4208,10.0304,0,0
73,1,3,0.4208,9.88754,0,0
73,2,3,0.4208,9.84468,0,0
73,3,2,0.4208,30.0313,0,0
73,4,2,0.4208,29.459,0,0
73,5,1,0.4208,30.0321,0,0
73,6,2,0.4208,10.0304,0,0
73,7,3,0.4208,9.95897,0,0
73,8,0,0,0,0,0
73,9,3,0.4208,29.959,0,0
73,10,2,0.50496,19.9594,0,0
73,11,1,0.4208,30.0321,0,0
73,12,2,0.4208,9.5304,0,0
73,13,3,0.4208,10.0304,0,0
73,14,0,0,0,0,0
73,15,2,0.4208,29.9598,0,0
73,16,2,0.4208,29.3875,0,0
73,17,2,0.4208,10.0313,0,0
73,18,3,0.50496,20.0317,0,0
73,19,3,0.4208,10.0304,0,0
74,0,3,0.4208,10.0304,0,0
74,1,3,0.4208,9.88754,0,0
74,2,3,0.4208,9.85897,0,0
74,3,2,0.4208,30.0313,0,0
74,4,2,0.4208,29.459,0,0
74,5,1,0.4208,30.0321,0,0
74,6,2,0.4208,10.0304,0,0
74,7,3,0.4208,9.95897,0,0
74,8,0,0,0,0,0
74,9,3,0.4208,29.959,0,0
74,10,2,0.4208,17.9593,0,0
74,11,1,0.4208,30.0321,0,0
74,12,2,0.4208,9.5304,0,0
74,13,3,0.4208,10.0304,0,0
74,14,0,0,0,0,0
74,15,2,0.4208,29.9598,0,0
74,16,2,0.4208,29.3875,0,0
74,17,2,0.4208,10.0313,0,0
74,18,3,0.33664,20.0317,0,0
74,19,3,0.4208,10.0304,0,0
75,0,3,0.4208,10.0304,0,0
75,1,3,0.4208,9.88754,0,0
75,2,3,0.4208,9.85897,0,0
75,3,2,0.4208,30.0313,0,0
75,4,2,0.4208,29.459,0,0
75,5,1,0.4208,30.0321,0,0
75,6,2,0.4208,10.0304,0,0
75,7,3,0.4208,9.95897,0,0
75,8,0,0,0,0,0
75,9,3,0.4208,29.959,0,0
75,10,2,0.33664,19.9594,0,0
75,11,1,0.4208,30.0321,0,0
75,12,2,0.4208,9.5304,0,0
75,13,3,0.4208,10.0304,0,0
75,14,0,0,0,0,0
75,15,2,0.4208,29.9598,0,0
75,16,2,0.4208,29.3875,0,0
75,17,2,0.4208,10.0313,0,0
75,18,3,0.50496,20.0317,0,0
75,19,3,0.4208,10.0304,0,0
76,0,3,0.4208,10.0304,0,0
76,1,3,0.4208,9.88754,0,0
76,2,3,0.4208,9.94468,0,0
76,3,2,0.4208,30.0313,0,0
76,4,2,0.4208,29.459,0,0
76,5,1,0.4208,30.0321,0,0
76,6,2,0.4208,10.0304,0,0
76,7,3,0.4208,9.95897,0,0
76,8,0,0,0,0,0
76,9,3,0.50496,16.6258,0,0
76,10,2,0.50496,16.6265,0,0
76,11,1,0.4208,30.0321,0,0
76,12,2,0.4208,9.5304,0,0
76,13,3,0.4208,10.0304,0,0
76,14,0,0,0,0,0
76,15,2,0.4208,29.9598,0,0
76,16,2,0.4208,29.3875,0,0
76,17,2,0.4208,10.0313,0,0
76,18,3,0.33664,20.0317,0,0
76,19,3,0.4208,10.0304,0,0
77,0,3,0.4208,10.0304,0,0
77,1,3,0.4208,9.88754,0,0
77,2,3,0.4208,9.95897,0,0
77,3,2,0.4208,30.0313,0,0
77,4,2,0.4208,29.4304,0,0
77,5,1,0.4208,30.0321,0,0
77,6,2,0.4208,10.0304,0,0
77,7,3,0.4208,9.95897,0,0
77,8,0,0,0,0,0
77,9,3,0.4208,9.95897,0,0
77,10,2,0.4208,9.95984,0,0
77,11,1,0.4208,30.0321,0,0
77,12,2,0.4208,9.50183,0,0
77,13,3,0.4208,10.0304,0,0
77,14,0,0,0,0,0
77,15,2,0.4208,29.9598,0,0
77,16,2,0.4208,29.359,0,0
77,17,2,0.4208,10.0313,0,0
77,18,3,0.50496,20.0317,0,0
77,19,3,0.4208,10.0304,0,0
78,0,3,0.4208,10.0304,0,0
78,1,3,0.4208,9.88754,0,0
78,2,3,0.4208,9.95897,0,0
78,3,2,0.4208,30.0313,0,0
78,4,2,0.4208,29.4161,0,0
78,5,1,0.50496,20.0326,0,0
78,6,2,0.4208,10.0304,0,0
78,7,3,0.4208,9.95897,0,0
78,8,0,0,0,0,0
78,9,3,0.4208,9.95897,0,0
78,10,2,0.4208,9.95984,0,0
78,11,1,0.4208,30.0321,0,0
78,12,2,0.4208,9.48754,0,0
78,13,3,0.4208,10.0304,0,0
78,14,0,0,0,0,0
78,15,2,0.4208,29.9598,0,0
78,16,2,0.4208,29.3447,0,0
78,17,2,0.4208,10.0313,0,0
78,18,3,0.33664,20.0317,0,0
78,19,3,0.4208,10.0304,0,0
79,0,3,0.4208,10.0304,0,0
79,1,3,0.4208,9.88754,0,0
79,2,3,0.4208,9.95897,0,0
79,3,2,0.4208,30.0313,0,0
79,4,2,0.4208,29.4161,0,0
79,5,1,0.4208,10.0313,0,0
79,6,2,0.4208,10.0304,0,0
79,7,3,0.4208,9.95897,0,0
79,8,0,0,0,0,0
79,9,3,0.4208,9.95897,0,0
79,10,2,0.4208,9.95984,0,0
79,11,1,0.4208,30.0321,0,0
79,12,2,0.4208,9.48754,0,0
79,13,3,0.4208,18.0325,0,0
79,14,0,0,0,0,0
79,15,2,0.4208,29.9598,0,0
79,16,2,0.4208,29.3447,0,0
79,17,2,0.4208,10.0304,0,0
79,18,3,0.50496,20.0317,0,0
79,19,3,0.4208,10.0304,0,0
80,0,3,0.4208,10.0311,0,0
80,1,3,0.4208,9.88754,0,0
80,2,3,0.4208,9.95897,0,0
80,3,1,0.25248,30.0313,0,1
80,4,2,0.4208,29.8447,0,0
80,5,1,0.4208,10.0313,0,0
80,6,2,0.4208,10.0304,0,0
80,7,3,0.4208,9.95897,0,0
80,8,0,0,0,0,0
80,9,3,0.4208,9.95897,0,0
80,10,2,0.4208,9.95984,0,0
80,11,1,0.4208,29.9741,0,0
80,12,2,0.4208,9.91611,0,0
80,13,3,0.4208,18.0325,0,0
80,14,0,0,0,0,0
80,15,2,0.4208,30.0175,0,0
80,16,2,0.4208,29.7733,0,0
80,17,2,0.4208,10.0304,0,0
80,18,3,0.33664,20.0317,0,0
80,19,3,0.4208,10.0304,0,0
81,0,3,0.4208,10.0313,0,0
81,1,3,0.4208,9.88754,0,0
81,2,3,0.4208,9.95897,0,0
81,3,1,0.4208,30.0313,0,0
81,4,2,0.4208,29.959,0,0
81,5,1,0.4208,10.0313,0,0
81,6,2,0.4208,10.0304,0,0
81,7,3,0.4208,9.95897,0,0
81,8,0,0,0,0,0
81,9,3,0.4208,9.95897,0,0
81,10,2,0.4208,9.95984,0,0
81,11,1,0.4208,29.9598,0,0
81,12,2,0.4208,10.0304,0,0
81,13,3,0.33664,20.0326,0,0
81,14,0,0,0,0,0
81,15,2,0.4208,30.0321,0,0
81,16,2,0.4208,29.8875,0,0
81,17,2,0.4208,10.0304,0,0
81,18,3,0.50496,20.0317,0,0
81,19,3,0.4208,10.0304,0,0
82,0,3,0.4208,10.0313,0,0
82,1,3,0.4208,9.88754,0,0
82,2,3,0.4208,9.95897,0,0
82,3,1,0.4208,30.0318,0,0
82,4,2,0.4208,29.959,0,0
82,5,1,0.4208,10.0313,0,0
82,6,2,0.4208,10.0304,0,0
82,7,3,0.4208,9.95897,0,0
82,8,0,0,0,0,0
82,9,3,0.4208,9.95897,0,0
82,10,2,0.4208,9.95984,0,0
82,11,1,0.4208,29.9598,0,0
82,12,2,0.4208,10.0304,0,0
82,13,3,0.50496,20.0326,0,0
82,14,0,0,0,0,0
82,15,2,0.4208,30.0316,0,0
82,16,2,0.4208,29.8875,0,0
82,17,2,0.4208,10.0304,0,0
82,18,3,0.33664,20.0317,0,0
82,19,3,0.4208,10.0304,0,0
83,0,3,0.4208,10.0313,0,0
83,1,3,0.4208,9.88754,0,0
83,2,3,0.4208,9.95897,0,0
83,3,1,0.4208,30.0314,0,0
83,4,2,0.4208,29.959,0,0
83,5,1,0.4208,10.0313,0,0
83,6,2,0.4208,10.0304,0,0
83,7,3,0.4208,9.95897,0,0
83,8,0,0,0,0,0
83,9,3,0.4208,9.95897,0,0
83,10,2,0.4208,9.95984,0,0
83,11,1,0.4208,29.9598,0,0
83,12,2,0.4208,10.0304,0,0
83,13,3,0.33664,20.0326,0,0
83,14,0,0,0,0,0
83,15,2,0.4208,30.032,0,0
83,16,2,0.4208,29.8875,0,0
83,17,2,0.4208,10.0304,0,0
83,18,3,0.50496,20.0317,0,0
83,19,3,0.4208,10.0304,0,0
84,0,3,0.4208,10.0313,0,0
84,1,3,0.4208,9.88754,0,0
84,2,3,0.4208,9.90183,0,0
84,3,1,0.4208,30.0313,0,0
84,4,2,0.4208,29.959,0,0
84,5,1,0.4208,10.0313,0,0
84,6,2,0.4208,10.0304,0,0
84,7,3,0.4208,9.95897,0,0
84,8,0,0,0,0,0
84,9,3,0.33664,24.959,0,0
84,10,2,0.33664,14.9594,0,0
84,11,1,0.4208,29.9598,0,0
84,12,2,0.4208,10.0304,0,0
84,13,3,0.50496,20.0326,0,0
84,14,0,0,0,0,0
84,15,2,0.4208,30.0321,0,0
84,16,2,0.4208,29.8875,0,0
84,17,2,0.4208,10.0304,0,0
84,18,3,0.33664,20.0317,0,0
84,19,3,0.4208,10.0304,0,0
85,0,3,0.4208,10.0313,0,0
85,1,3,0.4208,9.88754,0,0
85,2,3,0.4208,9.88754,0,0
85,3,1,0.4208,30.0313,0,0
85,4,2,0.4208,29.959,0,0
85,5,1,0.4208,10.0313,0,0
85,6,2,0.4208,10.0304,0,0
85,7,3,0.4208,9.95897,0,0
85,8,0,0,0,0,0
85,9,3,0.4208,29.959,0,0
85,10,2,0.50496,19.9594,0,0
85,11,1,0.4208,29.9598,0,0
85,12,2,0.4208,10.0304,0,0
85,13,3,0.33664,15.0324,0,0
85,14,0,0,0,0,0
85,15,2,0.4208,30.0321,0,0
85,16,2,0.4208,29.8875,0,0
85,17,2,0.4208,10.0304,0,0
85,18,3,0.50496,20.0317,0,0
85,19,3,0.4208,10.0304,0,0
86,0,3,0.4208,10.0313,0,0
86,1,3,0.4208,9.88754,0,0
86,2,3,0.4208,9.88754,0,0
86,3,1,0.4208,30.0321,0,0
86,4,2,0.4208,29.959,0,0
86,5,1,0.4208,10.0313,0,0
86,6,2,0.4208,10.0304,0,0
86,7,3,0.4208,9.95897,0,0
86,8,0,0,0,0,0
86,9,3,0.4208,29.959,0,0
86,10,2,0.33664,19.9594,0,0
86,11,1,0.4208,29.9598,0,0
86,12,2,0.4208,10.0304,0,0
86,13,3,0.50496,13.3656,0,0
86,14,0,0,0,0,0
86,15,2,0.4208,30.0313,0,0
86,16,2,0.4208,29.8875,0,0
86,17,2,0.4208,10.0304,0,0
86,18,3,0.33664,20.0317,0,0
86,19,3,0.4208,10.0304,0,0
87,0,3,0.4208,10.0313,0,0
87,1,3,0.4208,9.88754,0,0
87,2,3,0.4208,9.88754,0,0
87,3,1,0.4208,30.0321,0,0
87,4,2,0.4208,29.959,0,0
87,5,1,0.4208,10.0313,0,0
87,6,2,0.4208,10.0304,0,0
87,7,3,0.4208,9.95897,0,0
87,8,0,0,0,0,0
87,9,3,0.4208,29.959,0,0
87,10,2,0.50496,19.9594,0,0
87,11,1,0.4208,29.9598,0,0
87,12,2,0.4208,10.0304,0,0
87,13,3,0.4208,14.0323,0,0
87,14,0,0,0,0,0
87,15,2,0.4208,30.0313,0,0
87,16,2,0.4208,29.8875,0,0
87,17,2,0.4208,10.0304,0,0
87,18,3,0.50496,20.0317,0,0
87,19,3,0.4208,10.0304,0,0
88,0,3,0.4208,10.0313,0,0
88,1,3,0.4208,9.88754,0,0
88,2,3,0.4208,9.88754,0,0
88,3,1,0.4208,30.0321,0,0
88,4,2,0.4208,29.959,0,0
88,5,1,0.4208,10.0313,0,0
88,6,2,0.4208,10.0304,0,0
88,7,3,0.4208,9.95897,0,0
88,8,0,0,0,0,0
88,9,3,0.4208,29.959,0,0
88,10,2,0.33664,19.9594,0,0
88,11,1,0.4208,29.9598,0,0
88,12,2,0.4208,10.0304,0,0
88,13,3,0.4208,14.0323,0,0
88,14,0,0,0,0,0
88,15,2,0.4208,30.0313,0,0
88,16,2,0.4208,29.8875,0,0
88,17,2,0.4208,10.0304,0,0
88,18,3,0.33664,20.0317,0,0
88,19,3,0.4208,10.0304,0,0
89,0,3,0.4208,10.0313,0,0
89,1,3,0.4208,9.88754,0,0
89,2,3,0.4208,9.94468,0,0
89,3,1,0.4208,29.9743,0,0
89,4,2,0.4208,29.959,0,0
89,5,1,0.4208,10.0313,0,0
89,6,2,0.4208,10.0304,0,0
89,7,3,0.4208,9.95897,0,0
89,8,0,0,0,0,0
89,9,3,0.50496,16.6258,0,0
89,10,2,0.50496,16.6265,0,0
89,11,1,0.4208,30.0175,0,0
89,12,2,0.4208,10.0304,0,0
89,13,3,0.4208,14.0323,0,0
89,14,0,0,0,0,0
89,15,2,0.4208,30.0314,0,0
89,16,2,0.4208,29.8875,0,0
89,17,2,0.4208,10.0304,0,0
89,18,3,0.50496,20.0317,0,0
89,19,3,0.4208,10.0304,0,0
90,0,3,0.4208,10.0313,0,0
90,1,3,0.4208,9.88754,0,0
90,2,3,0.4208,9.95897,0,0
90,3,1,0.4208,30.017,0,0
90,4,2,0.4208,29.959,0,0
90,5,1,0.4208,10.0313,0,0
90,6,2,0.4208,10.0304,0,0
90,7,3,0.4208,9.95897,0,0
90,8,0,0,0,0,0
90,9,3,0.4208,9.95897,0,0
90,10,2,0.4208,9.95984,0,0
90,11,1,0.4208,29.9743,0,0
90,12,2,0.4208,10.0304,0,0
90,13,3,0.4208,10.0321,0,0
90,14,0,0,0,0,0
90,15,2,0.4208,30.032,0,0
90,16,2,0.4208,29.8875,0,0
90,17,2,0.4208,10.0304,0,0
90,18,3,0.33664,20.0317,0,0
90,19,3,0.4208,10.0304,0,0
91,0,3,0.4208,10.0313,0,0
91,1,3,0.4208,9.88754,0,0
91,2,3,0.4208,9.95897,0,0
91,3,1,0.4208,30.0313,0,0
91,4,2,0.4208,29.959,0,0
91,5,1,0.4208,10.0313,0,0
91,6,2,0.4208,10.0304,0,0
91,7,3,0.4208,9.95897,0,0
91,8,0,0,0,0,0
91,9,3,0.4208,9.95897,0,0
91,10,2,0.4208,9.95984,0,0
91,11,1,0.4208,29.9598,0,0
91,12,2,0.4208,10.0304,0,0
91,13,3,0.4208,10.0321,0,0
91,14,0,0,0,0,0
91,15,2,0.4208,30.0321,0,0
91,16,2,0.4208,29.8875,0,0
91,17,2,0.4208,10.0304,0,0
91,18,3,0.50496,20.0317,0,0
91,19,3,0.4208,10.0304,0,0
92,0,3,0.4208,10.0313,0,0
92,1,3,0.4208,9.88754,0,0
92,2,3,0.4208,9.95897,0,0
92,3,1,0.4208,30.0313,0,0
92,4,2,0.4208,29.959,0,0
92,5,1,0.4208,10.0313,0,0
92,6,2,0.4208,10.0304,0,0
92,7,3,0.4208,9.95897,0,0
92,8,0,0,0,0,0
92,9,3,0.4208,9.95897,0,0
92,10,2,0.4208,9.95984,0,0
92,11,1,0.4208,29.9598,0,0
92,12,2,0.4208,10.0304,0,0
92,13,3,0.4208,10.0321,0,0
92,14,0,0,0,0,0
92,15,2,0.4208,30.0321,0,0
92,16,2,0.4208,29.8875,0,0
92,17,2,0.4208,10.0304,0,0
92,18,3,0.33664,20.0317,0,0
92,19,3,0.4208,10.0304,0,0
93,0,3,0.4208,10.0313,0,0
93,1,3,0.4208,9.88754,0,0
93,2,1,0.25248,23.3408,0,1
93,3,1,0.4208,30.0313,0,0
93,4,2,0.4208,29.959,0,0
93,5,1,0.4208,18.0323,0,0
93,6,2,0.4208,10.0304,0,0
93,7,3,0.4208,10.0018,0,0
93,8,0,0,0,0,0
93,9,3,0.4208,9.95897,0,0
93,10,2,0.4208,9.95914,0,0
93,11,1,0.4208,29.9598,0,0
93,12,2,0.4208,10.0304,0,0
93,13,3,0.4208,10.0314,0,0
93,14,0,0,0,0,0
93,15,2,0.4208,30.0321,0,0
93,16,2,0.4208,29.8875,0,0
93,17,2,0.4208,10.0304,0,0
93,18,3,0.50496,20.0319,0,0
93,19,3,0.4208,9.98754,0,0
94,0,3,0.4208,10.0306,0,0
94,1,3,0.4208,9.88754,0,0
94,2,1,0.4208,30.0316,0,0
94,3,2,0.25248,30.0313,0,1
94,4,2,0.4208,29.4447,0,0
94,5,1,0.33664,25.0324,0,0
94,6,2,0.4208,10.0304,0,0
94,7,3,0.4208,10.0304,0,0
94,8,0,0,0,0,0
94,9,3,0.4208,9.95897,0,0
94,10,2,0.4208,9.95897,0,0
94,11,1,0.4208,30.0175,0,0
94,12,2,0.4208,9.51612,0,0
94,13,3,0.4208,10.0313,0,0
94,14,0,0,0,0,0
94,15,2,0.4208,29.9741,0,0
94,16,2,0.4208,29.3733,0,0
94,17,2,0.4208,10.0304,0,0
94,18,3,0.33664,20.0321,0,0
94,19,3,0.4208,9.95897,0,0
95,0,3,0.4208,10.0304,0,0
95,1,3,0.4208,9.88754,0,0
95,2,1,0.4208,30.0318,0,0
95,3,2,0.4208,30.0313,0,0
95,4,2,0.4208,29.3161,0,0
95,5,1,0.4208,30.032,0,0
95,6,2,0.4208,10.0304,0,0
95,7,3,0.4208,10.0304,0,0
95,8,0,0,0,0,0
95,9,3,0.4208,9.95897,0,0
95,10,2,0.4208,9.95897,0,0
95,11,1,0.4208,30.0321,0,0
95,12,2,0.4208,9.38755,0,0
95,13,3,0.4208,14.0316,0,0
95,14,0,0,0,0,0
95,15,2,0.4208,29.9598,0,0
95,16,2,0.4208,29.2447,0,0
95,17,2,0.4208,10.0304,0,0
95,18,3,0.50496,20.0321,0,0
95,19,3,0.4208,9.95897,0,0
96,0,3,0.4208,10.0304,0,0
96,1,3,0.4208,9.88754,0,0
96,2,1,0.4208,30.0316,0,0
96,3,2,0.4208,30.0313,0,0
96,4,2,0.4208,29.3161,0,0
96,5,1,0.4208,30.0321,0,0
96,6,2,0.4208,10.0304,0,0
96,7,3,0.4208,10.0304,0,0
96,8,0,0,0,0,0
96,9,3,0.4208,9.95897,0,0
96,10,2,0.4208,9.95897,0,0
96,11,1,0.4208,30.0321,0,0
96,12,2,0.4208,9.38755,0,0
96,13,3,0.4208,10.0313,0,0
96,14,0,0,0,0,0
96,15,2,0.4208,29.9598,0,0
96,16,2,0.4208,29.2447,0,0
96,17,2,0.4208,10.0304,0,0
96,18,3,0.33664,20.0321,0,0
96,19,3,0.4208,9.95897,0,0
97,0,3,0.4208,10.0304,0,0
97,1,3,0.4208,9.88754,0,0
97,2,1,0.4208,30.0318,0,0
97,3,2,0.4208,30.0313,0,0
97,4,2,0.4208,29.3161,0,0
97,5,1,0.4208,30.0316,0,0
97,6,2,0.4208,10.0304,0,0
97,7,3,0.4208,10.0304,0,0
97,8,0,0,0,0,0
97,9,3,0.4208,9.95897,0,0
97,10,2,0.4208,9.95897,0,0
97,11,1,0.4208,30.0321,0,0
97,12,2,0.4208,9.38754,0,0
97,13,3,0.33664,15.0319,0,0
97,14,0,0,0,0,0
97,15,2,0.4208,29.9598,0,0
97,16,2,0.4208,29.2447,0,0
97,17,2,0.4208,10.0304,0,0
97,18,3,0.50496,20.0321,0,0
97,19,3,0.4208,9.95897,0,0
98,0,3,0.4208,10.0304,0,0
98,1,3,0.4208,9.88754,0,0
98,2,1,0.4208,30.0316,0,0
98,3,2,0.4208,30.0313,0,0
98,4,2,0.4208,29.3161,0,0
98,5,1,0.4208,30.0318,0,0
98,6,2,0.4208,10.0304,0,0
98,7,3,0.4208,10.0304,0,0
98,8,0,0,0,0,0
98,9,3,0.4208,9.95897,0,0
98,10,2,0.4208,9.95897,0,0
98,11,1,0.4208,30.0321,0,0
98,12,2,0.4208,9.38755,0,0
98,13,3,0.4208,14.0318,0,0
98,14,0,0,0,0,0
98,15,2,0.4208,29.9598,0,0
98,16,2,0.4208,29.2447,0,0
98,17,2,0.4208,10.0304,0,0
98,18,3,0.33664,20.0321,0,0
98,19,3,0.4208,9.95897,0,0
99,0,3,0.4208,10.0304,0,0
99,1,3,0.4208,9.88754,0,0
99,2,1,0.4208,26.0318,0,0
99,3,2,0.4208,30.0313,0,0
99,4,2,0.4208,29.3161,0,0
99,5,1,0.4208,30.0314,0,0
99,6,2,0.4208,10.0304,0,0
99,7,3,0.4208,10.0304,0,0
99,8,0,0,0,0,0
99,9,3,0.4208,9.95897,0,0
99,10,2,0.4208,9.95897,0,0
99,11,1,0.4208,30.0321,0,0
99,12,2,0.4208,9.38755,0,0
99,13,3,0.4208,18.0323,0,0
99,14,0,0,0,0,0
99,15,2,0.4208,29.9598,0,0
99,16,2,0.4208,29.2447,0,0
99,17,2,0.4208,10.0304,0,0
99,18,3,0.50496,20.032,0,0
99,19,3,0.4208,9.95897,0,0
100,0,3,0.4208,10.0304,0,0
100,1,3,0.4208,9.88754,0,0
100,2,1,0.50496,23.3655,0,0
100,3,2,0.4208,30.0313,0,0
100,4,2,0.4208,29.3161,0,0
100,5,1,0.4208,30.0316,0,0
100,6,2,0.4208,10.0304,0,0
100,7,3,0.4208,10.0304,0,0
100,8,0,0,0,0,0
100,9,3,0.4208,9.95897,0,0
100,10,2,0.4208,9.95897,0,0
100,11,1,0.4208,30.0321,0,0
100,12,2,0.4208,9.38755,0,0
100,13,3,0.50496,16.6988,0,0
100,14,0,0,0,0,0
100,15,2,0.4208,29.9598,0,0
100,16,2,0.4208,29.2447,0,0
100,17,2,0.4208,10.0304,0,0
100,18,3,0.33664,20.0321,0,0
100,19,3,0.4208,9.95897,0,0
101,0,3,0.4208,10.0304,0,0
101,1,3,0.4208,9.88754,0,0
101,2,1,0.33664,15.0317,0,0
101,3,2,0.4208,30.0313,0,0
101,4,0,0,0,0,0
101,5,1,0.4208,30.0313,0,0
101,6,2,0.4208,10.0304,0,0
101,7,3,0.4208,10.0304,0,0
101,8,0,0,0,0,0
101,9,3,0.4208,9.95897,0,0
101,10,2,0.4208,9.95897,0,0
101,11,1,0.4208,30.0321,0,0
101,12,2,0.4208,9.38754,0,0
101,13,3,0.33664,20.0326,0,0
101,14,0,0,0,0,0
101,15,2,0.4208,29.9598,0,0
101,16,0,0,0,0,0
101,17,2,0.4208,10.0304,0,0
101,18,3,0.50496,20.0324,0,0
101,19,3,0.4208,9.95897,0,0
102,0,3,0.4208,10.0304,0,0
102,1,3,0.4208,9.88754,0,0
102,2,1,0.50496,16.6984,0,0
102,3,2,0.4208,30.0172,0,0
102,4,2,0,0,0,0
102,5,1,0.4208,30.0311,0,0
102,6,2,0.4208,10.0304,0,0
102,7,3,0.4208,10.0304,0,0
102,8,0,0,0,0,0
102,9,3,0.4208,9.95897,0,0
102,10,2,0.4208,9.95897,0,0
102,11,1,0.4208,30.0318,0,0
102,12,2,0.4208,9.35897,0,0
102,13,3,0.50496,20.0326,0,0
102,14,0,0,0,0,0
102,15,2,0.4208,29.9454,0,0
102,16,0,0,0,0,0
102,17,2,0.4208,9.98754,0,0
102,18,3,0.4208,18.0327,0,0
102,19,3,0.4208,9.95897,0,0
103,0,3,0.4208,10.0304,0,0
103,1,3,0.4208,9.88754,0,0
103,2,1,0.4208,18.0318,0,0
103,3,2,0.4208,30.0313,0,0
103,4,2,0.4208,29.3161,0,0
103,5,1,0.4208,30.0314,0,0
103,6,2,0.4208,10.0304,0,0
103,7,3,0.4208,10.0304,0,0
103,8,0,0,0,0,0
103,9,3,0.4208,9.95897,0,0
103,10,2,0.4208,9.95897,0,0
103,11,1,0.4208,30.0321,0,0
103,12,2,0.4208,9.38755,0,0
103,13,3,0.4208,18.0323,0,0
103,14,0,0,0,0,0
103,15,2,0.4208,29.9598,0,0
103,16,0,0,0,0,0
103,17,2,0.4208,10.0304,0,0
103,18,3,0.33664,20.0324,0,0
103,19,3,0.4208,9.95897,0,0
104,0,3,0.4208,10.0304,0.4,0
104,1,3,0.4208,9.88754,0.2,0
104,2,1,0.33664,15.0321,0,0
104,3,2,0.4208,30.0172,0.4,0
104,4,2,0.4208,29.259,0,0
104,5,1,0.4208,30.0311,0.2,0
104,6,2,0.4208,10.0304,0.2,0
104,7,3,0.4208,10.0304,0.4,0
104,8,2,0.16832,29.3161,0,0
104,9,3,0.4208,9.95897,0.2,0
104,10,2,0.4208,9.95897,0.2,0
104,11,1,0.4208,30.0318,0.4,0
104,12,2,0.4208,9.37326,0.4,0
104,13,3,0.4208,14.0309,0.2,0
104,14,0,0,0,0.2,0
104,15,2,0.4208,29.9454,0.4,0
104,16,0,0,0,0,0
104,17,2,0.4208,9.57326,0.2,0
104,18,3,0.50496,20.0321,0.2,0
104,19,3,0.4208,9.95897,0.4,0
105,0,3,0.4208,10.0304,0,0
105,1,3,0.4208,9.88754,0,0
105,2,1,0.50496,16.6987,0,0
105,3,2,0.4208,30.0313,0,0
105,4,2,0.4208,29.2447,0,0
105,5,1,0.4208,30.0313,0,0
105,6,2,0.4208,10.0304,0,0
105,7,3,0.4208,10.0304,0,0
105,8,2,0.4208,29.3161,0,0
105,9,3,0.4208,9.95897,0,0
105,10,2,0.4208,9.95897,0,0
105,11,1,0.4208,30.0321,0,0
105,12,2,0.4208,9.38755,0,0
105,13,3,0.4208,10.0304,0,0
105,14,0,0,0,0,0
105,15,2,0.4208,29.9598,0,0
105,16,0,0,0,0,0
105,17,2,0.4208,9.38755,0,0
105,18,3,0.33664,20.0324,0,0
105,19,3,0.4208,9.95897,0,0
106,0,3,0.4208,10.0304,0,0
106,1,3,0.4208,9.88754,0,0
106,2,1,0.4208,18.0321,0,0
106,3,2,0.4208,30.0313,0,0
106,4,2,0.4208,29.2447,0,0
106,5,1,0.4208,30.0313,0,0
106,6,2,0.4208,10.0304,0,0
106,7,3,0.4208,10.0304,0,0
106,8,2,0.4208,29.3161,0,0
106,9,3,0.4208,9.95897,0,0
106,10,2,0.4208,9.95897,0,0
106,11,1,0.4208,30.0321,0,0
106,12,2,0.4208,9.38755,0,0
106,13,3,0.4208,10.0304,0,0
106,14,0,0,0,0,0
106,15,2,0.4208,29.9598,0,0
106,16,0,0,0,0,0
106,17,2,0.4208,9.38754,0,0
106,18,3,0.50496,20.0321,0,0
106,19,3,0.4208,9.95897,0,0
107,0,3,0.4208,10.0304,0,0
107,1,3,0.4208,9.88754,0,0
107,2,1,0.33664,15.0315,0,0
107,3,2,0.4208,30.0313,0,0
107,4,2,0.4208,29.2447,0,0
107,5,1,0.4208,30.0313,0,0
107,6,2,0.4208,10.0304,0,0
107,7,3,0.4208,10.0304,0,0
107,8,2,0.4208,29.3161,0,0
107,9,3,0.4208,9.95897,0,0
107,10,2,0.4208,9.95897,0,0
107,11,1,0.4208,30.0321,0,0
107,12,2,0.4208,9.38755,0,0
107,13,3,0.4208,10.0304,0,0
107,14,0,0,0,0,0
107,15,2,0.4208,29.9598,0,0
107,16,0,0,0,0,0
107,17,2,0.4208,9.38754,0,0
107,18,3,0.33664,20.0321,0,0
107,19,3,0.4208,9.95897,0,0
108,0,3,0.4208,10.0304,0,0
108,1,3,0.4208,9.88754,0,0
108,2,1,0.50496,16.6988,0,0
108,3,2,0.4208,30.0313,0,0
108,4,2,0.4208,29.2447,0,0
108,5,1,0.4208,30.0313,0,0
108,6,2,0.4208,10.0304,0,0
108,7,3,0.4208,10.0304,0,0
108,8,2,0.4208,29.3161,0,0
108,9,3,0.4208,9.95897,0,0
108,10,2,0.4208,9.95897,0,0
108,11,1,0.4208,30.0321,0,0
108,12,2,0.4208,9.38754,0,0
108,13,3,0.4208,10.0304,0,0
108,14,0,0,0,0,0
108,15,2,0.4208,29.9598,0,0
108,16,0,0,0,0,0
108,17,2,0.4208,9.38755,0,0
108,18,3,0.50496,16.6987,0,0
108,19,3,0.4208,9.95897,0,0
109,0,3,0.4208,10.0304,0,0
109,1,3,0.4208,9.88754,0,0
109,2,1,0.4208,18.0325,0,0
109,3,2,0.4208,30.0313,0,0
109,4,2,0.4208,29.2447,0,0
109,5,1,0.4208,30.0313,0,0
109,6,2,0.4208,10.0304,0,0
109,7,3,0.4208,10.0304,0,0
109,8,2,0.4208,29.3161,0,0
109,9,3,0.4208,9.95897,0,0
109,10,2,0.4208,9.95897,0,0
109,11,1,0.4208,30.0321,0,0
109,12,2,0.4208,9.38755,0,0
109,13,3,0.4208,10.0304,0,0
109,14,0,0,0,0,0
109,15,2,0.4208,29.9598,0,0
109,16,0,0,0,0,0
109,17,2,0.4208,9.40183,0,0
109,18,3,0.4208,10.0313,0,0
109,19,3,0.4208,9.95897,0,0
110,0,3,0.4208,10.0304,0,0
110,1,3,0.4208,9.88754,0,0
110,2,1,0.33664,15.0324,0,0
110,3,2,0.4208,30.0172,0,0
110,4,2,0.4208,29.2447,0,0
110,5,1,0.4208,30.0313,0,0
110,6,2,0.4208,10.0304,0,0
110,7,3,0.4208,10.0304,0,0
110,8,2,0.4208,29.3161,0,0
110,9,3,0.4208,9.95897,0,0
110,10,2,0.4208,9.85897,0,0
110,11,1,0.4208,30.0318,0,0
110,12,2,0.4208,9.38755,0,0
110,13,3,0.4208,10.0304,0,0
110,14,2,0.08416,29.959,0,0
110,15,2,0.4208,29.9454,0,0
110,16,0,0,0,0,0
110,17,2,0.4208,9.45897,0,0
110,18,3,0.4208,10.0313,0,0
110,19,3,0.4208,9.95897,0,0
111,0,3,0.4208,10.0304,0,0
111,1,3,0.4208,9.88754,0,0
111,2,1,0.50496,16.6991,0,0
111,3,2,0.4208,30.0313,0,0
111,4,2,0.4208,29.2447,0,0
111,5,1,0.4208,30.0313,0,0
111,6,2,0.4208,10.0304,0,0
111,7,3,0.4208,10.0304,0,0
111,8,2,0.4208,29.3161,0,0
111,9,3,0.4208,9.95897,0,0
111,10,2,0.4208,9.88754,0,0
111,11,1,0.4208,30.0321,0,0
111,12,2,0.4208,9.38754,0,0
111,13,3,0.4208,10.0304,0,0
111,14,2,0.4208,29.959,0,0
111,15,2,0.4208,29.9598,0,0
111,16,0,0,0,0,0
111,17,2,0.4208,9.41612,0,0
111,18,3,0.4208,10.0313,0,0
111,19,3,0.4208,9.95897,0,0
112,0,3,0.4208,10.0304,0,0
112,1,3,0.4208,9.88754,0,0
112,2,1,0.4208,18.0325,0,0
112,3,2,0.4208,30.0313,0,0
112,4,2,0.4208,29.2447,0,0
112,5,1,0.4208,30.0313,0,0
112,6,2,0.4208,10.0304,0,0
112,7,3,0.4208,10.0304,0,0
112,8,2,0.4208,29.3161,0,0
112,9,3,0.4208,9.95897,0,0
112,10,2,0.4208,9.88754,0,0
112,11,1,0.4208,30.0321,0,0
112,12,2,0.4208,9.38755,0,0
112,13,3,0.4208,10.0304,0,0
112,14,2,0.4208,29.959,0,0
112,15,2,0.4208,29.9598,0,0
112,16,0,0,0,0,0
112,17,2,0.4208,9.38754,0,0
112,18,3,0.4208,10.0313,0,0
112,19,3,0.4208,9.95897,0,0
113,0,3,0.4208,10.0304,0,0
113,1,3,0.4208,9.88754,0,0
113,2,1,0.33664,15.0317,0,0
113,3,2,0.4208,30.0313,0,0
113,4,2,0.4208,29.2447,0,0
113,5,1,0.4208,30.0313,0,0
113,6,2,0.4208,10.0304,0,0
113,7,3,0.4208,10.0304,0,0
113,8,2,0.4208,29.3161,0,0
113,9,3,0.4208,9.95897,0,0
113,10,2,0.4208,9.88754,0,0
113,11,1,0.4208,30.0321,0,0
113,12,2,0.4208,9.38755,0,0
113,13,3,0.4208,10.0304,0,0
113,14,2,0.4208,29.959,0,0
113,15,2,0.4208,29.9598,0,0
113,16,0,0,0,0,0
113,17,2,0.4208,9.38754,0,0
113,18,3,0.33664,15.0319,0,0
113,19,3,0.4208,9.95897,0,0
114,0,3,0.4208,10.0304,0,0
114,1,3,0.4208,9.88754,0,0
114,2,1,0.4208,18.032,0,0
114,3,2,0.4208,30.0313,0,0
114,4,2,0.4208,29.2447,0,0
114,5,1,0.4208,30.0313,0,0
114,6,2,0.4208,10.0304,0,0
114,7,3,0.4208,10.0304,0,0
114,8,2,0.4208,29.3161,0,0
114,9,3,0.4208,9.95897,0,0
114,10,2,0.4208,9.88754,0,0
114,11,1,0.4208,30.0321,0,0
114,12,2,0.4208,9.38755,0,0
114,13,3,0.4208,10.0304,0,0
114,14,2,0.4208,29.959,0,0
114,15,2,0.4208,29.9598,0,0
114,16,0,0,0,0,0
114,17,2,0.4208,9.38755,0,0
114,18,3,0.50496,16.6993,0,0
114,19,3,0.4208,9.95897,0,0
115,0,3,0.4208,10.0304,0,0
115,1,3,0.4208,9.88754,0,0
115,2,1,0.50496,20.032,0,0
115,3,2,0.4208,30.0313,0,0
115,4,2,0.4208,29.2447,0,0
115,5,1,0.4208,30.0313,0,0
115,6,2,0.4208,10.0304,0,0
115,7,3,0.4208,10.0304,0,0
115,8,2,0.4208,29.3161,0,0
115,9,3,0.4208,9.95897,0,0
115,10,2,0.4208,9.88754,0,0
115,11,1,0.4208,30.0321,0,0
115,12,2,0.4208,9.38754,0,0
115,13,3,0.4208,10.0304,0,0
115,14,2,0.4208,29.959,0,0
115,15,2,0.4208,29.9598,0,0
115,16,0,0,0,0,0
115,17,2,0.4208,9.38754,0,0
115,18,3,0.33664,15.0315,0,0
115,19,3,0.4208,9.95897,0,0
116,0,3,0.4208,10.0304,0,0
116,1,3,0.4208,9.88754,0,0
116,2,1,0.4208,18.0321,0,0
116,3,2,0.4208,30.0313,0,0
116,4,2,0.4208,29.2447,0,0
116,5,1,0.4208,30.0313,0,0
116,6,2,0.4208,10.0304,0,0
116,7,3,0.4208,10.0304,0,0
116,8,2,0.4208,29.3161,0,0
116,9,3,0.4208,9.95897,0,0
116,10,2,0.4208,9.88754,0,0
116,11,1,0.4208,30.0321,0,0
116,12,2,0.4208,9.38755,0,0
116,13,3,0.4208,10.0304,0,0
116,14,2,0.4208,29.959,0,0
116,15,2,0.4208,29.9598,0,0
116,16,0,0,0,0,0
116,17,2,0.4208,9.38754,0,0
116,18,3,0.50496,16.699,0,0
116,19,3,0.4208,9.95897,0,0
117,0,3,0.4208,10.0304,0,0
117,1,3,0.4208,9.88754,0,0
117,2,1,0.4208,18.0325,0,0
117,3,2,0.4208,30.0313,0,0
117,4,2,0.4208,29.2447,0,0
117,5,1,0.4208,30.0313,0,0
117,6,2,0.4208,10.0304,0,0
117,7,3,0.4208,10.0304,0,0
117,8,2,0.4208,29.3161,0,0
117,9,3,0.4208,9.95897,0,0
117,10,2,0.4208,9.88754,0,0
117,11,1,0.4208,30.0321,0,0
117,12,2,0.4208,9.38755,0,0
117,13,3,0.4208,10.0304,0,0
117,14,2,0.4208,29.959,0.2,0
117,15,2,0.4208,29.9598,0,0
117,16,0,0,0,0,0
117,17,2,0.4208,9.38755,0,0
117,18,3,0.4208,10.0313,0,0
117,19,3,0.4208,9.95897,0,0
118,0,3,0.4208,10.0304,0,0
118,1,3,0.4208,9.88754,0,0
118,2,1,0.4208,14.0323,0,0
118,3,2,0.4208,30.0313,0,0
118,4,2,0.4208,29.2447,0,0
118,5,1,0.4208,30.0313,0,0
118,6,2,0.4208,10.0304,0,0
118,7,3,0.4208,10.0304,0,0
118,8,2,0.4208,29.3161,0,0
118,9,3,0.4208,9.95897,0,0
118,10,2,0.4208,9.88754,0,0
118,11,1,0.4208,30.0321,0,0
118,12,2,0.4208,9.38754,0,0
118,13,3,0.4208,10.0304,0,0
118,14,2,0.4208,29.959,0,0
118,15,2,0.4208,29.9598,0,0
118,16,0,0,0,0,0
118,17,2,0.4208,9.38754,0,0
118,18,3,0.4208,10.0313,0,0
118,19,3,0.4208,9.95897,0,0
119,0,3,0.4208,10.0304,0,0
119,1,3,0.4208,9.88754,0,0
119,2,1,0.4208,14.0323,0,0
119,3,0,0.4208,30.0313,0,0
119,4,2,0.4208,29.2447,0,0
119,5,1,0.4208,30.0313,0,0
119,6,2,0.4208,10.0304,0,0
119,7,3,0.4208,10.0304,0,0
119,8,2,0.4208,29.3161,0,0
119,9,3,0.4208,9.95897,0,0
119,10,2,0.4208,9.88754,0,0
119,11,1,0.4208,30.0321,0,0
119,12,2,0.4208,9.38755,0,0
119,13,3,0.4208,10.0304,0,0
119,14,2,0.4208,29.959,0,0
119,15,2,0.4208,29.9598,0,0
119,16,0,0,0,0,0
119,17,2,0.4208,9.38755,0,0
119,18,3,0.4208,10.0313,0,0
119,19,3,0.4208,9.95897,0,0
120,0,3,0.4208,10.0313,0,0
120,1,3,0.4208,9.88754,0,0
120,2,1,0.4208,18.0325,0,0
120,3,0,0,0,0,0
120,4,2,0.4208,29.8875,0,0
120,5,1,0.4208,30.0313,0,0
120,6,2,0.4208,10.0304,0,0
120,7,3,0.4208,10.0304,0,0
120,8,2,0.4208,29.959,0,0
120,9,3,0.4208,9.95897,0,0
120,10,2,0.4208,9.88754,0,0
120,11,1,0.4208,30.0321,0,0
120,12,2,0.4208,10.0304,0,0
120,13,3,0.4208,10.0304,0,0
120,14,2,0.4208,29.959,0,0
120,15,2,0.4208,30.0313,0,0
120,16,0,0,0,0,0
120,17,2,0.4208,9.38754,0,0
120,18,3,0.4208,10.0313,0,0
120,19,3,0.4208,9.95897,0,0
121,0,3,0.4208,10.0313,0,0
121,1,3,0.4208,9.88754,0,0
121,2,1,0.4208,14.0323,0,0
121,3,0,0,0,0,0
121,4,2,0.4208,29.8875,0,0
121,5,1,0.4208,30.0313,0,0
121,6,2,0.4208,10.0304,0,0
121,7,3,0.4208,10.0304,0,0
121,8,2,0.4208,29.959,0,0
121,9,3,0.4208,9.95897,0,0
121,10,2,0.4208,9.88754,0,0
121,11,1,0.4208,30.0321,0,0
121,12,2,0.4208,10.0304,0,0
121,13,3,0.4208,10.0304,0,0
121,14,2,0.4208,29.959,0,0
121,15,2,0.4208,30.0313,0,0
121,16,0,0,0,0,0
121,17,2,0.4208,9.38754,0,0
121,18,3,0.4208,10.0313,0,0
121,19,3,0.4208,9.95897,0,0
122,0,3,0.4208,10.0313,0,0
122,1,3,0.4208,9.88754,0,0
122,2,1,0.33664,15.0324,0,0
122,3,0,0,0,0,0
122,4,2,0.4208,29.8875,0,0
122,5,1,0.4208,30.0313,0,0
122,6,2,0.4208,10.0304,0,0
122,7,3,0.4208,10.0304,0,0
122,8,2,0.4208,29.959,0,0
122,9,3,0.4208,9.95897,0,0
122,10,2,0.4208,9.88754,0,0
122,11,1,0.4208,30.0321,0,0
122,12,2,0.4208,10.0304,0,0
122,13,3,0.4208,10.0304,0,0
122,14,2,0.4208,29.959,0,0
122,15,2,0.4208,30.0313,0,0
122,16,0,0,0,0,0
122,17,2,0.4208,9.38755,0,0
122,18,3,0.4208,10.0313,0,0
122,19,3,0.4208,9.95897,0,0
123,0,3,0.4208,10.0313,0,0
123,1,3,0.4208,9.88754,0,0
123,2,1,0.4208,14.032,0,0
123,3,0,0,0,0,0
123,4,2,0.4208,29.8875,0,0
123,5,1,0.4208,30.0313,0,0
123,6,2,0.4208,10.0304,0,0
123,7,3,0.4208,10.0304,0,0
123,8,2,0.4208,29.959,0,0
123,9,3,0.4208,9.95897,0,0
123,10,2,0.4208,9.88754,0,0
123,11,1,0.4208,30.0321,0,0
123,12,2,0.4208,10.0304,0,0
123,13,3,0.4208,10.0304,0,0
123,14,2,0.4208,29.959,0,0
123,15,2,0.4208,30.0313,0,0
123,16,0,0,0,0,0
123,17,2,0.4208,9.38754,0,0
123,18,3,0.33664,15.0319,0,0
123,19,3,0.4208,9.95897,0,0
124,0,3,0.4208,10.0313,0,0
124,1,3,0.4208,9.88754,0,0
124,2,1,0.4208,18.032,0,0
124,3,0,0,0,0,0
124,4,2,0.4208,29.8875,0,0
124,5,1,0.4208,30.0313,0,0
124,6,2,0.4208,10.0304,0,0
124,7,3,0.4208,10.0304,0,0
124,8,2,0.4208,29.959,0,0
124,9,3,0.4208,9.95897,0,0
124,10,2,0.4208,9.88754,0,0
124,11,1,0.4208,30.0321,0,0
124,12,2,0.4208,10.0304,0,0
124,13,3,0.4208,10.0304,0,0
124,14,2,0.4208,29.959,0,0
124,15,2,0.4208,30.0313,0,0
124,16,0,0,0,0,0
124,17,2,0.4208,9.38754,0,0
124,18,3,0.50496,20.0326,0,0
124,19,3,0.4208,9.95897,0,0
125,0,3,0.4208,10.0313,0,0
125,1,3,0.4208,9.88754,0,0
125,2,1,0.50496,20.0317,0,0
125,3,0,0,0,0,0
125,4,2,0.4208,29.8875,0,0
125,5,1,0.4208,30.0313,0,0
125,6,2,0.4208,10.0304,0,0
125,7,3,0.4208,10.0304,0,0
125,8,2,0.4208,29.959,0,0
125,9,3,0.4208,9.95897,0,0
125,10,2,0.4208,9.88754,0,0
125,11,1,0.4208,30.0321,0,0
125,12,2,0.4208,10.0304,0,0
125,13,3,0.4208,10.0304,0,0
125,14,2,0.4208,29.959,0,0
125,15,2,0.4208,30.0313,0,0
125,16,0,0,0,0,0
125,17,2,0.4208,9.38755,0,0
125,18,3,0.33664,20.0317,0,0
125,19,3,0.4208,9.95897,0,0
126,0,3,0.4208,10.0313,0,0
126,1,3,0.4208,9.88754,0,0
126,2,1,0.4208,22.0031,0,0
126,3,0,0,0,0,0
126,4,2,0.4208,29.8875,0,0
126,5,1,0.4208,30.0313,0,0
126,6,2,0.4208,10.0304,0,0
126,7,3,0.4208,10.0304,0,0
126,8,2,0.4208,29.959,0,0
126,9,3,0.4208,9.95897,0,0
126,10,2,0.4208,9.9304,0,0
126,11,1,0.4208,30.0321,0,0
126,12,2,0.4208,10.0304,0,0
126,13,3,0.4208,10.0304,0,0
126,14,1,0.25248,29.9834,0,1
126,15,2,0.4208,30.0313,0,0
126,16,0,0,0,0,0
126,17,2,0.4208,9.38754,0,0
126,18,3,0.50496,16.699,0,0
126,19,3,0.4208,9.95897,0,0
127,0,3,0.4208,10.0313,0,0
127,1,3,0.4208,9.88754,0,0
127,2,1,0.4208,29.9598,0,0
127,3,0,0,0,0,0
127,4,2,0.4208,29.8875,0,0
127,5,1,0.4208,30.0313,0,0
127,6,2,0.4208,10.0304,0,0
127,7,3,0.4208,10.0304,0,0
127,8,2,0.4208,29.959,0,0
127,9,3,0.4208,9.95897,0,0
127,10,2,0.4208,9.95897,0,0
127,11,1,0.4208,30.0321,0,0
127,12,2,0.4208,10.0304,0,0
127,13,3,0.4208,10.0304,0,0
127,14,1,0.4208,30.0321,0.2,0
127,15,2,0.4208,30.0313,0,0
127,16,0,0,0,0,0
127,17,2,0.4208,9.38754,0,0
127,18,3,0.4208,10.0313,0,0
127,19,3,0.4208,9.95897,0,0
128,0,3,0.4208,10.0313,0,0
128,1,3,0.4208,9.88754,0,0
128,2,1,0.4208,29.9598,0,0
128,3,0,0,0,0,0
128,4,2,0.4208,29.8875,0,0
128,5,1,0.4208,30.0313,0,0
128,6,2,0.4208,10.0304,0,0
128,7,3,0.4208,10.0304,0,0
128,8,2,0.4208,29.959,0.4,0
128,9,3,0.4208,9.95897,0,0
128,10,2,0.4208,9.95897,0,0
128,11,1,0.4208,30.0321,0,0
128,12,2,0.4208,10.0304,0,0
128,13,3,0.4208,10.0304,0,0
128,14,1,0.4208,30.0321,0,0
128,15,2,0.4208,30.0313,0,0
128,16,0,0,0,0,0
128,17,2,0.4208,9.38755,0,0
128,18,3,0.4208,10.0313,0,0
128,19,3,0.4208,9.95897,0,0
129,0,3,0.4208,10.0313,0,0
129,1,3,0.4208,9.88754,0,0
129,2,1,0.4208,29.9598,0,0
129,3,0,0,0,0,0
129,4,2,0.4208,29.8875,0,0
129,5,1,0.4208,30.0313,0,0
129,6,2,0.4208,10.0304,0,0
129,7,3,0.4208,10.0304,0,0
129,8,2,0.4208,29.959,0,0
129,9,3,0.4208,9.95897,0,0
129,10,2,0.4208,9.95897,0,0
129,11,1,0.4208,30.0321,0,0
129,12,2,0.4208,10.0304,0,0
129,13,3,0.4208,10.0304,0,0
129,14,1,0.4208,30.0321,0,0
129,15,2,0.4208,30.0313,0,0
129,16,0,0,0,0,0
129,17,2,0.4208,9.38754,0,0
129,18,3,0.4208,10.0313,0,0
129,19,3,0.4208,9.95897,0,0
130,0,3,0.4208,10.0313,0,0
130,1,3,0.4208,9.88754,0,0
130,2,1,0.4208,29.9598,0,0
130,3,0,0,0,0,0
130,4,2,0.4208,29.8875,0,0
130,5,1,0.4208,30.0313,0,0
130,6,2,0.4208,10.0304,0,0
130,7,3,0.4208,10.0304,0,0
130,8,2,0.4208,29.959,0,0
130,9,3,0.4208,9.95897,0,0
130,10,2,0.4208,9.95897,0,0
130,11,1,0.4208,30.0321,0,0
130,12,2,0.4208,10.0304,0,0
130,13,3,0.4208,10.0304,0,0
130,14,1,0.4208,30.0316,0,0
130,15,2,0.4208,30.0313,0,0
130,16,0,0,0,0,0
130,17,2,0.4208,9.38754,0,0
130,18,3,0.33664,15.0319,0,0
130,19,3,0.4208,9.95897,0,0
131,0,3,0.4208,10.0313,0,0
131,1,3,0.4208,9.88754,0,0
131,2,1,0.4208,29.9598,0,0
131,3,0,0,0,0,0
131,4,2,0.4208,29.8875,0,0
131,5,1,0.4208,30.0313,0,0
131,6,2,0.4208,10.0304,0,0
131,7,3,0.4208,10.0304,0,0
131,8,2,0.4208,29.959,0,0
131,9,3,0.4208,9.95897,0,0
131,10,2,0.4208,9.95897,0,0
131,11,1,0.4208,30.0321,0,0
131,12,2,0.4208,10.0304,0,0
131,13,3,0.4208,10.0304,0,0
131,14,1,0.4208,30.0313,0,0
131,15,2,0.4208,30.0313,0,0
131,16,0,0,0,0,0
131,17,2,0.4208,9.45897,0,0
131,18,3,0.50496,20.0326,0,0
131,19,3,0.4208,9.95897,0,0
132,0,3,0.4208,10.0313,0,0
132,1,3,0.4208,9.88754,0,0
132,2,1,0.4208,29.9598,0,0
132,3,0,0,0,0,0
132,4,2,0.4208,29.8875,0,0
132,5,1,0.4208,30.0313,0,0
132,6,2,0.4208,10.0304,0,0
132,7,3,0.4208,10.0304,0,0
132,8,2,0.4208,29.959,0,0
132,9,3,0.4208,9.95897,0,0
132,10,2,0.4208,9.95897,0,0
132,11,1,0.4208,30.0321,0,0
132,12,2,0.4208,10.0304,0,0
132,13,3,0.4208,10.0304,0,0
132,14,1,0.4208,30.0313,0,0
132,15,2,0.4208,30.0313,0,0
132,16,0,0,0,0,0
132,17,2,0.4208,9.41612,0,0
132,18,3,0.33664,20.0326,0,0
132,19,3,0.4208,9.95897,0,0
133,0,3,0.4208,10.0313,0,0
133,1,3,0.4208,9.88754,0,0
133,2,1,0.4208,29.9598,0,0
133,3,0,0,0,0,0
133,4,2,0.4208,29.8875,0,0
133,5,1,0.4208,30.0313,0,0
133,6,2,0.4208,10.0304,0,0
133,7,3,0.4208,10.0304,0,0
133,8,2,0.4208,29.959,0,0
133,9,3,0.4208,9.95897,0,0
133,10,2,0.4208,9.95897,0,0
133,11,1,0.4208,30.0321,0,0
133,12,2,0.4208,10.0304,0,0
133,13,3,0.4208,10.0304,0,0
133,14,1,0.4208,30.0313,0,0
133,15,2,0.4208,30.0313,0,0
133,16,0,0,0,0,0
133,17,2,0.4208,9.4304,0,0
133,18,3,0.50496,20.0326,0,0
133,19,3,0.4208,9.95897,0,0
134,0,3,0.4208,10.0313,0,0
134,1,3,0.4208,9.88754,0,0
134,2,1,0.4208,29.9598,0,0
134,3,0,0,0,0,0
134,4,2,0.4208,29.8875,0,0
134,5,1,0.4208,30.0313,0,0
134,6,2,0.4208,10.0304,0,0
134,7,3,0.4208,10.0304,0,0
134,8,2,0.4208,29.959,0,0
134,9,3,0.4208,9.95897,0,0
134,10,2,0.4208,9.95897,0,0
134,11,1,0.4208,30.0321,0,0
134,12,2,0.4208,10.0304,0,0
134,13,3,0.4208,10.0304,0,0
134,14,1,0.4208,30.0313,0,0
134,15,2,0.4208,30.0313,0,0
134,16,0,0,0,0,0
134,17,2,0.4208,9.4304,0,0
134,18,3,0.33664,20.0326,0,0
134,19,3,0.4208,9.95897,0,0
135,0,3,0.4208,10.0313,0,0
135,1,3,0.4208,9.88754,0,0
135,2,1,0.4208,29.9598,0,0
135,3,0,0,0,0,0
135,4,2,0.4208,29.8875,0,0
135,5,1,0.4208,30.0313,0,0
135,6,2,0.4208,10.0304,0,0
135,7,3,0.4208,10.0304,0,0
135,8,2,0.4208,29.959,0,0
135,9,3,0.4208,9.95897,0,0
135,10,2,0.4208,9.95897,0,0
135,11,1,0.4208,30.0321,0,0
135,12,2,0.4208,10.0304,0,0
135,13,3,0.4208,10.0304,0,0
135,14,1,0.4208,30.0313,0,0
135,15,2,0.4208,30.0313,0,0
135,16,0,0,0,0,0
135,17,2,0.4208,9.4304,0,0
135,18,3,0.50496,20.0326,0,0
135,19,3,0.4208,9.95897,0,0
136,0,3,0.4208,10.0313,0,0
136,1,3,0.4208,9.88754,0,0
136,2,1,0.4208,29.9598,0,0
136,3,0,0,0,0,0
136,4,2,0.4208,29.8875,0,0
136,5,1,0.4208,30.0313,0,0
136,6,2,0.4208,10.0304,0,0
136,7,3,0.4208,10.0304,0,0
136,8,2,0.4208,29.959,0,0
136,9,3,0.4208,9.95897,0,0
136,10,2,0.4208,9.95897,0,0
136,11,1,0.4208,30.0321,0,0
136,12,2,0.4208,10.0304,0,0
136,13,3,0.4208,10.0304,0,0
136,14,1,0.4208,30.0313,0,0
136,15,2,0.4208,30.0313,0,0
136,16,0,0,0,0,0
136,17,2,0.4208,9.44469,0,0
136,18,3,0.33664,20.0326,0,0
136,19,3,0.4208,9.95897,0,0
137,0,3,0.4208,10.0313,0,0
137,1,3,0.4208,9.88754,0,0
137,2,3,0.4208,17.96,0,1
137,3,0,0,0,0,0
137,4,2,0.4208,29.8875,0,0
137,5,1,0.4208,30.0313,0,0
137,6,2,0.4208,10.0304,0,0
137,7,3,0.4208,9.98754,0,0
137,8,2,0.4208,29.959,0,0
137,9,3,0.4208,9.95897,0,0
137,10,2,0.4208,9.95897,0,0
137,11,1,0.4208,30.0321,0,0
137,12,2,0.4208,10.0304,0,0
137,13,3,0.4208,10.0304,0,0
137,14,1,0.4208,30.0316,0.2,0
137,15,2,0.4208,30.0313,0,0
137,16,0,0,0,0,0
137,17,2,0.4208,9.44469,0,0
137,18,3,0.50496,16.6988,0,0
137,19,3,0.4208,10.0018,0,0
138,0,3,0.4208,10.0313,0,0
138,1,3,0.4208,9.88754,0,0
138,2,3,0.4208,9.95984,0,0
138,3,0,0,0,0,0
138,4,2,0.4208,29.8875,0,0
138,5,1,0.4208,30.0313,0,0
138,6,2,0.4208,10.0304,0,0
138,7,3,0.4208,9.95897,0,0
138,8,2,0.4208,29.959,0,0
138,9,3,0.4208,9.95897,0,0
138,10,2,0.4208,9.95897,0,0
138,11,1,0.4208,30.0321,0,0
138,12,2,0.4208,10.0304,0,0
138,13,3,0.4208,10.0304,0,0
138,14,1,0.4208,30.0321,0,0
138,15,2,0.4208,30.0313,0,0
138,16,0,0,0,0,0
138,17,2,0.4208,9.4304,0,0
138,18,3,0.4208,10.0313,0,0
138,19,3,0.4208,10.0304,0,0
139,0,3,0.4208,10.0313,0,0
139,1,3,0.4208,9.88754,0,0
139,2,3,0.4208,9.95984,0,0
139,3,0,0,0,0.4,0
139,4,2,0.4208,29.8875,0,0
139,5,1,0.4208,30.0313,0,0
139,6,2,0.4208,10.0304,0,0
139,7,3,0.4208,9.95897,0,0
139,8,2,0.4208,29.959,0,0
139,9,3,0.4208,9.95897,0,0
139,10,2,0.4208,9.95897,0,0
139,11,1,0.4208,30.0321,0,0
139,12,2,0.4208,10.0304,0,0
139,13,3,0.4208,10.0304,0,0
139,14,1,0.4208,30.0321,0,0
139,15,2,0.4208,30.0313,0,0
139,16,0,0,0,0,0
139,17,2,0.4208,9.44469,0,0
139,18,3,0.4208,10.0313,0,0
139,19,3,0.4208,10.0304,0,0
140,0,3,0.4208,10.0313,0,0
140,1,3,0.4208,9.88754,0,0
140,2,3,0.4208,9.95984,0,0
140,3,0,0,0,0,0
140,4,2,0.4208,29.8875,0,0
140,5,1,0.4208,30.0313,0,0
140,6,2,0.4208,10.0304,0,0
140,7,3,0.4208,9.95897,0,0
140,8,2,0.4208,29.959,0,0
140,9,3,0.4208,9.95897,0,0
140,10,2,0.4208,9.95897,0,0
140,11,1,0.4208,30.0321,0,0
140,12,2,0.4208,10.0304,0,0
140,13,3,0.4208,10.0304,0,0
140,14,1,0.4208,30.0321,0,0
140,15,2,0.4208,30.0313,0,0
140,16,0,0,0,0,0
140,17,2,0.4208,9.45897,0,0
140,18,3,0.4208,10.0313,0,0
140,19,3,0.4208,10.0304,0,0
141,0,3,0.4208,10.0313,0,0
141,1,3,0.4208,9.88754,0,0
141,2,3,0.4208,9.95984,0,0
141,3,0,0,0,0,0
141,4,2,0.4208,29.8875,0,0
141,5,1,0.4208,30.0313,0,0
141,6,2,0.4208,10.0304,0,0
141,7,3,0.4208,9.95897,0,0
141,8,2,0.4208,29.959,0,0
141,9,3,0.4208,9.95897,0,0
141,10,2,0.4208,9.95897,0,0
141,11,1,0.4208,30.0321,0,0
141,12,2,0.4208,10.0304,0,0
141,13,3,0.4208,10.0304,0,0
141,14,1,0.4208,30.0321,0,0
141,15,2,0.4208,30.0313,0,0
141,16,0,0,0,0,0
141,17,2,0.4208,9.45897,0,0
141,18,3,0.4208,10.0313,0,0
141,19,3,0.4208,10.0304,0,0
142,0,3,0.4208,10.0313,0,0
142,1,3,0.4208,9.88754,0,0
142,2,3,0.4208,9.95984,0,0
142,3,0,0,0,0,0
142,4,2,0.4208,29.8875,0,0
142,5,1,0.4208,30.0313,0,0
142,6,2,0.4208,10.0304,0,0
142,7,3,0.4208,9.95897,0,0
142,8,2,0.4208,29.959,0,0
142,9,3,0.4208,9.95897,0,0
142,10,2,0.4208,9.95897,0,0
142,11,1,0.4208,30.0321,0,0
142,12,2,0.4208,10.0304,0,0
142,13,3,0.4208,10.0304,0,0
142,14,1,0.4208,30.0316,0,0
142,15,2,0.4208,30.0313,0,0
142,16,0,0,0,0,0
142,17,2,0.4208,9.44469,0,0
142,18,3,0.33664,15.0319,0,0
142,19,3,0.4208,10.0304,0,0
143,0,3,0.4208,10.0313,0,0
143,1,3,0.4208,9.88754,0,0
143,2,3,0.4208,9.95984,0,0
143,3,0,0,0,0,0
143,4,2,0.4208,29.8875,0,0
143,5,1,0.4208,30.0313,0,0
143,6,2,0.4208,10.0304,0,0
143,7,3,0.4208,9.95897,0,0
143,8,2,0.4208,29.959,0,0
143,9,3,0.4208,9.95897,0,0
143,10,2,0.4208,9.95897,0,0
143,11,1,0.4208,30.032,0,0
143,12,2,0.4208,10.0304,0,0
143,13,3,0.4208,10.0304,0,0
143,14,1,0.4208,30.0313,0,0
143,15,0,0.33664,30.0313,0,0
143,16,0,0,0,0,0
143,17,2,0.4208,9.45897,0,0
143,18,3,0.50496,20.0326,0,0
143,19,3,0.4208,10.0304,0,0
144,0,3,0.4208,10.0313,0,0
144,1,3,0.4208,9.88754,0,0
144,2,3,0.4208,9.95984,0,0
144,3,0,0,0,0,0
144,4,2,0.4208,29.8875,0,0
144,5,1,0.4208,30.0313,0,0
144,6,2,0.4208,10.0304,0,0
144,7,3,0.4208,9.95897,0,0
144,8,2,0.4208,29.959,0,0
144,9,3,0.4208,9.95897,0,0
144,10,2,0.4208,9.95897,0,0
144,11,1,0.4208,30.0316,0,0
144,12,2,0.4208,10.0304,0,0
144,13,3,0.4208,10.0304,0,0
144,14,1,0.4208,30.0313,0,0
144,15,2,0.16832,30.0313,0,0
144,16,0,0,0,0,0
144,17,2,0.4208,9.44469,0,0
144,18,3,0.33664,20.0326,0,0
144,19,3,0.4208,10.0304,0,0
145,0,3,0.4208,10.0313,0,0
145,1,3,0.4208,9.88754,0,0
145,2,3,0.4208,9.95984,0,0
145,3,0,0,0,0,0
145,4,2,0.4208,29.8875,0,0
145,5,1,0.4208,30.0313,0,0
145,6,2,0.4208,10.0304,0,0
145,7,3,0.4208,9.95897,0,0
145,8,2,0.4208,29.959,0,0
145,9,3,0.4208,9.95897,0,0
145,10,2,0.4208,9.95897,0,0
145,11,1,0.4208,30.0321,0,0
145,12,2,0.4208,10.0304,0,0
145,13,3,0.4208,10.0304,0,0
145,14,1,0.4208,30.0316,0,0
145,15,2,0.4208,30.0313,0,0
145,16,0,0,0,0,0
145,17,2,0.4208,9.45897,0,0
145,18,3,0.50496,16.6988,0,0
145,19,3,0.4208,10.0304,0,0
146,0,3,0.4208,10.0313,0,0
146,1,3,0.4208,9.88754,0,0
146,2,3,0.4208,9.95984,0,0
146,3,0,0,0,0,0
146,4,2,0.4208,29.8875,0,0
146,5,1,0.4208,30.0313,0,0
146,6,2,0.4208,10.0304,0,0
146,7,3,0.4208,9.95897,0,0
146,8,2,0.4208,29.959,0,0
146,9,3,0.4208,9.95897,0,0
146,10,2,0.4208,9.95897,0,0
146,11,1,0.4208,30.0321,0,0
146,12,2,0.4208,10.0304,0,0
146,13,3,0.4208,10.0304,0,0
146,14,1,0.4208,30.0316,0,0
146,15,2,0.4208,30.0313,0,0
146,16,0,0,0,0,0
146,17,2,0.4208,9.45897,0,0
146,18,3,0.33664,15.0319,0,0
146,19,3,0.4208,10.0304,0,0
147,0,3,0.4208,10.0313,0,0
147,1,3,0.4208,9.88754,0,0
147,2,3,0.4208,9.95984,0,0
147,3,0,0,0,0,0
147,4,2,0.4208,29.8875,0,0
147,5,1,0.4208,30.0313,0,0
147,6,2,0.4208,10.0304,0,0
147,7,3,0.4208,9.95897,0,0
147,8,2,0.4208,29.959,0,0
147,9,3,0.4208,9.95897,0,0
147,10,2,0.4208,9.95897,0,0
147,11,1,0.4208,30.0321,0,0
147,12,2,0.4208,10.0304,0,0
147,13,3,0.4208,10.0304,0,0
147,14,1,0.4208,30.0316,0,0
147,15,2,0.4208,30.0313,0,0
147,16,0,0,0,0,0
147,17,2,0.4208,9.45897,0,0
147,18,3,0.50496,16.6988,0,0
147,19,3,0.4208,10.0304,0,0
148,0,3,0.4208,10.0313,0,0
148,1,3,0.4208,9.88754,0,0
148,2,3,0.4208,9.87343,0,0
148,3,0,0,0,0,0
148,4,2,0.4208,29.8875,0.6,0
148,5,1,0.4208,30.0313,0,0
148,6,2,0.4208,10.0304,0,0
148,7,3,0.4208,9.95897,0,0
148,8,2,0.4208,29.959,0,0
148,9,3,0.33664,24.959,0,0
148,10,2,0.33664,14.9592,0,0
148,11,1,0.4208,30.0321,0,0
148,12,2,0.4208,10.0304,0,0
148,13,3,0.4208,10.0304,0,0
148,14,1,0.4208,30.0321,0,0
148,15,2,0.4208,30.0313,0,0
148,16,0,0,0,0.6,0
148,17,2,0.4208,9.45897,0,0
148,18,3,0.4208,10.0313,0,0
148,19,3,0.4208,10.0304,0,0
149,0,3,0.4208,10.0313,0,0
149,1,3,0.4208,9.88754,0,0
149,2,3,0.4208,9.94468,0,0
149,3,0,0,0,0,0
149,4,2,0.4208,29.8875,1,0
149,5,1,0.4208,30.0313,0,0
149,6,2,0.4208,10.0304,0,0
149,7,3,0.4208,9.95897,0,0
149,8,2,0.4208,29.959,0,0
149,9,3,0.50496,16.6258,0,0
149,10,2,0.50496,16.6265,0,0
149,11,1,0.4208,30.0321,0,0
149,12,2,0.4208,10.0304,0,0
149,13,3,0.4208,10.0304,0,0
149,14,1,0.4208,30.0318,0,0
149,15,2,0.4208,30.0313,0,0
149,16,0,0,0,1,0
149,17,2,0.4208,9.50183,0,0
149,18,3,0.4208,14.0318,0,0
149,19,3,0.4208,10.0304,0,0
150,0,3,0.4208,10.0313,0,0
150,1,3,0.4208,9.88754,0,0
150,2,3,0.4208,9.95897,0,0
150,3,0,0,0,0,0
150,4,2,0.4208,29.8875,0.6,0
150,5,1,0.4208,30.0313,0,0
150,6,2,0.4208,10.0304,0,0
150,7,3,0.4208,9.95897,0,0
150,8,2,0.4208,29.959,0,0
150,9,3,0.4208,9.95897,0,0
150,10,2,0.4208,9.95984,0,0
150,11,1,0.4208,30.0321,0,0
150,12,2,0.4208,10.0304,0,0
150,13,3,0.4208,10.0304,0,0
150,14,1,0.4208,30.0318,0,0
150,15,2,0.4208,30.0313,0,0
150,16,0,0,0,0.6,0
150,17,2,0.4208,9.45897,0,0
150,18,3,0.4208,14.0318,0,0
150,19,3,0.4208,10.0304,0,0
151,0,3,0.4208,10.0313,0,0
151,1,3,0.4208,9.88754,0,0
151,2,3,0.4208,9.85897,0,0
151,3,0,0,0,0,0
151,4,2,0.4208,29.8875,0,0
151,5,1,0.4208,30.0313,0,0
151,6,2,0.4208,10.0304,0,0
151,7,3,0.4208,9.95897,0,0
151,8,2,0.4208,29.959,0,0
151,9,3,0.33664,24.959,0,0
151,10,2,0.4208,13.9593,0,0
151,11,1,0.4208,30.0321,0,0
151,12,2,0.4208,10.0304,0,0
151,13,3,0.4208,10.0304,0,0
151,14,1,0.4208,30.0316,0,0
151,15,2,0.4208,30.0313,0,0
151,16,0,0,0,0,0
151,17,2,0.4208,9.45897,0,0
151,18,3,0.33664,15.0319,0,0
151,19,3,0.4208,10.0304,0,0
152,0,3,0.4208,10.0313,0,0
152,1,3,0.4208,9.88754,0,0
152,2,3,0.4208,9.81611,0,0
152,3,0,0,0,0,0
152,4,2,0.4208,29.8875,0,0
152,5,1,0.4208,30.0313,0,0
152,6,2,0.4208,10.0304,0,0
152,7,3,0.4208,9.95897,0,0
152,8,2,0.4208,29.959,0,0
152,9,3,0.4208,29.959,0,0
152,10,2,0.4208,9.95897,0,0
152,11,1,0.4208,30.0321,0,0
152,12,2,0.4208,10.0304,0,0
152,13,3,0.4208,10.0304,0,0
152,14,1,0.4208,30.0316,0,0
152,15,2,0.4208,30.0313,0,0
152,16,0,0,0,0,0
152,17,2,0.4208,9.45897,0,0
152,18,3,0.50496,16.6988,0,0
152,19,3,0.4208,10.0304,0,0
153,0,3,0.4208,10.0313,0,0
153,1,3,0.4208,9.88754,0,0
153,2,3,0.4208,9.94468,0,0
153,3,0,0,0,0,0
153,4,2,0.4208,29.8875,0,0
153,5,1,0.4208,30.0313,0,0
153,6,2,0.4208,10.0304,0,0
153,7,3,0.4208,9.95897,0,0
153,8,2,0.4208,29.959,0,0
153,9,3,0.50496,16.6258,0,0
153,10,2,0.4208,13.9598,0,0
153,11,1,0.4208,30.0321,0,0
153,12,2,0.4208,10.0304,0,0
153,13,3,0.4208,10.0304,0,0
153,14,1,0.4208,30.0321,0,0
153,15,2,0.4208,30.0313,0,0
153,16,0,0,0,0,0
153,17,2,0.4208,9.45897,0,0
153,18,3,0.4208,10.0313,0,0
153,19,3,0.4208,10.0304,0,0
154,0,3,0.4208,10.0313,0,0
154,1,3,0.4208,9.88754,0,0
154,2,3,0.4208,9.8304,0,0
154,3,0,0,0,0.4,0
154,4,2,0.4208,29.8875,0,0
154,5,1,0.4208,30.0313,0,0
154,6,2,0.4208,10.0304,0,0
154,7,3,0.4208,9.95897,0,0
154,8,2,0.4208,29.959,0,0
154,9,3,0.33664,24.959,0,0
154,10,2,0.4208,9.95914,0,0
154,11,1,0.4208,30.0321,0,0
154,12,2,0.4208,10.0304,0,0
154,13,3,0.4208,10.0304,0,0
154,14,1,0.4208,30.0318,0,0
154,15,2,0.4208,30.0313,0,0
154,16,0,0,0,0,0
154,17,2,0.4208,9.47326,0,0
154,18,3,0.4208,14.0318,0,0
154,19,3,0.4208,10.0304,0,0
155,0,3,0.4208,10.0313,0,0
155,1,3,0.4208,9.88754,0,0
155,2,3,0.4208,9.95897,0,0
155,3,0,0,0,0,0
155,4,0,0.25248,29.8875,0,0
155,5,1,0.4208,30.0313,0,0
155,6,2,0.4208,10.0304,0,0
155,7,3,0.4208,9.95897,0,0
155,8,2,0.4208,29.959,0.4,0
155,9,3,0.50496,16.6258,0,0
155,10,2,0.4208,9.95984,0,0
155,11,1,0.4208,30.0321,0,0
155,12,2,0.4208,10.0304,0,0
155,13,3,0.4208,10.0304,0,0
155,14,1,0.4208,30.0318,0,0
155,15,2,0.4208,30.0313,0,0
155,16,0,0,0,0,0
155,17,2,0.4208,9.4304,0,0
155,18,3,0.4208,14.0318,0,0
155,19,3,0.4208,10.0304,0,0
156,0,3,0.4208,10.0311,0,0
156,1,3,0.4208,9.88754,0,0
156,2,3,0.4208,9.95897,0,0
156,3,0,0,0,0,0
156,4,2,0.16832,29.9233,0,0
156,5,1,0.4208,30.0314,0,0
156,6,2,0.4208,10.0304,0,0
156,7,3,0.4208,9.95897,0,0
156,8,0,0.33664,29.7983,1,0
156,9,3,0.4208,9.95897,0,0
156,10,2,0.4208,9.95984,0,0
156,11,1,0.4208,30.032,0,0
156,12,2,0.4208,9.90183,0,0
156,13,3,0.4208,10.0306,0,0
156,14,1,0.4208,30.0321,0,0
156,15,2,0.4208,30.017,0,0
156,16,0,0,0,0,0
156,17,2,0.4208,9.55897,0,0
156,18,3,0.4208,10.0313,0,0
156,19,3,0.4208,10.0304,0,0
157,0,3,0.4208,10.0313,0,0
157,1,3,0.4208,9.88754,0,0
157,2,3,0.4208,9.8304,0,0
157,3,0,0,0,0,0
157,4,2,0.4208,29.959,0,0
157,5,1,0.4208,30.0321,0,0
157,6,2,0.4208,10.0304,0,0
157,7,3,0.4208,9.95897,0,0
157,8,0,0,0,1,0
157,9,3,0.33664,24.959,0,0
157,10,2,0.4208,9.95914,0,0
157,11,1,0.4208,30.0314,0,0
157,12,2,0.4208,10.0304,0,0
157,13,3,0.4208,10.0313,0,0
157,14,1,0.4208,30.0316,0.2,0
157,15,2,0.4208,30.032,0,0
157,16,0,0,0,0,0
157,17,2,0.4208,10.0304,0,0
157,18,3,0.33664,15.0319,0,0
157,19,3,0.4208,10.0304,0,0
158,0,3,0.4208,10.0309,0,0
158,1,3,0.4208,9.88754,0,0
158,2,3,0.4208,9.94468,0,0
158,3,0,0,0,0,0
158,4,2,0.4208,29.9163,0,0
158,5,1,0.4208,30.032,0,0
158,6,2,0.4208,10.0304,0,0
158,7,3,0.4208,9.95897,0,0
158,8,2,0,0,1,0
158,9,3,0.50496,16.6258,0,0
158,10,2,0.4208,13.9598,0,0
158,11,1,0.4208,30.0314,0,0
158,12,2,0.4208,9.94468,0,0
158,13,3,0.4208,10.0311,0,0
158,14,1,0.4208,30.0316,1,0
158,15,2,0.4208,30.0175,0,0
158,16,0,0,0,0,0
158,17,2,0.4208,9.90183,0,0
158,18,3,0.50496,16.6988,0,0
158,19,3,0.4208,10.0304,0,0
159,0,3,0.4208,10.0304,0,0
159,1,3,0.4208,9.88754,0,0
159,2,3,0.4208,9.95897,0,0
159,3,0,0,0,0,0
159,4,2,0.4208,30.0313,0,0
159,5,1,0.4208,30.0313,0,0
159,6,2,0.4208,10.0304,0,0
159,7,3,0.4208,9.95897,0,0
159,8,2,0.4208,29.959,1,0
159,9,3,0.4208,9.95897,0,0
159,10,2,0.4208,9.95984,0,0
159,11,1,0.4208,30.0314,0,0
159,12,2,0.4208,9.88754,0,0
159,13,3,0.4208,10.0304,0,0
159,14,0,0.16832,30.0321,1,0
159,15,2,0.4208,30.032,0,0
159,16,0,0,0,0,0
159,17,2,0.4208,9.38754,0,0
159,18,3,0.33664,15.0315,0,0
159,19,3,0.4208,10.0304,0,0
160,0,3,0.4208,10.0304,0,0
160,1,3,0.4208,9.88754,0,0
160,2,3,0.4208,9.84468,0,0
160,3,0,0,0,0,0
160,4,2,0.4208,30.0313,0,0
160,5,1,0.4208,30.0313,0,0
160,6,2,0.4208,10.0304,0,0
160,7,3,0.4208,9.95897,0,0
160,8,2,0.4208,29.959,1,0
160,9,3,0.33664,24.959,0,0
160,10,2,0.4208,9.95914,0,0
160,11,1,0.4208,30.017,0,0
160,12,2,0.4208,9.88754,0,0
160,13,3,0.4208,10.0304,0,0
160,14,1,0.16832,30.0321,1,0
160,15,2,0.4208,30.032,0,0
160,16,0,0,0,0,0
160,17,2,0.4208,9.38754,0,0
160,18,3,0.50496,16.6982,0,0
160,19,3,0.4208,10.0304,0,0
161,0,3,0.4208,10.0304,0,0
161,1,3,0.4208,9.88754,0,0
161,2,3,0.4208,9.94468,0,0
161,3,0,0,0,0,0
161,4,2,0.4208,30.0313,0,0
161,5,1,0.4208,30.0313,0,0
161,6,2,0.4208,10.0304,0,0
161,7,3,0.4208,9.95897,0,0
161,8,2,0.4208,29.959,1,0
161,9,3,0.50496,16.6258,0,0
161,10,2,0.4208,13.9598,0,0
161,11,1,0.4208,30.0313,0,0
161,12,2,0.4208,9.88754,0,0
161,13,3,0.4208,10.0304,0,0
161,14,1,0.4208,30.0316,1,0
161,15,2,0.4208,30.0321,0,0
161,16,0,0,0,0,0
161,17,2,0.4208,9.38755,0,0
161,18,3,0.33664,15.0319,0,0
161,19,3,0.4208,10.0304,0,0
162,0,3,0.4208,10.0304,0,0
162,1,3,0.4208,9.88754,0,0
162,2,3,0.4208,9.95897,0,0
162,3,0,0,0,0,0
162,4,2,0.4208,30.0313,0,0
162,5,1,0.4208,30.0313,0,0
162,6,2,0.4208,10.0304,0,0
162,7,3,0.4208,9.95897,0,0
162,8,2,0.4208,29.959,1,0
162,9,3,0.4208,9.95897,0,0
162,10,2,0.4208,9.95984,0,0
162,11,1,0.4208,30.0314,0,0
162,12,2,0.4208,9.8304,0,0
162,13,3,0.4208,10.0304,0,0
162,14,1,0.4208,30.0313,1,0
162,15,2,0.4208,30.0175,0,0
162,16,2,0,0,0,0
162,17,2,0.4208,9.40183,0,0
162,18,3,0.50496,20.0326,0,0
162,19,3,0.4208,10.0304,0,0
163,0,3,0.4208,10.0304,0,0
163,1,3,0.4208,9.88754,0,0
163,2,3,0.4208,9.95897,0,0
163,3,0,0,0,0,0
163,4,2,0.4208,30.0313,0,0
163,5,1,0.4208,30.0313,0,0
163,6,2,0.4208,10.0304,0,0
163,7,3,0.4208,9.95897,0,0
163,8,2,0.4208,29.959,1,0
163,9,3,0.4208,9.95897,0,0
163,10,2,0.4208,9.95984,0.2,0
163,11,1,0.4208,30.0321,0,0
163,12,2,0.4208,9.88754,0,0
163,13,3,0.4208,10.0304,0,0
163,14,1,0.4208,30.0313,1,0
163,15,2,0.4208,30.0313,0,0
163,16,2,0.4208,29.8161,0,0
163,17,2,0.4208,9.38754,0,0
163,18,3,0.33664,20.0326,0,0
163,19,3,0.4208,10.0304,0,0
164,0,3,0.4208,10.0304,0,0
164,1,3,0.4208,9.88754,0,0
164,2,3,0.4208,9.95897,0,0
164,3,0,0,0,0,0
164,4,2,0.4208,29.8875,0,0
164,5,1,0.4208,30.0321,0,0
164,6,2,0.4208,10.0304,0,0
164,7,3,0.4208,9.95897,0,0
164,8,2,0.4208,30.0313,1,0
164,9,3,0.4208,9.95897,0,0
164,10,2,0.4208,9.95984,0,0
164,11,1,0.4208,30.0321,0,0
164,12,2,0.4208,9.95897,0,0
164,13,3,0.4208,10.0313,0,0
164,14,1,0.4208,30.0313,1,0
164,15,2,0.4208,30.0313,0,0
164,16,2,0.4208,29.8161,0,0
164,17,2,0.4208,10.0304,0,0
164,18,3,0.50496,20.0326,0,0
164,19,3,0.4208,10.0304,0,0
165,0,3,0.4208,10.0304,0,0
165,1,3,0.4208,9.88754,0,0
165,2,3,0.4208,9.95897,0,0
165,3,0,0,0,0,0
165,4,2,0.4208,30.0313,0,0
165,5,1,0.4208,30.0313,0,0
165,6,2,0.4208,10.0304,0,0
165,7,3,0.4208,9.95897,0,0
165,8,2,0.4208,29.959,1,0
165,9,3,0.4208,9.95897,0,0
165,10,2,0.4208,9.95984,0,0
165,11,1,0.4208,30.0321,0,0
165,12,2,0.4208,9.88754,0,0
165,13,3,0.4208,10.0304,0,0
165,14,1,0.4208,30.0313,1,0
165,15,2,0.4208,30.0313,0,0
165,16,2,0.4208,29.8161,0,0
165,17,2,0.4208,9.40183,0,0
165,18,3,0.33664,20.0326,0,0
165,19,3,0.4208,10.0304,0,0
166,0,3,0.4208,10.0304,0,0
166,1,3,0.4208,9.88754,0,0
166,2,1,0.33664,9.83397,0,1
166,3,0,0,0,0,0
166,4,2,0.4208,30.0313,0,0
166,5,1,0.4208,30.0313,0,0
166,6,2,0.4208,10.0304,0,0
166,7,3,0.4208,9.95897,0,0
166,8,2,0.4208,29.959,1,0
166,9,3,0.33664,24.959,0,0
166,10,2,0.4208,9.95914,0,0
166,11,1,0.4208,30.0321,0,0
166,12,2,0.4208,9.88754,0,0
166,13,3,0.4208,10.0304,0,0
166,14,1,0.50496,30.0194,1,0
166,15,2,0.4208,30.0313,0,0
166,16,2,0.4208,29.8161,0,0
166,17,2,0.4208,9.40183,0,0
166,18,3,0.50496,20.0326,0,0
166,19,3,0.4208,10.0304,0,0
167,0,3,0.4208,10.0304,0,0
167,1,3,0.4208,9.88754,0,0
167,2,1,0.4208,14.032,0,0
167,3,0,0,0,0,0
167,4,2,0.4208,30.0313,0,0
167,5,1,0.4208,30.0313,0,0
167,6,2,0.4208,10.0304,0,0
167,7,3,0.4208,9.95897,0,0
167,8,2,0.4208,29.959,1,0
167,9,3,0.4208,29.959,0,0
167,10,2,0.4208,9.95897,0,0
167,11,1,0.4208,30.0321,0,0
167,12,2,0.4208,9.88754,0,0
167,13,3,0.4208,10.0304,0,0
167,14,1,0.4208,29.9598,1,0
167,15,2,0.4208,30.0313,0,0
167,16,2,0.4208,29.8161,0,0
167,17,2,0.4208,9.40183,0,0
167,18,3,0.33664,20.0324,0,0
167,19,3,0.4208,10.0304,0,0
168,0,3,0.4208,10.0304,0,0
168,1,3,0.4208,9.88754,0,0
168,2,1,0.4208,18.032,0,0
168,3,0,0,0,0,0
168,4,2,0.4208,30.0313,0,0
168,5,1,0.4208,30.0313,0,0
168,6,2,0.4208,10.0304,0,0
168,7,3,0.4208,9.95897,0,0
168,8,2,0.4208,29.959,1,0
168,9,3,0.50496,16.6258,0,0
168,10,2,0.4208,13.9595,0,0
168,11,1,0.4208,30.0321,0,0
168,12,2,0.4208,9.88754,0,0
168,13,3,0.4208,10.0304,0,0
168,14,1,0.4208,29.9595,1,0
168,15,2,0.4208,30.0313,0,0
168,16,2,0.4208,29.8161,0,0
168,17,2,0.4208,9.38754,0,0
168,18,3,0.50496,20.0321,0,0
168,19,3,0.4208,10.0304,0,0
169,0,3,0.4208,10.0304,0,0
169,1,3,0.4208,9.88754,0,0
169,2,1,0.4208,14.0316,0,0
169,3,0,0,0,0,0
169,4,2,0.4208,30.0313,0,0
169,5,1,0.4208,30.0313,0,0
169,6,2,0.4208,10.0304,0,0
169,7,3,0.4208,9.95897,0,0
169,8,2,0.4208,29.959,1,0
169,9,3,0.33664,24.959,0,0
169,10,2,0.4208,9.95897,0,0
169,11,1,0.4208,30.0321,0,0
169,12,2,0.4208,9.88754,0,0
169,13,3,0.4208,10.0304,0,0
169,14,1,0.4208,29.9598,1,0
169,15,2,0.4208,30.0313,0,0
169,16,2,0.4208,29.8161,0,0
169,17,2,0.4208,9.38754,0,0
169,18,3,0.33664,20.0328,0,0
169,19,3,0.4208,10.0304,0,0
170,0,3,0.4208,10.0304,0,0
170,1,3,0.4208,9.88754,0,0
170,2,1,0.4208,10.0313,0,0
170,3,0,0,0,0,0
170,4,2,0.4208,30.0313,0,0
170,5,1,0.4208,30.0313,0,0
170,6,2,0.4208,10.0304,0,0
170,7,3,0.4208,9.95897,0,0
170,8,2,0.4208,29.959,1,0
170,9,3,0.50496,16.6258,0,0
170,10,2,0.4208,13.9595,0,0
170,11,1,0.4208,30.0321,0,0
170,12,2,0.4208,9.88754,0,0
170,13,3,0.4208,10.0304,0,0
170,14,1,0.4208,29.9595,1,0
170,15,2,0.4208,30.0313,0,0
170,16,2,0.4208,29.8161,0,0
170,17,2,0.4208,9.40183,0,0
170,18,3,0.50496,16.6991,0,0
170,19,3,0.4208,10.0304,0,0
171,0,3,0.4208,10.0304,0,0
171,1,3,0.4208,9.88754,0,0
171,2,1,0.4208,14.0323,0,0
171,3,0,0,0,0,0
171,4,2,0.4208,30.0313,0,0
171,5,1,0.4208,30.0313,0,0
171,6,2,0.4208,10.0304,0,0
171,7,3,0.4208,9.95897,0,0
171,8,2,0.4208,29.959,1,0
171,9,3,0.4208,9.95897,0,0
171,10,2,0.4208,9.95897,0,0
171,11,1,0.4208,30.0321,0,0
171,12,2,0.4208,9.88754,0,0
171,13,3,0.4208,10.0304,0,0
171,14,1,0.4208,29.9598,1,0
171,15,2,0.4208,30.0313,0,0
171,16,2,0.4208,29.8161,0,0
171,17,2,0.4208,9.38754,0,0
171,18,3,0.4208,10.0313,0,0
171,19,3,0.4208,10.0304,0,0
172,0,3,0.4208,10.0304,0,0
172,1,3,0.4208,9.88754,0,0
172,2,1,0.4208,10.0321,0,0
172,3,0,0,0,0,0
172,4,2,0.4208,30.0313,0,0
172,5,1,0.4208,30.0313,0,0
172,6,2,0.4208,10.0304,0,0
172,7,3,0.4208,9.95897,0,0
172,8,2,0.4208,29.959,1,0
172,9,3,0.33664,24.959,0,0
172,10,2,0.4208,13.9595,0,0
172,11,1,0.4208,30.0321,0,0
172,12,2,0.4208,9.88754,0,0
172,13,3,0.4208,10.0304,0,0
172,14,1,0.4208,29.9595,1,0
172,15,2,0.4208,30.0313,0,0
172,16,2,0.4208,29.8161,0,0
172,17,2,0.4208,9.40183,0,0
172,18,3,0.4208,10.0313,0,0
172,19,3,0.4208,10.0304,0,0
173,0,3,0.4208,10.0304,0,0
173,1,3,0.4208,9.88754,0,0
173,2,1,0.4208,10.0321,0,0
173,3,0,0,0,0,0
173,4,2,0.4208,30.0313,0,0
173,5,1,0.4208,30.0313,0,0
173,6,2,0.4208,10.0304,0,0
173,7,3,0.4208,9.95897,0,0
173,8,2,0.4208,29.959,1,0
173,9,3,0.50496,16.6258,0,0
173,10,2,0.4208,13.9595,0,0
173,11,1,0.4208,30.0321,0,0
173,12,2,0.4208,9.88754,0,0
173,13,3,0.4208,10.0304,0,0
173,14,1,0.4208,29.9595,1,0
173,15,2,0.4208,30.0313,0,0
173,16,2,0.4208,29.8161,0,0
173,17,2,0.4208,9.41612,0,0
173,18,3,0.4208,10.0313,0,0
173,19,3,0.4208,10.0304,0,0
174,0,3,0.4208,10.0304,0,0
174,1,3,0.4208,9.88754,0,0
174,2,1,0.4208,10.0321,0,0
174,3,0,0,0,0,0
174,4,2,0.4208,30.0313,0,0
174,5,1,0.4208,30.0313,0,0
174,6,2,0.4208,10.0304,0,0
174,7,3,0.4208,9.95897,0,0
174,8,2,0.4208,29.959,1,0
174,9,3,0.4208,9.95897,0,0
174,10,2,0.4208,9.95897,0,0
174,11,1,0.4208,30.0321,0,0
174,12,2,0.4208,9.88754,0,0
174,13,3,0.4208,10.0304,0,0
174,14,1,0.4208,29.9598,1,0
174,15,2,0.4208,30.0313,0,0
174,16,2,0.4208,29.8161,0,0
174,17,2,0.4208,9.40183,0,0
174,18,3,0.4208,10.0313,0,0
174,19,3,0.4208,10.0304,0,0
175,0,3,0.4208,10.0304,0,0
175,1,3,0.4208,9.88754,0,0
175,2,1,0.4208,10.0321,0,0
175,3,0,0,0,0,0
175,4,2,0.4208,30.0313,0,0
175,5,1,0.4208,30.0313,0,0
175,6,2,0.4208,10.0304,0,0
175,7,3,0.4208,9.95897,0,0
175,8,2,0.4208,29.959,1,0
175,9,3,0.33664,24.959,0,0
175,10,2,0.33664,14.9596,0,0
175,11,1,0.4208,30.032,0,0
175,12,2,0.4208,9.88754,0,0
175,13,3,0.4208,10.0304,0,0
175,14,1,0.4208,29.9593,1,0
175,15,2,0.4208,30.0314,0,0
175,16,2,0.4208,29.8161,0,0
175,17,2,0.4208,9.38754,0,0
175,18,3,0.4208,10.0313,0,0
175,19,3,0.4208,10.0304,0,0
176,0,3,0.4208,10.0304,0,0
176,1,3,0.4208,9.88754,0,0
176,2,1,0.4208,10.0316,0,0
176,3,0,0,0,0,0
176,4,2,0.4208,30.0313,0,0
176,5,1,0.50496,13.3648,0,0
176,6,2,0.4208,10.0304,0,0
176,7,3,0.4208,9.95897,0,0
176,8,2,0.4208,29.959,1,0
176,9,3,0.50496,16.6258,0,0
176,10,2,0.50496,16.6265,0,0
176,11,1,0.4208,30.0313,0,0
176,12,2,0.4208,9.88754,0,0
176,13,3,0.4208,10.0304,0,0
176,14,1,0.4208,29.9593,1,0
176,15,2,0.4208,30.0321,0,0
176,16,2,0.4208,29.8161,0,0
176,17,2,0.4208,9.38755,0,0
176,18,3,0.33664,15.0319,0,0
176,19,3,0.4208,10.0304,0,0
177,0,3,0.4208,10.0304,0,0
177,1,3,0.4208,9.88754,0,0
177,2,1,0.4208,10.0313,0,0
177,3,0,0,0,0,0
177,4,2,0.4208,30.0313,0,0
177,5,1,0.4208,10.0309,0,0
177,6,2,0.4208,10.0304,0,0
177,7,3,0.4208,9.95897,0,0
177,8,2,0.4208,29.959,1,0
177,9,3,0.4208,9.95897,0,0
177,10,2,0.4208,9.95897,0,0
177,11,1,0.4208,30.032,0,0
177,12,2,0.4208,9.88754,0,0
177,13,3,0.4208,14.0309,0,0
177,14,1,0.4208,29.9598,1,0
177,15,2,0.4208,30.0314,0,0
177,16,2,0.4208,29.8161,0,0
177,17,2,0.4208,9.38754,0,0
177,18,3,0.50496,20.0326,0,0
177,19,3,0.4208,10.0304,0,0
178,0,3,0.4208,10.0304,0,0
178,1,3,0.4208,9.88754,0,0
178,2,1,0.4208,10.0313,0,0
178,3,0,0,0,0,0
178,4,2,0.4208,30.0313,0,0
178,5,1,0.4208,10.0304,0,0
178,6,2,0.4208,10.0304,0,0
178,7,3,0.4208,9.95897,0,0
178,8,2,0.4208,29.959,1,0
178,9,3,0.4208,9.95897,0,0
178,10,2,0.4208,9.95897,0,0
178,11,1,0.4208,30.0321,0,0
178,12,2,0.4208,9.88754,0,0
178,13,3,0.33664,30.0313,0,0
178,14,1,0.4208,29.9598,1,0
178,15,2,0.4208,30.0313,0,0
178,16,2,0.4208,29.8161,0,0
178,17,2,0.4208,9.38754,0,0
178,18,3,0.33664,20.0326,0,0
178,19,3,0.4208,10.0304,0,0
179,0,3,0.4208,10.0304,0,0
179,1,3,0.4208,9.88754,0,0
179,2,1,0.4208,10.0313,0,0
179,3,0,0,0,0.4,0
179,4,2,0.4208,30.0313,0,0
179,5,1,0.4208,10.0304,0,0
179,6,2,0.4208,10.0304,0,0
179,7,3,0.4208,9.95897,0,0
179,8,2,0.4208,29.959,1,0
179,9,3,0.4208,9.95897,0,0
179,10,2,0.4208,9.95897,0,0
179,11,1,0.4208,30.0321,0,0
179,12,2,0.4208,9.88754,0,0
179,13,3,0.4208,30.0313,0,0
179,14,1,0.4208,29.9598,1,0
179,15,2,0.4208,30.0313,0,0
179,16,2,0.4208,29.8161,0,0
179,17,2,0.4208,9.40183,0,0
179,18,3,0.50496,20.0326,0,0
179,19,3,0.4208,10.0304,0,0
180,0,3,0.4208,10.0304,0,0
180,1,3,0.4208,9.88754,0,0
180,2,1,0.4208,10.0313,0,0
180,3,0,0,0,0,0
180,4,2,0.4208,30.0313,0,0
180,5,1,0.4208,10.0304,0,0
180,6,2,0.4208,10.0304,0,0
180,7,3,0.4208,9.95897,0,0
180,8,2,0.4208,29.959,1,0
180,9,3,0.4208,9.95897,0,0
180,10,2,0.4208,9.95897,0,0
180,11,1,0.4208,30.0321,0,0
180,12,2,0.4208,9.88754,0,0
180,13,3,0.4208,30.0313,0,0
180,14,1,0.4208,29.9598,1,0
180,15,2,0.4208,30.0313,0,0
180,16,2,0.4208,29.8161,0,0
180,17,2,0.4208,9.40183,0,0
180,18,3,0.4208,18.0325,0,0
180,19,3,0.4208,10.0304,0,0
181,0,3,0.4208,10.0304,0,0
181,1,3,0.4208,9.88754,0,0
181,2,1,0.4208,10.0313,0,0
181,3,0,0,0,0,0
181,4,2,0.4208,30.0313,0,0
181,5,1,0.4208,10.0304,0,0
181,6,2,0.4208,10.0304,0,0
181,7,3,0.4208,9.95897,0,0
181,8,2,0.4208,29.959,1,0
181,9,3,0.4208,9.95897,0,0
181,10,2,0.4208,9.95897,0,0
181,11,1,0.4208,30.0321,0,0
181,12,2,0.4208,9.88754,0,0
181,13,3,0.4208,30.0313,0,0
181,14,1,0.4208,29.9598,1,0
181,15,2,0.4208,30.0313,0,0
181,16,2,0.4208,29.8161,0,0
181,17,2,0.4208,9.40183,0,0
181,18,3,0.4208,14.0323,0,0
181,19,3,0.4208,10.0304,0,0
182,0,3,0.4208,10.0304,0,0
182,1,3,0.4208,9.88754,0,0
182,2,1,0.4208,10.0313,0,0
182,3,0,0,0,0,0
182,4,2,0.4208,30.0313,0,0
182,5,1,0.4208,10.0304,0,0
182,6,2,0.4208,10.0304,0,0
182,7,3,0.4208,9.95897,0,0
182,8,2,0.4208,29.959,1,0
182,9,3,0.33664,24.959,0,0
182,10,2,0.33664,14.9596,0,0
182,11,1,0.4208,30.0321,0,0
182,12,2,0.4208,9.88754,0,0
182,13,3,0.4208,30.0313,0,0
182,14,1,0.4208,29.9593,1,0
182,15,2,0.4208,30.0313,0,0
182,16,2,0.4208,29.8161,0,0
182,17,2,0.4208,9.40183,0,0
182,18,3,0.4208,10.0321,0,0
182,19,3,0.4208,10.0304,0,0
183,0,3,0.4208,10.0304,0,0
183,1,3,0.4208,9.88754,0,0
183,2,1,0.4208,10.0313,0,0
183,3,0,0,0,0,0
183,4,2,0.4208,29.8875,0,0
183,5,1,0.4208,10.0313,0,0
183,6,2,0.4208,10.0304,0,0
183,7,3,0.4208,9.95897,0,0
183,8,2,0.4208,30.0313,1,0
183,9,3,0.50496,16.6258,0,0
183,10,2,0.50496,16.6265,0,0
183,11,1,0.4208,30.0321,0,0
183,12,2,0.4208,9.95897,0,0
183,13,3,0.4208,30.0321,0,0
183,14,1,0.4208,29.9593,1,0
183,15,2,0.4208,30.0313,0,0
183,16,2,0.4208,29.8161,0,0
183,17,2,0.4208,10.0304,0,0
183,18,3,0.4208,10.0321,0,0
183,19,3,0.4208,10.0304,0,0
184,0,3,0.4208,10.0304,0,0
184,1,3,0.4208,9.88754,0,0
184,2,1,0.33664,15.0319,0,0
184,3,0,0,0,0,0
184,4,2,0.4208,30.0313,0,0
184,5,1,0.4208,10.0304,0,0
184,6,2,0.4208,10.0304,0,0
184,7,3,0.4208,9.95897,0,0
184,8,2,0.4208,29.959,1,0
184,9,3,0.4208,9.95897,0,0
184,10,2,0.4208,9.95897,0,0
184,11,1,0.4208,30.0321,0,0
184,12,2,0.4208,9.88754,0,0
184,13,3,0.4208,30.0313,0,0
184,14,1,0.4208,29.9598,1,0
184,15,2,0.4208,30.0313,0,0
184,16,2,0.4208,29.8161,0,0
184,17,2,0.4208,9.41612,0,0
184,18,3,0.4208,10.0316,0,0
184,19,3,0.4208,10.0304,0,0
185,0,3,0.4208,10.0304,0,0
185,1,3,0.4208,9.88754,0,0
185,2,1,0.4208,22.0325,0,0
185,3,0,0,0,0,0
185,4,2,0.4208,30.0313,0,0
185,5,1,0.4208,10.0304,0,0
185,6,2,0.4208,10.0304,0,0
185,7,3,0.4208,9.95897,0,0
185,8,2,0.4208,29.959,1,0
185,9,3,0.33664,24.959,0,0
185,10,2,0.33664,14.9594,0,0
185,11,1,0.4208,30.0321,0,0
185,12,2,0.4208,9.88754,0,0
185,13,3,0.4208,30.0313,0,0
185,14,1,0.4208,29.9595,1,0
185,15,2,0.4208,30.0313,0,0
185,16,2,0.4208,29.8161,0,0
185,17,2,0.4208,9.41612,0,0
185,18,3,0.4208,10.0313,0,0
185,19,3,0.4208,10.0304,0,0
186,0,3,0.4208,10.0304,0,0
186,1,3,0.4208,9.88754,0,0
186,2,1,0.50496,20.0326,0,0
186,3,0,0,0,0,0
186,4,2,0.4208,30.0313,0,0
186,5,1,0.4208,10.0304,0,0
186,6,2,0.4208,10.0304,0,0
186,7,3,0.4208,9.95897,0,0
186,8,2,0.4208,29.959,1,0
186,9,3,0.50496,16.6258,0,0
186,10,2,0.50496,16.6265,0,0
186,11,1,0.4208,30.0316,0,0
186,12,2,0.4208,9.88754,0,0
186,13,3,0.4208,30.0313,0,0
186,14,1,0.4208,29.9593,1,0
186,15,2,0.4208,30.0318,0,0
186,16,2,0.4208,29.8161,0,0
186,17,2,0.4208,9.40183,0,0
186,18,3,0.4208,10.0313,0,0
186,19,3,0.4208,10.0304,0,0
187,0,3,0.4208,10.0304,0,0
187,1,3,0.4208,9.88754,0,0
187,2,1,0.33664,30.0321,0,0
187,3,0,0,0,0,0
187,4,2,0.4208,29.8875,0,0
187,5,1,0.4208,10.0313,0,0
187,6,2,0.4208,10.0304,0,0
187,7,3,0.4208,9.95897,0,0
187,8,2,0.4208,30.0313,1,0
187,9,3,0.4208,9.95897,0,0
187,10,2,0.4208,9.95897,0,0
187,11,1,0.4208,30.0313,0,0
187,12,2,0.4208,9.95897,0,0
187,13,3,0.4208,30.0321,0,0
187,14,1,0.4208,29.9598,1,0
187,15,2,0.4208,30.0321,0,0
187,16,2,0.4208,29.8161,0,0
187,17,2,0.4208,10.0304,0,0
187,18,3,0.4208,10.0313,0,0
187,19,3,0.4208,10.0304,0,0
188,0,3,0.4208,10.0304,0,0
188,1,3,0.4208,9.88754,0,0
188,2,1,0.4208,30.0321,0,0
188,3,0,0,0,0,0
188,4,2,0.4208,30.0313,0,0
188,5,1,0.4208,10.0304,0,0
188,6,2,0.4208,10.0304,0,0
188,7,3,0.4208,9.95897,0,0
188,8,2,0.4208,29.959,1,0
188,9,3,0.33664,24.959,0,0
188,10,2,0.33664,14.9596,0,0
188,11,1,0.4208,30.0313,0,0
188,12,2,0.4208,9.88754,0,0
188,13,3,0.4208,30.0313,0,0
188,14,1,0.4208,29.9593,1,0
188,15,2,0.4208,30.0321,0,0
188,16,2,0.4208,29.8161,0,0
188,17,2,0.4208,9.40183,0,0
188,18,3,0.4208,10.0313,0,0
188,19,3,0.4208,10.0304,0,0
189,0,3,0.4208,10.0304,0,0
189,1,3,0.4208,9.88754,0,0
189,2,1,0.4208,30.0321,0,0
189,3,0,0,0,0,0
189,4,2,0.4208,30.0313,0,0
189,5,1,0.4208,10.0304,0,0
189,6,2,0.4208,10.0304,0,0
189,7,3,0.4208,9.95897,0,0
189,8,2,0.4208,29.959,1,0
189,9,3,0.4208,29.959,0,0
189,10,2,0.50496,19.9603,0,0
189,11,1,0.4208,30.0313,0,0
189,12,2,0.4208,9.88754,0,0
189,13,3,0.4208,30.0313,0,0
189,14,1,0.4208,29.959,1,0
189,15,2,0.4208,30.0321,0,0
189,16,2,0.4208,29.8161,0,0
189,17,2,0.4208,9.41612,0,0
189,18,3,0.4208,10.0313,0,0
189,19,3,0.4208,10.0304,0,0
190,0,3,0.4208,10.0304,0,0
190,1,3,0.4208,9.88754,0,0
190,2,1,0.4208,30.0321,0,0
190,3,0,0,0,0,0
190,4,2,0.4208,30.0313,0,0
190,5,1,0.4208,10.0304,0,0
190,6,2,0.4208,10.0304,0,0
190,7,3,0.4208,9.95897,0,0
190,8,2,0.4208,29.959,1,0
190,9,3,0.50496,16.6258,0,0
190,10,2,0.4208,13.9595,0,0
190,11,1,0.4208,30.0313,0,0
190,12,2,0.4208,9.88754,0,0
190,13,3,0.4208,30.0313,0,0
190,14,1,0.4208,29.9595,1,0
190,15,2,0.4208,30.0321,0,0
190,16,2,0.4208,29.8161,0,0
190,17,2,0.4208,9.44469,0,0
190,18,3,0.4208,10.0313,0,0
190,19,3,0.4208,10.0304,0,0
191,0,3,0.4208,10.0304,0,0
191,1,3,0.4208,9.88754,0,0
191,2,1,0.4208,30.0321,0,0
191,3,0,0,0,0,0
191,4,2,0.4208,29.8875,0,0
191,5,1,0.4208,10.0313,0,0
191,6,2,0.4208,10.0304,0,0
191,7,3,0.4208,9.95897,0,0
191,8,2,0.4208,30.0313,1,0
191,9,3,0.4208,9.95897,0,0
191,10,2,0.4208,9.95897,0,0
191,11,1,0.4208,30.0313,0,0
191,12,2,0.4208,9.95897,0,0
191,13,3,0.4208,30.0321,0,0
191,14,1,0.4208,29.9598,1,0
191,15,2,0.4208,30.0321,0,0
191,16,2,0.4208,29.8161,0,0
191,17,2,0.4208,10.0304,0,0
191,18,3,0.4208,10.0313,0,0
191,19,3,0.4208,10.0304,0,0
192,0,3,0.4208,10.0304,0,0
192,1,3,0.4208,9.88754,0,0
192,2,1,0.4208,26.0323,0,0
192,3,0,0,0,0,0
192,4,2,0.4208,30.0313,0,0
192,5,1,0.4208,10.0304,0,0
192,6,2,0.4208,10.0304,0,0
192,7,3,0.4208,9.95897,0,0
192,8,2,0.4208,29.959,1,0
192,9,3,0.33664,24.959,0,0
192,10,2,0.33664,14.9596,0,0
192,11,1,0.4208,30.0313,0,0
192,12,2,0.4208,9.88754,0,0
192,13,3,0.4208,30.0313,0,0
192,14,1,0.4208,29.9593,1,0
192,15,2,0.4208,30.0321,0,0
192,16,2,0.4208,29.8161,0,0
192,17,2,0.4208,9.41612,0,0
192,18,3,0.4208,10.0313,0,0
192,19,3,0.4208,10.0304,0,0
193,0,3,0.4208,10.0304,0,0
193,1,3,0.4208,9.88754,0,0
193,2,1,0.4208,30.0321,0,0
193,3,0,0,0,0.4,0
193,4,2,0.4208,30.0313,0,0
193,5,1,0.4208,10.0304,0,0
193,6,2,0.4208,10.0304,0,0
193,7,3,0.4208,9.95897,0,0
193,8,2,0.4208,29.959,1,0
193,9,3,0.50496,16.6258,0,0
193,10,2,0.50496,16.6265,0,0
193,11,1,0.4208,30.0313,0,0
193,12,2,0.4208,9.88754,0,0
193,13,3,0.4208,30.0313,0,0
193,14,1,0.4208,29.9593,1,0
193,15,2,0.4208,30.0321,0,0
193,16,2,0.4208,29.8161,0,0
193,17,2,0.4208,9.44469,0,0
193,18,3,0.4208,10.0313,0,0
193,19,3,0.4208,10.0304,0,0
194,0,3,0.4208,10.0304,0,0
194,1,3,0.4208,9.88754,0,0
194,2,1,0.4208,30.0318,0,0
194,3,0,0,0,0,0
194,4,2,0.4208,30.0313,0,0
194,5,1,0.4208,10.0304,0,0
194,6,2,0.4208,10.0304,0,0
194,7,3,0.4208,9.95897,0,0
194,8,2,0.4208,29.959,1,0
194,9,3,0.4208,9.95897,0,0
194,10,2,0.4208,9.95897,0,0
194,11,1,0.4208,30.0313,0,0
194,12,2,0.4208,9.88754,0,0
194,13,3,0.4208,30.0313,0,0
194,14,1,0.4208,29.9598,1,0
194,15,2,0.4208,30.0321,0,0
194,16,2,0.4208,29.8161,0,0
194,17,2,0.4208,9.4304,0,0
194,18,3,0.33664,15.0317,0,0
194,19,3,0.4208,10.0304,0,0
195,0,3,0.4208,10.0304,0,0
195,1,3,0.4208,9.88754,0,0
195,2,1,0.4208,30.032,0,0
195,3,0,0,0,0,0
195,4,2,0.4208,30.0313,0,0
195,5,1,0.4208,10.0304,0,0
195,6,2,0.4208,10.0304,0,0
195,7,3,0.4208,9.95897,0,0
195,8,2,0.4208,29.959,1,0
195,9,3,0.4208,9.95897,0,0
195,10,2,0.4208,9.95897,0,0
195,11,1,0.4208,30.0313,0,0
195,12,2,0.4208,9.88754,0,0
195,13,3,0.4208,30.0313,0,0
195,14,1,0.4208,29.9598,1,0
195,15,2,0.4208,30.0321,0,0
195,16,2,0.4208,29.8161,0,0
195,17,2,0.4208,9.40183,0,0
195,18,3,0.50496,16.6985,0,0
195,19,3,0.4208,10.0304,0,0
196,0,3,0.4208,10.0304,0,0
196,1,3,0.4208,9.88754,0,0
196,2,1,0.4208,30.0318,0,0
196,3,0,0,0,0,0
196,4,2,0.4208,30.0313,0,0
196,5,1,0.4208,10.0304,0,0
196,6,2,0.4208,10.0304,0,0
196,7,3,0.4208,9.95897,0,0
196,8,2,0.4208,29.959,1,0
196,9,3,0.33664,14.959,0,0
196,10,2,0.33664,9.95897,0,0
196,11,1,0.4208,30.0313,0,0
196,12,2,0.4208,9.88754,0,0
196,13,3,0.4208,30.0313,0,0
196,14,1,0.4208,29.9597,1,0
196,15,2,0.4208,30.0321,0,0
196,16,2,0.4208,29.8161,0,0
196,17,2,0.4208,9.41612,0,0
196,18,3,0.4208,14.0318,0,0
196,19,3,0.4208,10.0304,0,0
197,0,3,0.4208,10.0304,0,0
197,1,3,0.4208,9.88754,0,0
197,2,1,0.4208,30.0316,0,0
197,3,0,0,0,0,0
197,4,2,0.4208,30.0313,0,0
197,5,1,0.4208,10.0304,0,0
197,6,2,0.4208,10.0304,0,0
197,7,3,0.4208,9.95897,0,0
197,8,2,0.4208,29.959,1,0
197,9,3,0.50496,16.6258,0,0
197,10,2,0.50496,16.6265,0,0
197,11,1,0.4208,30.0313,0,0
197,12,2,0.4208,9.88754,0,0
197,13,3,0.4208,30.0313,0,0
197,14,1,0.4208,29.9593,1,0
197,15,2,0.4208,30.0321,0,0
197,16,2,0.4208,29.8161,0,0
197,17,2,0.4208,9.41612,0,0
197,18,3,0.33664,15.0319,0,0
197,19,3,0.4208,10.0304,0,0
198,0,3,0.4208,10.0304,0,0
198,1,3,0.4208,9.88754,0,0
198,2,1,0.4208,30.0318,0,0
198,3,0,0,0,0,0
198,4,2,0.4208,30.0313,0,0
198,5,1,0.4208,10.0304,0,0
198,6,2,0.4208,10.0304,0,0
198,7,3,0.4208,9.95897,0,0
198,8,2,0.4208,29.959,1,0
198,9,3,0.4208,9.95897,0,0
198,10,2,0.4208,9.95897,0,0
198,11,1,0.4208,30.0313,0,0
198,12,2,0.4208,9.88754,0,0
198,13,3,0.4208,30.0313,0,0
198,14,1,0.4208,29.9598,1,0
198,15,2,0.4208,30.0321,0,0
198,16,2,0.4208,29.8161,0,0
198,17,2,0.4208,9.38755,0,0
198,18,3,0.50496,20.0321,0,0
198,19,3,0.4208,10.0304,0,0
199,0,3,0.4208,10.0304,0,0
199,1,3,0.4208,9.88754,0,0
199,2,1,0.4208,30.0314,0,0
199,3,0,0,0,0,0
199,4,2,0.4208,30.0313,0,0
199,5,1,0.4208,10.0304,0,0
199,6,2,0.4208,10.0304,0,0
199,7,3,0.4208,9.95897,0,0
199,8,2,0.4208,29.959,1,0
199,9,3,0.33664,19.959,0,0
199,10,2,0.4208,13.9595,0,0
199,11,1,0.4208,30.0313,0,0
199,12,2,0.4208,9.88754,0,0
199,13,3,0.4208,30.0313,0,0
199,14,1,0.4208,29.9595,1,0
199,15,2,0.4208,30.0321,0,0
199,16,2,0.4208,29.8161,0,0
199,17,2,0.4208,9.41612,0,0
199,18,3,0.33664,20.0324,0,0
199,19,3,0.4208,10.0304,0,0
200,0,3,0.4208,10.0304,0,0
200,1,3,0.4208,9.88754,0,0
200,2,1,0.4208,30.032,0,0
200,3,0,0,0,0,0
200,4,2,0.4208,30.0313,0.4,0
200,5,1,0.4208,10.0304,0,0
200,6,2,0.4208,10.0304,0,0
200,7,3,0.4208,9.95897,0,0
200,8,2,0.4208,29.959,1,0
200,9,3,0.50496,16.6258,0,0
200,10,2,0.4208,13.9595,0,0
200,11,1,0.4208,30.0313,0,0
200,12,2,0.4208,9.88754,0,0
200,13,3,0.4208,30.0313,0,0
200,14,1,0.4208,29.9595,1,0
200,15,2,0.4208,30.0321,0,0
200,16,2,0.4208,29.8161,0.4,0
200,17,2,0.4208,9.38754,0,0
200,18,3,0.50496,13.365,0,0
200,19,3,0.4208,10.0304,0,0
201,0,3,0.4208,10.0304,0,0
201,1,3,0.4208,9.88754,0,0
201,2,1,0.4208,30.0321,0,0
201,3,0,0,0,0,0
201,4,2,0.4208,30.0313,1,0
201,5,1,0.4208,10.0304,0,0
201,6,2,0.4208,10.0304,0,0
201,7,3,0.4208,9.95897,0,0
201,8,2,0.4208,29.959,1,0
201,9,3,0.4208,9.95897,0,0
201,10,2,0.4208,9.95897,0,0
201,11,1,0.4208,30.0313,0,0
201,12,2,0.4208,9.88754,0,0
201,13,3,0.4208,30.0313,0,0
201,14,1,0.4208,29.9598,1,0
201,15,2,0.4208,30.0321,0,0
201,16,2,0.4208,29.8161,1,0
201,17,2,0.4208,9.41612,0,0
201,18,3,0.4208,10.0313,0,0
201,19,3,0.4208,10.0304,0,0
202,0,3,0.4208,10.0304,0,0
202,1,3,0.4208,9.88754,0,0
202,2,1,0.4208,30.0321,0,0
202,3,0,0,0,0,0
202,4,2,0.4208,30.0313,0.6,0
202,5,1,0.4208,10.0304,0,0
202,6,2,0.4208,10.0304,0,0
202,7,3,0.4208,9.95897,0,0
202,8,2,0.4208,29.959,1,0
202,9,3,0.4208,9.95897,0,0
202,10,2,0.4208,9.95897,0,0
202,11,1,0.4208,30.0313,0,0
202,12,2,0.4208,9.88754,0,0
202,13,3,0.4208,30.0313,0,0
202,14,1,0.4208,29.9598,1,0
202,15,2,0.4208,30.0321,0,0
202,16,2,0.4208,29.8161,1,0
202,17,2,0.4208,9.38754,0,0
202,18,3,0.4208,10.0313,0,0
202,19,3,0.4208,10.0304,0,0
203,0,3,0.4208,10.0304,0,0
203,1,3,0.4208,9.88754,0,0
203,2,1,0.4208,30.0321,0,0
203,3,0,0,0,0,0
203,4,2,0.4208,30.0313,0,0
203,5,1,0.4208,10.0304,0,0
203,6,2,0.4208,10.0304,0,0
203,7,3,0.4208,9.95897,0,0
203,8,2,0.4208,29.959,1,0
203,9,3,0.33664,24.959,0,0
203,10,2,0.33664,14.9596,0,0
203,11,1,0.4208,30.0313,0,0
203,12,2,0.4208,9.88754,0,0
203,13,3,0.4208,30.0313,0,0
203,14,1,0.4208,29.9593,1,0
203,15,2,0.4208,30.0321,0,0
203,16,2,0.4208,29.8161,1,0
203,17,2,0.4208,9.40183,0,0
203,18,3,0.4208,10.0313,0,0
203,19,3,0.4208,10.0304,0,0
204,0,3,0.4208,10.0304,0,0
204,1,3,0.4208,9.88754,0,0
204,2,1,0.4208,30.0321,0,0
204,3,0,0,0,0,0
204,4,2,0.4208,30.0313,0,0
204,5,1,0.4208,10.0304,0,0
204,6,2,0.4208,10.0304,0,0
204,7,3,0.4208,9.95897,0,0
204,8,2,0.4208,29.959,0.2,0
204,9,3,0.50496,16.6258,0,0
204,10,2,0.50496,16.6265,0,0
204,11,1,0.4208,30.0313,0,0
204,12,2,0.4208,9.88754,0,0
204,13,3,0.4208,30.0313,0,0
204,14,1,0.4208,29.9593,1,0
204,15,2,0.4208,30.0321,0,0
204,16,2,0.4208,29.8161,1,0
204,17,2,0.4208,9.40183,0,0
204,18,3,0.4208,10.0313,0,0
204,19,3,0.4208,10.0304,0,0
205,0,3,0.4208,10.0304,0,0
205,1,3,0.4208,9.88754,0,0
205,2,1,0.4208,30.0321,0,0
205,3,0,0,0,0,0
205,4,2,0.4208,30.0313,0,0
205,5,1,0.4208,10.0304,0,0
205,6,2,0.4208,10.0304,0,0
205,7,3,0.4208,9.95897,0,0
205,8,2,0.4208,29.959,0,0
205,9,3,0.4208,9.95897,0,0
205,10,2,0.4208,9.95897,0,0
205,11,1,0.4208,30.0313,0,0
205,12,2,0.4208,9.88754,0,0
205,13,3,0.4208,30.0313,0,0
205,14,1,0.4208,29.9598,1,0
205,15,2,0.4208,30.0321,0,0
205,16,2,0.4208,29.8161,1,0
205,17,2,0.4208,9.38754,0,0
205,18,3,0.4208,10.0313,0,0
205,19,3,0.4208,10.0304,0,0
206,0,3,0.4208,10.0304,0,0
206,1,3,0.4208,9.88754,0,0
206,2,1,0.4208,30.0321,0,0
206,3,0,0,0,0,0
206,4,0,0.25248,29.8875,0,0
206,5,1,0.4208,10.0313,0,0
206,6,2,0.4208,10.0304,0,0
206,7,3,0.4208,9.95897,0,0
206,8,2,0.4208,30.0313,0,0
206,9,3,0.4208,9.95897,0,0
206,10,2,0.4208,9.95897,0,0
206,11,1,0.4208,30.0313,0,0
206,12,2,0.4208,9.95897,0,0
206,13,3,0.4208,30.0321,0,0
206,14,1,0.4208,29.9598,1,0
206,15,2,0.4208,30.0321,0,0
206,16,2,0.4208,29.8304,1,0
206,17,2,0.4208,10.0304,0,0
206,18,3,0.4208,10.0313,0,0
206,19,3,0.4208,10.0304,0,0
207,0,3,0.4208,10.0304,0,0
207,1,3,0.4208,9.88754,0,0
207,2,1,0.50496,26.699,0,0
207,3,0,0,0,0,0
207,4,0,0,0,0,0
207,5,1,0.4208,10.0313,0,0
207,6,2,0.4208,10.0304,0,0
207,7,3,0.4208,9.95897,0,0
207,8,2,0.4208,30.0313,0,0
207,9,3,0.4208,9.95897,0,0
207,10,2,0.4208,9.95897,0,0
207,11,1,0.4208,30.0313,0,0
207,12,2,0.4208,9.95897,0,0
207,13,3,0.4208,30.0321,0,0
207,14,1,0.4208,29.9598,1,0
207,15,2,0.4208,30.0321,0,0
207,16,2,0.4208,29.8875,1,0
207,17,2,0.4208,10.0304,0,0
207,18,3,0.4208,10.0313,0,0
207,19,3,0.4208,10.0304,0,0
208,0,3,0.4208,10.0306,0,0
208,1,3,0.4208,9.88754,0,0
208,2,1,0.4208,22.0325,0,0
208,3,0,0,0,0,0
208,4,2,0.16832,29.8518,0,0
208,5,1,0.4208,10.0313,0,0
208,6,2,0.4208,10.0304,0,0
208,7,3,0.4208,9.95897,0,0
208,8,0,0.33664,30.0313,0,0
208,9,3,0.4208,9.95897,0,0
208,10,2,0.4208,9.95897,0,0
208,11,1,0.4208,26.0318,0,0
208,12,2,0.4208,9.94468,0,0
208,13,3,0.4208,30.0321,0,0
208,14,1,0.4208,29.9598,1,0
208,15,2,0.4208,30.0173,0,0
208,16,2,0.4208,29.8733,1,0
208,17,2,0.4208,10.0304,0,0
208,18,3,0.4208,10.0313,0,0
208,19,3,0.4208,10.0304,0,0
209,0,3,0.4208,10.0313,0,0
209,1,3,0.4208,9.88754,0,0
209,2,1,0.33664,25.0324,0,0
209,3,0,0,0,0,0
209,4,2,0.4208,29.8875,0,0
209,5,1,0.4208,10.0313,0,0
209,6,2,0.4208,10.0304,0,0
209,7,3,0.4208,9.95897,0,0
209,8,0,0,0,0,0
209,9,3,0.4208,9.95897,0,0
209,10,2,0.4208,9.95897,0,0
209,11,1,0.4208,30.0313,0,0
209,12,2,0.4208,10.0304,0,0
209,13,3,0.4208,30.0321,0,0
209,14,1,0.4208,29.9598,1,0
209,15,2,0.4208,30.0321,0,0
209,16,2,0.4208,29.959,1,0
209,17,2,0.4208,10.0304,0,0
209,18,3,0.4208,10.0313,0,0
209,19,3,0.4208,10.0304,0,0
210,0,3,0.4208,10.0309,0,0
210,1,3,0.4208,9.88754,0,0
210,2,1,0.4208,22.0325,0,0
210,3,0,0,0,0,0
210,4,2,0.4208,29.8733,0,0
210,5,1,0.4208,10.0311,0,0
210,6,2,0.4208,10.0304,0,0
210,7,3,0.4208,9.95897,0,0
210,8,2,0,0,0,0
210,9,3,0.4208,9.95897,0,0
210,10,2,0.4208,9.95897,0,0
210,11,1,0.4208,30.0314,0,0
210,12,2,0.4208,9.95897,0,0
210,13,3,0.4208,30.032,0,0
210,14,0,0.16832,29.9598,0.6,0
210,15,2,0.4208,30.0175,0,0
210,16,2,0.4208,29.9449,1,0
210,17,2,0.4208,9.88754,0,0
210,18,3,0.4208,10.0313,0,0
210,19,3,0.4208,10.0304,0,0
211,0,3,0.4208,10.0304,0,0
211,1,3,0.4208,9.88754,0,0
211,2,1,0.50496,20.0324,0,0
211,3,0,0,0,0,0
211,4,2,0.4208,29.959,0,0
211,5,1,0.4208,10.0304,0,0
211,6,2,0.4208,10.0304,0,0
211,7,3,0.4208,9.95897,0,0
211,8,2,0.4208,29.8875,0,0
211,9,3,0.4208,9.95897,0,0
211,10,2,0.4208,9.95897,0,0
211,11,1,0.4208,30.0321,0,0
211,12,2,0.4208,9.81611,0,0
211,13,3,0.4208,30.0313,0,0
211,14,0,0,0,0,0
211,15,2,0.4208,30.0313,0,0
211,16,2,0.4208,30.0313,1,0
211,17,2,0.4208,9.24469,0,0
211,18,3,0.4208,10.0313,0,0
211,19,3,0.4208,10.0304,0,0
212,0,3,0.4208,10.0304,0,0
212,1,3,0.4208,9.88754,0,0
212,2,1,0.50496,13.3174,0,0
212,3,0,0,0,0,0
212,4,2,0.4208,29.9734,0,0
212,5,1,0.4208,10.0304,0,0
212,6,2,0.4208,10.0304,0,0
212,7,3,0.4208,9.95897,0,0
212,8,2,0.4208,29.9018,0,0
212,9,3,0.4208,9.95897,0,0
212,10,2,0.4208,9.95897,0,0
212,11,1,0.4208,26.0175,0,0
212,12,2,0.4208,9.8304,0,0
212,13,3,0.4208,30.0313,0,0
212,14,1,0.16832,30.0321,0,0
212,15,2,0.4208,30.0316,0,0
212,16,0,0.25248,30.0313,1,0
212,17,2,0.4208,9.27326,0,0
212,18,3,0.4208,10.0313,0,0
212,19,3,0.4208,10.0304,0,0
213,0,3,0.4208,10.0304,0,0
213,1,3,0.4208,9.88754,0,0
213,2,1,0.4208,9.95984,0,0
213,3,0,0,0,0,0
213,4,2,0.4208,30.0313,0,0
213,5,1,0.4208,10.0304,0,0
213,6,2,0.4208,10.0304,0,0
213,7,3,0.4208,9.95897,0,0
213,8,2,0.4208,29.959,0,0
213,9,3,0.4208,9.95897,0,0
213,10,2,0.4208,9.95897,0,0
213,11,1,0.4208,30.0313,0,0
213,12,2,0.4208,9.88754,0,0
213,13,3,0.4208,30.0313,0,0
213,14,1,0.4208,30.0321,0,0
213,15,2,0.4208,30.0321,0,0
213,16,0,0,0,1,0
213,17,2,0.4208,9.38754,0,0
213,18,3,0.4208,10.0313,0,0
213,19,3,0.4208,10.0304,0,0
214,0,3,0.4208,10.0304,0,0
214,1,3,0.4208,9.88754,0,0
214,2,1,0.4208,9.95984,0,0
214,3,0,0,0,0,0
214,4,2,0.4208,30.0313,0,0
214,5,1,0.4208,10.0304,0,0
214,6,2,0.4208,10.0304,0,0
214,7,3,0.4208,9.95897,0,0
214,8,2,0.4208,29.959,0,0
214,9,3,0.4208,9.95897,0,0
214,10,2,0.4208,9.95897,0,0
214,11,1,0.4208,30.0314,0,0
214,12,2,0.4208,9.85897,0,0
214,13,3,0.4208,30.0313,0,0
214,14,1,0.4208,30.0321,0,0
214,15,2,0.4208,30.0175,0,0
214,16,2,0,0,1,0
214,17,2,0.4208,9.38755,0,0
214,18,3,0.4208,10.0313,0,0
214,19,3,0.4208,10.0304,0,0
215,0,3,0.4208,10.0304,0,0
215,1,3,0.4208,9.88754,0,0
215,2,1,0.4208,9.95984,0,0
215,3,0,0,0,0,0
215,4,2,0.4208,29.8875,0,0
215,5,1,0.4208,10.0313,0,0
215,6,2,0.4208,10.0304,0,0
215,7,3,0.4208,9.95897,0,0
215,8,2,0.4208,30.0313,0,0
215,9,3,0.4208,9.95897,0,0
215,10,2,0.4208,9.95897,0,0
215,11,1,0.4208,30.0321,0,0
215,12,2,0.4208,9.95897,0,0
215,13,3,0.4208,30.0321,0,0
215,14,1,0.4208,30.0321,0,0
215,15,2,0.4208,30.0313,0,0
215,16,2,0.4208,29.8161,1,0
215,17,2,0.4208,10.0304,0,0
215,18,3,0.4208,10.0313,0,0
215,19,3,0.4208,10.0304,0,0
216,0,3,0.4208,10.0304,0,0
216,1,3,0.4208,9.88754,0,0
216,2,1,0.4208,9.95984,0,0
216,3,0,0,0,0,0
216,4,2,0.4208,30.0313,0,0
216,5,1,0.4208,10.0304,0,0
216,6,2,0.4208,10.0304,0,0
216,7,3,0.4208,9.95897,0,0
216,8,2,0.4208,29.959,0,0
216,9,3,0.4208,9.95897,0,0
216,10,2,0.4208,9.95897,0,0
216,11,1,0.4208,30.0321,0,0
216,12,2,0.4208,9.88754,0,0
216,13,3,0.4208,30.0313,0,0
216,14,1,0.4208,30.0321,0,0
216,15,2,0.4208,30.0313,0,0
216,16,2,0.4208,29.8161,1,0
216,17,2,0.4208,9.38755,0,0
216,18,3,0.4208,10.0313,0,0
216,19,3,0.4208,10.0304,0,0
217,0,3,0.4208,10.0304,0,0
217,1,3,0.4208,9.88754,0,0
217,2,1,0.4208,9.95984,0,0
217,3,0,0,0,0,0
217,4,2,0.4208,29.8875,0,0
217,5,1,0.4208,10.0313,0,0
217,6,2,0.4208,10.0304,0,0
217,7,3,0.4208,9.95897,0,0
217,8,2,0.4208,30.0313,0,0
217,9,3,0.4208,9.95897,0,0
217,10,2,0.4208,9.95897,0,0
217,11,1,0.4208,30.0321,0,0
217,12,2,0.4208,9.95897,0,0
217,13,3,0.4208,30.0321,0,0
217,14,1,0.4208,30.0321,0,0
217,15,2,0.4208,30.0313,0,0
217,16,2,0.4208,29.8161,1,0
217,17,2,0.4208,10.0304,0,0
217,18,3,0.4208,10.0313,0,0
217,19,3,0.4208,10.0304,0,0
218,0,3,0.4208,10.0304,0,0
218,1,3,0.4208,9.88754,0,0
218,2,1,0.4208,9.95984,0,0
218,3,2,0,0,0,0
218,4,2,0.4208,30.0313,0,0
218,5,1,0.4208,10.0304,0,0
218,6,2,0.4208,10.0304,0,0
218,7,3,0.4208,9.95897,0,0
218,8,2,0.4208,29.959,0,0
218,9,3,0.4208,9.95897,0,0
218,10,2,0.4208,9.95897,0,0
218,11,1,0.4208,30.0313,0,0
218,12,2,0.4208,9.8304,0,0
218,13,3,0.4208,30.0313,0,0
218,14,1,0.4208,30.0321,0,0
218,15,2,0.4208,30.0032,0,0
218,16,2,0.4208,29.759,1,0
218,17,2,0.4208,9.38754,0,0
218,18,3,0.4208,10.0313,0,0
218,19,3,0.4208,10.0304,0,0
219,0,3,0.4208,10.0304,0,0
219,1,3,0.4208,9.88754,0,0
219,2,1,0.4208,9.95984,0,0
219,3,2,0.4208,30.0313,0.4,0
219,4,2,0.4208,30.0313,0,0
219,5,1,0.4208,10.0304,0,0
219,6,2,0.4208,10.0304,0,0
219,7,3,0.4208,9.95897,0,0
219,8,2,0.4208,29.959,0,0
219,9,3,0.4208,9.95897,0,0
219,10,2,0.4208,9.95897,0,0
219,11,1,0.4208,30.0321,0,0
219,12,2,0.4208,9.74469,0,0
219,13,3,0.4208,30.0313,0,0
219,14,1,0.4208,30.0321,0,0
219,15,2,0.4208,29.9598,0,0
219,16,2,0.4208,29.6733,1,0
219,17,2,0.4208,9.38755,0,0
219,18,3,0.4208,10.0313,0,0
219,19,3,0.4208,10.0304,0,0
220,0,3,0.4208,10.0304,0,0
220,1,3,0.4208,9.88754,0,0
220,2,1,0.4208,9.95984,0,0
220,3,2,0.4208,30.0313,1,0
220,4,2,0.4208,30.0313,0,0
220,5,1,0.4208,10.0304,0,0
220,6,2,0.4208,10.0304,0,0
220,7,3,0.4208,9.95897,0,0
220,8,2,0.4208,29.959,0,0
220,9,3,0.4208,9.95897,0,0
220,10,2,0.4208,9.95897,0,0
220,11,1,0.4208,26.0323,0,0
220,12,2,0.4208,9.74469,0,0
220,13,3,0.4208,30.0313,0,0
220,14,1,0.4208,30.0321,0,0
220,15,2,0.4208,29.9598,0,0
220,16,2,0.4208,29.6733,1,0
220,17,2,0.4208,9.38754,0,0
220,18,3,0.4208,10.0313,0,0
220,19,3,0.4208,10.0304,0,0
221,0,3,0.4208,10.0304,0,0
221,1,3,0.4208,9.88754,0,0
221,2,1,0.4208,9.95984,0,0
221,3,2,0.4208,30.0313,1,0
221,4,2,0.4208,30.0313,0,0
221,5,1,0.4208,10.0304,0,0
221,6,2,0.4208,10.0304,0,0
221,7,3,0.4208,9.95897,0,0
221,8,2,0.4208,29.959,0,0
221,9,3,0.4208,9.95897,0,0
221,10,2,0.4208,9.95897,0,0
221,11,1,0.4208,30.0321,0,0
221,12,2,0.4208,9.74468,0,0
221,13,3,0.4208,30.0313,0,0
221,14,1,0.4208,30.0321,0,0
221,15,2,0.4208,29.9598,0,0
221,16,2,0.4208,29.6733,1,0
221,17,2,0.4208,9.38754,0,0
221,18,3,0.4208,10.0313,0,0
221,19,3,0.4208,10.0304,0,0
222,0,3,0.4208,10.0304,0,0
222,1,3,0.4208,9.88754,0,0
222,2,1,0.4208,9.95984,0,0
222,3,2,0.4208,30.0313,1,0
222,4,2,0.4208,30.0313,0,0
222,5,1,0.4208,10.0304,0,0
222,6,2,0.4208,10.0304,0,0
222,7,3,0.4208,9.95897,0,0
222,8,2,0.4208,29.959,0,0
222,9,3,0.4208,9.95897,0,0
222,10,2,0.4208,9.95897,0,0
222,11,1,0.4208,26.0323,0,0
222,12,2,0.4208,9.74469,0,0
222,13,3,0.4208,30.0313,0,0
222,14,1,0.4208,30.0321,0,0
222,15,2,0.4208,29.9598,0,0
222,16,2,0.4208,29.6733,1,0
222,17,2,0.4208,9.38755,0,0
222,18,3,0.4208,10.0313,0,0
222,19,3,0.4208,10.0304,0,0
223,0,3,0.4208,10.0304,0,0
223,1,3,0.4208,9.88754,0,0
223,2,1,0.4208,9.95984,0,0
223,3,2,0.4208,30.0313,1,0
223,4,2,0.4208,29.7447,0,0
223,5,1,0.4208,10.0313,0,0
223,6,2,0.33664,15.0315,0,0
223,7,3,0.4208,9.95897,0,0
223,8,2,0.4208,30.0313,0,0
223,9,3,0.4208,9.95897,0,0
223,10,2,0.4208,9.95897,0,0
223,11,1,0.4208,30.0321,0,0
223,12,2,0.4208,9.81611,0,0
223,13,3,0.4208,30.0321,0,0
223,14,1,0.4208,30.0316,0,0
223,15,2,0.4208,29.9598,0,0
223,16,2,0.4208,29.6733,1,0
223,17,2,0.4208,10.0304,0,0
223,18,3,0.4208,10.0307,0,0
223,19,3,0.4208,10.0304,0,0
224,0,3,0.4208,10.0304,0,0
224,1,3,0.4208,9.88754,0,0
224,2,1,0.4208,9.95984,0,0
224,3,2,0.4208,30.0313,1,0
224,4,2,0.4208,29.759,0,0
224,5,1,0.4208,10.0313,0,0
224,6,2,0.50496,16.6988,0,0
224,7,3,0.4208,9.95897,0,0
224,8,2,0.4208,30.0313,0,0
224,9,3,0.4208,9.95897,0,0
224,10,2,0.4208,9.95897,0,0
224,11,1,0.4208,26.0323,0,0
224,12,2,0.4208,9.8304,0,0
224,13,3,0.4208,30.0321,0,0
224,14,1,0.4208,30.0316,0,0
224,15,2,0.4208,29.9598,0,0
224,16,2,0.4208,29.6875,1,0
224,17,2,0.4208,10.0304,0,0
224,18,3,0.4208,10.0304,0,0
224,19,3,0.4208,10.0304,0,0
225,0,3,0.4208,10.0304,0,0
225,1,3,0.4208,9.88754,0,0
225,2,1,0.4208,9.95984,0,0
225,3,2,0.4208,30.0313,1,0
225,4,2,0.4208,29.7447,0,0
225,5,1,0.4208,10.0313,0,0
225,6,2,0.33664,20.0317,0,0
225,7,3,0.4208,9.95897,0,0
225,8,2,0.4208,30.0313,0,0
225,9,3,0.4208,9.95897,0,0
225,10,2,0.4208,9.95897,0,0
225,11,1,0.4208,30.0321,0,0
225,12,2,0.4208,9.81611,0,0
225,13,3,0.4208,30.0321,0,0
225,14,1,0.4208,30.0316,0,0
225,15,2,0.4208,29.9598,0,0
225,16,2,0.4208,29.6733,1,0
225,17,2,0.4208,10.0304,0,0
225,18,3,0.4208,10.0304,0,0
225,19,3,0.4208,10.0304,0,0
226,0,3,0.4208,10.0304,0,0
226,1,3,0.4208,9.88754,0,0
226,2,1,0.4208,9.95984,0,0
226,3,2,0.4208,30.0313,1,0
226,4,2,0.4208,29.7733,0,0
226,5,1,0.4208,10.0313,0,0
226,6,2,0.4208,22.0325,0,0
226,7,3,0.4208,9.95897,0,0
226,8,2,0.4208,30.0313,0,0
226,9,3,0.4208,9.95897,0,0
226,10,2,0.4208,9.95897,0,0
226,11,1,0.4208,30.0321,0,0
226,12,2,0.4208,9.84468,0,0
226,13,3,0.4208,30.0321,0,0
226,14,1,0.4208,30.0313,0.2,0
226,15,2,0.4208,29.9598,0,0
226,16,2,0.4208,29.7018,1,0
226,17,2,0.4208,10.0304,0,0
226,18,3,0.4208,10.0304,0,0
226,19,3,0.4208,10.0304,0,0
227,0,3,0.4208,10.0304,0,0
227,1,3,0.4208,9.88754,0,0
227,2,1,0.4208,9.95984,0,0
227,3,2,0.4208,30.0313,1,0
227,4,2,0.4208,30.0313,0,0
227,5,1,0.33664,25.0304,0,0
227,6,2,0.50496,16.6988,0,0
227,7,3,0.4208,9.95897,0,0
227,8,2,0.4208,29.959,0,0
227,9,3,0.4208,9.95897,0,0
227,10,2,0.4208,9.95897,0,0
227,11,1,0.4208,30.0321,0,0
227,12,2,0.4208,9.75897,0,0
227,13,3,0.4208,30.0311,0,0
227,14,1,0.4208,30.0316,0,0
227,15,2,0.4208,29.9598,0,0
227,16,2,0.4208,29.6875,1,0
227,17,2,0.4208,9.38754,0,0
227,18,3,0.4208,10.0304,0,0
227,19,3,0.4208,10.0304,0,0
228,0,3,0.4208,10.0304,0,0
228,1,3,0.4208,9.88754,0,0
228,2,1,0.4208,9.95984,0,0
228,3,2,0.4208,30.0313,1,0
228,4,2,0.4208,30.0313,0,0
228,5,1,0.4208,26.0307,0,0
228,6,2,0.33664,15.0319,0,0
228,7,3,0.4208,9.95897,0,0
228,8,2,0.4208,29.959,0,0
228,9,3,0.4208,9.95897,0,0
228,10,2,0.4208,9.95897,0,0
228,11,1,0.4208,26.0323,0,0
228,12,2,0.4208,9.75897,0,0
228,13,3,0.4208,30.0311,0,0
228,14,1,0.4208,30.0316,0,0
228,15,2,0.4208,29.9598,0,0
228,16,2,0.4208,29.6875,1,0
228,17,2,0.4208,9.38754,0,0
228,18,3,0.4208,10.0304,0,0
228,19,3,0.4208,10.0304,0,0
229,0,3,0.4208,10.0304,0,0
229,1,3,0.4208,9.88754,0,0
229,2,1,0.4208,9.95984,0,0
229,3,2,0.4208,30.0313,1,0
229,4,2,0.4208,30.0313,0,0
229,5,1,0.4208,26.0307,0,0
229,6,2,0.50496,16.6988,0,0
229,7,3,0.4208,9.95897,0,0
229,8,2,0.4208,29.959,0,0
229,9,3,0.4208,9.95897,0,0
229,10,2,0.4208,9.95897,0,0
229,11,1,0.4208,30.0321,0,0
229,12,2,0.4208,9.75897,0,0
229,13,3,0.4208,30.0311,0,0
229,14,1,0.4208,30.0316,0,0
229,15,2,0.4208,29.9598,0,0
229,16,2,0.4208,29.6875,1,0
229,17,2,0.4208,9.38755,0,0
229,18,3,0.4208,10.0304,0,0
229,19,3,0.4208,10.0304,0,0
230,0,3,0.4208,10.0304,0,0
230,1,3,0.4208,9.88754,0,0
230,2,1,0.33664,9.95984,0,0
230,3,2,0.4208,30.0313,1,0
230,4,2,0.4208,30.0313,0,0
230,5,1,0.4208,30.0304,0,0
230,6,2,0.33664,15.0319,0,0
230,7,3,0.4208,9.95897,0,0
230,8,2,0.4208,29.959,0,0
230,9,3,0.4208,9.95897,0,0
230,10,2,0.4208,9.95897,0,0
230,11,1,0.4208,30.0321,0,0
230,12,2,0.4208,9.75897,0,0
230,13,3,0.4208,30.0313,0,0
230,14,1,0.4208,30.0316,0,0
230,15,2,0.4208,29.9598,0,0
230,16,2,0.4208,29.6875,1,0
230,17,2,0.4208,9.38754,0,0
230,18,3,0.4208,10.0304,0,0
230,19,3,0.4208,10.0304,0,0
231,0,3,0.4208,10.0304,0,0
231,1,3,0.4208,9.88754,0,0
231,2,1,0.4208,13.96,0,0
231,3,2,0.4208,30.0313,1,0
231,4,2,0.4208,29.7447,0,0
231,5,1,0.4208,30.0313,0,0
231,6,2,0.50496,16.6988,0,0
231,7,3,0.4208,9.95897,0,0
231,8,2,0.4208,30.0313,0,0
231,9,3,0.4208,9.95897,0,0
231,10,2,0.4208,9.95897,0,0
231,11,1,0.4208,30.0321,0,0
231,12,2,0.4208,9.81611,0,0
231,13,3,0.4208,30.0321,0,0
231,14,1,0.4208,30.0316,0,0
231,15,2,0.4208,29.9598,0,0
231,16,2,0.4208,29.6733,1,0
231,17,2,0.4208,10.0304,0,0
231,18,3,0.4208,10.0304,0,0
231,19,3,0.4208,10.0304,0,0
232,0,3,0.4208,10.0304,0,0
232,1,3,0.4208,9.88754,0,0
232,2,1,0.50496,16.6268,0,0
232,3,2,0.4208,30.0313,1,0
232,4,2,0.4208,30.0313,0,0
232,5,1,0.4208,30.0304,0,0
232,6,2,0.33664,15.0319,0,0
232,7,3,0.4208,9.95897,0,0
232,8,2,0.4208,29.959,0,0
232,9,3,0.4208,9.95897,0,0
232,10,2,0.4208,9.95897,0,0
232,11,1,0.4208,26.0323,0,0
232,12,2,0.4208,9.74469,0,0
232,13,3,0.4208,30.0313,0,0
232,14,1,0.4208,30.0316,0,0
232,15,2,0.4208,29.9598,0,0
232,16,2,0.4208,29.6733,1,0
232,17,2,0.4208,9.38754,0,0
232,18,3,0.4208,10.0304,0,0
232,19,3,0.4208,10.0304,0,0
233,0,3,0.4208,10.0304,0,0
233,1,3,0.4208,9.88754,0,0
233,2,1,0.33664,19.9601,0,0
233,3,2,0.4208,30.0313,1,0
233,4,2,0.4208,30.0313,0,0
233,5,1,0.4208,30.0304,0,0
233,6,2,0.50496,16.6988,0,0
233,7,3,0.4208,9.95897,0,0
233,8,2,0.4208,29.959,0,0
233,9,3,0.4208,9.95897,0,0
233,10,2,0.4208,9.95897,0,0
233,11,1,0.4208,30.0321,0,0
233,12,2,0.4208,9.74469,0,0
233,13,3,0.4208,30.0313,0,0
233,14,1,0.4208,30.0316,0,0
233,15,2,0.4208,29.9598,0,0
233,16,2,0.4208,29.6733,1,0
233,17,2,0.4208,9.38754,0,0
233,18,3,0.4208,10.0304,0,0
233,19,3,0.4208,10.0304,0,0
234,0,3,0.4208,10.0304,0,0
234,1,3,0.4208,9.88754,0,0
234,2,1,0.50496,19.9597,0,0
234,3,2,0.4208,30.0172,1,0
234,4,2,0.4208,29.802,0,0
234,5,1,0.50496,26.6979,0,0
234,6,2,0.4208,10.0313,0,0
234,7,3,0.4208,9.95897,0,0
234,8,2,0.4208,29.9168,0,0
234,9,3,0.33664,24.959,0,0
234,10,2,0.33664,14.9596,0,0
234,11,1,0.4208,30.0318,0,0
234,12,2,0.4208,9.70183,0,0
234,13,3,0.4208,26.032,0,0
234,14,1,0.4208,30.0321,0,0
234,15,2,0.4208,29.9454,0,0
234,16,2,0.4208,29.7304,1,0
234,17,2,0.4208,9.87326,0,0
234,18,3,0.4208,10.0304,0,0
234,19,3,0.4208,10.0304,0,0
235,0,3,0.4208,10.0304,0,0
235,1,3,0.4208,9.88754,0,0
235,2,1,0.33664,19.9594,0,0
235,3,2,0.4208,30.0031,1,0
235,4,2,0.4208,30.0313,0,0
235,5,1,0.4208,22.0313,0,0
235,6,2,0.33664,15.0319,0,0
235,7,3,0.4208,9.95897,0,0
235,8,2,0.4208,29.759,0,0
235,9,3,0.50496,16.6258,0,0
235,10,2,0.50496,16.6265,0,0
235,11,1,0.4208,30.0314,0,0
235,12,2,0.4208,9.54469,0,0
235,13,3,0.4208,18.0309,0,0
235,14,1,0.4208,30.0316,0,0
235,15,2,0.4208,29.9309,0,0
235,16,2,0.4208,29.7875,1,0
235,17,2,0.4208,9.3304,0,0
235,18,3,0.4208,10.0304,0,0
235,19,3,0.4208,10.0304,0,0
236,0,3,0.4208,10.0304,0,0
236,1,3,0.4208,9.88754,0,0
236,2,1,0.4208,25.9597,0,0
236,3,2,0.4208,30.0172,1,0
236,4,2,0.4208,30.0313,0,0
236,5,1,0.33664,20.0317,0,0
236,6,2,0.50496,16.6988,0,0
236,7,3,0.4208,9.95897,0,0
236,8,2,0.4208,29.859,0,0
236,9,3,0.33664,24.959,0,0
236,10,2,0.33664,14.9596,0,0
236,11,1,0.4208,30.0318,0,0
236,12,2,0.4208,9.64469,0,0
236,13,3,0.50496,13.3639,0,0
236,14,1,0.4208,30.0316,0,0
236,15,2,0.4208,29.9454,0,0
236,16,2,0.4208,29.7304,1,0
236,17,2,0.4208,9.35897,0,0
236,18,3,0.4208,10.0304,0,0
236,19,3,0.4208,10.0304,0,0
237,0,3,0.4208,10.0304,0,0
237,1,3,0.4208,9.88754,0,0
237,2,1,0.4208,21.9598,0.2,0
237,3,2,0.4208,30.0031,1,0
237,4,2,0.4208,30.0313,0,0
237,5,1,0.50496,20.0317,0,0
237,6,2,0.33664,15.0319,0,0
237,7,3,0.4208,9.95897,0,0
237,8,2,0.4208,29.759,0,0
237,9,3,0.50496,16.6258,0,0
237,10,2,0.50496,16.6267,0,0
237,11,1,0.4208,30.0314,0,0
237,12,2,0.4208,9.54469,0,0
237,13,3,0.4208,10.0304,0,0
237,14,1,0.4208,30.0316,0,0
237,15,2,0.4208,29.9309,0,0
237,16,2,0.4208,29.7875,1,0
237,17,2,0.4208,9.3304,0,0
237,18,3,0.4208,10.0304,0,0
237,19,3,0.4208,10.0304,0,0
238,0,3,0.4208,10.0304,0,0
238,1,3,0.4208,9.88754,0,0
238,2,1,0.4208,25.96,0,0
238,3,2,0.4208,30.0313,1,0
238,4,2,0.4208,30.0313,0,0
238,5,1,0.33664,20.0317,0,0
238,6,2,0.50496,16.6988,0,0
238,7,3,0.4208,9.95897,0,0
238,8,2,0.4208,29.959,0,0
238,9,3,0.4208,9.95897,0,0
238,10,2,0.4208,9.95897,0,0
238,11,1,0.4208,30.0321,0,0
238,12,2,0.4208,9.74469,0,0
238,13,3,0.4208,10.0304,0,0
238,14,1,0.4208,30.0316,0,0
238,15,2,0.4208,29.9598,0,0
238,16,2,0.4208,29.6733,1,0
238,17,2,0.4208,9.38754,0,0
238,18,3,0.4208,10.0304,0,0
238,19,3,0.4208,10.0304,0,0
239,0,3,0.4208,10.0304,0,0
239,1,3,0.4208,9.88754,0,0
239,2,1,0.4208,25.96,0,0
239,3,1,0.25248,29.9837,1,1
239,4,2,0.4208,30.0313,0,0
239,5,1,0.50496,20.0317,0,0
239,6,2,0.33664,15.0319,0,0
239,7,3,0.4208,9.95897,0,0
239,8,2,0.4208,29.959,0,0
239,9,3,0.4208,9.95897,0,0
239,10,2,0.4208,9.95897,0,0
239,11,1,0.4208,29.9597,0,0
239,12,2,0.4208,9.8304,0,0
239,13,3,0.4208,10.0304,0,0
239,14,1,0.4208,30.0316,0,0
239,15,2,0.4208,30.0027,0,0
239,16,2,0.4208,29.759,1,0
239,17,2,0.4208,9.38754,0,0
239,18,3,0.4208,10.0304,0,0
239,19,3,0.4208,10.0304,0,0
240,0,3,0.4208,10.0304,0,0
240,1,3,0.4208,9.88754,0,0
240,2,1,0.4208,29.9595,0,0
240,3,1,0.4208,29.9454,1,0
240,4,2,0.4208,29.8875,0,0
240,5,1,0.33664,20.0317,0,0
240,6,2,0.50496,13.365,0,0
240,7,3,0.4208,9.95897,0,0
240,8,2,0.4208,30.0313,0,0
240,9,3,0.33664,24.959,0,0
240,10,2,0.33664,14.9594,0,0
240,11,1,0.4208,29.8733,0,0
240,12,2,0.4208,9.95897,0,0
240,13,3,0.4208,18.0316,0,0
240,14,1,0.4208,30.032,0,0
240,15,2,0.4208,30.0313,0,0
240,16,2,0.4208,29.8161,1,0
240,17,2,0.4208,10.0304,0,0
240,18,3,0.4208,10.0304,0,0
240,19,3,0.4208,10.0304,0,0
241,0,3,0.4208,10.0304,0,0
241,1,3,0.4208,9.88754,0,0
241,2,1,0.4208,29.9597,0,0
241,3,1,0.4208,29.9165,1,0
241,4,2,0.4208,30.0313,0,0
241,5,1,0.50496,20.0314,0,0
241,6,2,0.4208,10.0313,0,0
241,7,3,0.4208,9.95897,0,0
241,8,2,0.4208,29.959,0,0
241,9,3,0.50496,16.6258,0,0
241,10,2,0.50496,16.6262,0,0
241,11,1,0.4208,29.8447,0,0
241,12,2,0.4208,9.88754,0,0
241,13,3,0.4208,14.0306,0,0
241,14,1,0.4208,30.0321,0,0
241,15,2,0.4208,30.0313,0,0
241,16,2,0.4208,29.8161,1,0
241,17,2,0.4208,9.38754,0,0
241,18,3,0.4208,10.0304,0,0
241,19,3,0.4208,10.0304,0,0
242,0,3,0.4208,10.0304,0,0
242,1,3,0.4208,9.88754,0,0
242,2,1,0.4208,29.9595,0,0
242,3,1,0.4208,29.9165,1,0
242,4,2,0.4208,30.0313,0,0
242,5,1,0.4208,22.0316,0,0
242,6,2,0.4208,10.0313,0,0
242,7,3,0.4208,9.95897,0,0
242,8,2,0.4208,29.959,0,0
242,9,3,0.33664,24.959,0,0
242,10,2,0.33664,14.9594,0,0
242,11,1,0.4208,29.8447,0,0
242,12,2,0.4208,9.88754,0,0
242,13,3,0.4208,10.0304,0,0
242,14,1,0.4208,30.0321,0,0
242,15,2,0.4208,30.0313,0,0
242,16,2,0.4208,29.8161,1,0
242,17,2,0.4208,9.40183,0,0
242,18,3,0.4208,10.0304,0,0
242,19,3,0.4208,10.0304,0,0
243,0,3,0.4208,10.0304,0,0
243,1,3,0.4208,9.88754,0,0
243,2,1,0.4208,29.9595,0,0
243,3,1,0.4208,29.902,1,0
243,4,2,0.4208,30.0313,0,0
243,5,1,0.33664,25.0315,0,0
243,6,2,0.4208,10.0313,0,0
243,7,3,0.4208,9.95897,0,0
243,8,2,0.4208,29.959,0,0
243,9,3,0.4208,29.959,0,0
243,10,2,0.50496,19.9598,0,0
243,11,1,0.4208,29.8304,0,0
243,12,2,0.4208,9.88754,0,0
243,13,3,0.4208,10.0304,0,0
243,14,1,0.4208,30.0321,0,0
243,15,2,0.4208,30.0313,0.6,0
243,16,2,0.4208,29.8161,1,0
243,17,2,0.4208,9.40183,0,0
243,18,3,0.4208,10.0304,0,0
243,19,3,0.4208,10.0304,0,0
244,0,3,0.4208,10.0304,0,0
244,1,3,0.4208,9.88754,0,0
244,2,1,0.4208,29.9595,0,0
244,3,1,0.4208,29.902,1,0
244,4,2,0.4208,30.0313,0,0
244,5,1,0.4208,30.0313,0,0
244,6,2,0.4208,10.0313,0,0
244,7,3,0.4208,9.95897,0,0
244,8,2,0.4208,29.959,0,0
244,9,3,0.4208,29.959,0,0
244,10,2,0.4208,17.9597,0,0
244,11,1,0.4208,29.8304,0,0
244,12,2,0.4208,9.88754,0,0
244,13,3,0.4208,10.0304,0,0
244,14,1,0.4208,30.0321,0,0
244,15,2,0.4208,30.0313,0.2,0
244,16,2,0.4208,29.8161,1,0
244,17,2,0.4208,9.38754,0,0
244,18,3,0.4208,10.0304,0,0
244,19,3,0.4208,10.0304,0,0
245,0,3,0.4208,10.0304,0,0
245,1,3,0.4208,9.88754,0,0
245,2,1,0.4208,29.9597,0,0
245,3,1,0.4208,29.9165,1,0
245,4,2,0.4208,30.0313,0,0
245,5,1,0.4208,30.0313,0,0
245,6,2,0.4208,10.0313,0,0
245,7,3,0.4208,9.95897,0,0
245,8,2,0.4208,29.959,0,0
245,9,3,0.50496,16.6258,0,0
245,10,2,0.4208,13.9593,0,0
245,11,1,0.50496,13.1853,0,0
245,12,2,0.4208,9.88754,0,0
245,13,3,0.4208,10.0304,0,0
245,14,1,0.4208,30.0321,0,0
245,15,2,0.4208,30.0313,0,0
245,16,2,0.4208,29.8161,1,0
245,17,2,0.4208,9.38754,0,0
245,18,3,0.4208,10.0304,0,0
245,19,3,0.4208,10.0304,0,0
246,0,3,0.4208,10.0304,0,0
246,1,3,0.4208,9.95897,0,0
246,2,1,0.4208,29.9598,0,0
246,3,1,0.4208,29.902,1,0
246,4,2,0.4208,30.0313,0,0
246,5,1,0.4208,29.9598,0,0
246,6,2,0.4208,10.0313,0,0
246,7,3,0.4208,9.95897,0,0
246,8,2,0.4208,29.959,0,0
246,9,3,0.33664,25.0311,0,0
246,10,2,0.4208,9.95897,0,0
246,11,1,0.33664,19.8161,0,0
246,12,2,0.4208,9.88754,0,0
246,13,1,0.4208,14.0306,0,1
246,14,1,0.4208,30.0321,0,0
246,15,2,0.4208,30.0313,0,0
246,16,2,0.4208,29.8161,1,0
246,17,2,0.4208,9.38754,0,0
246,18,3,0.4208,10.0304,0,0
246,19,3,0.4208,10.0304,0,0
247,0,3,0.4208,10.0304,0,0
247,1,3,0.4208,9.95897,0,0
247,2,1,0.4208,29.9598,0,0
247,3,1,0.4208,29.902,1,0
247,4,2,0.4208,29.8875,0,0
247,5,1,0.4208,29.9598,0,0
247,6,2,0.4208,10.0313,0,0
247,7,3,0.4208,9.95897,0,0
247,8,2,0.4208,30.0313,0,0
247,9,3,0.50496,16.699,0,0
247,10,2,0.4208,9.95897,0,0
247,11,1,0.4208,29.8304,0,0
247,12,2,0.4208,9.95897,0,0
247,13,1,0.4208,10.0313,0,0
247,14,1,0.4208,30.0321,0,0
247,15,2,0.4208,30.0313,0,0
247,16,2,0.4208,29.8161,1,0
247,17,2,0.4208,10.0304,0,0
247,18,3,0.4208,10.0304,0,0
247,19,3,0.4208,10.0304,0,0
248,0,3,0.4208,10.0304,0,0
248,1,3,0.4208,9.95897,0,0
248,2,1,0.4208,29.9597,0,0
248,3,1,0.4208,29.8875,1,0
248,4,2,0.4208,30.0313,0,0
248,5,1,0.4208,29.9598,0,0
248,6,2,0.4208,10.0313,0,0
248,7,3,0.4208,9.95897,0,0
248,8,2,0.4208,29.959,0,0
248,9,3,0.33664,25.0313,0,0
248,10,1,0.33664,9.95897,0,1
248,11,1,0.50496,19.8164,0,0
248,12,2,0.4208,9.88754,0,0
248,13,1,0.4208,10.0304,0,0
248,14,1,0.4208,30.0321,0,0
248,15,2,0.4208,30.0313,0,0
248,16,2,0.4208,29.8161,1,0
248,17,2,0.4208,9.38755,0,0
248,18,3,0.4208,10.0304,0,0
248,19,3,0.4208,10.0304,0,0
249,0,3,0.4208,10.0304,0,0
249,1,3,0.4208,9.95897,0,0
249,2,1,0.4208,29.959,0,0
249,3,1,0.4208,29.659,1,0
249,4,2,0.4208,30.0313,0,0
249,5,1,0.4208,29.9598,0,0
249,6,2,0.4208,10.0313,0,0
249,7,3,0.4208,9.95897,0,0
249,8,2,0.4208,29.959,0,0
249,9,3,0.50496,16.6981,0,0
249,10,1,0.4208,29.8875,0,0
249,11,1,0.4208,13.5877,0,0
249,12,2,0.4208,9.88754,0,0
249,13,1,0.4208,10.0304,0,0
249,14,1,0.4208,30.0321,0,0
249,15,2,0.4208,30.0313,0,0
249,16,2,0.4208,29.8161,1,0
249,17,2,0.4208,9.38754,0,0
249,18,3,0.4208,10.0304,0,0
249,19,3,0.4208,10.0304,0,0
250,0,3,0.4208,10.0304,0,0
250,1,3,0.4208,9.95897,0,0
250,2,1,0.4208,29.959,0,0
250,3,1,0.4208,29.6161,1,0
250,4,2,0.4208,29.8875,0,0
250,5,1,0.4208,29.9598,0,0
250,6,2,0.4208,10.0313,0,0
250,7,3,0.4208,9.95897,0,0
250,8,2,0.4208,30.0313,0,0
250,9,3,0.33664,25.0321,0,0
250,10,1,0.4208,29.8875,0,0
250,11,1,0.4208,9.54469,0,0
250,12,2,0.4208,9.95897,0,0
250,13,1,0.4208,10.0313,0,0
250,14,1,0.4208,30.0321,0,0
250,15,2,0.4208,30.0313,0,0
250,16,2,0.4208,29.8161,1,0
250,17,2,0.4208,10.0304,0,0
250,18,3,0.4208,10.0304,0,0
250,19,3,0.4208,10.0304,0,0
251,0,3,0.4208,10.0304,0,0
251,1,3,0.4208,9.95897,0,0
251,2,1,0.4208,29.959,0,0
251,3,1,0.4208,29.659,1,0
251,4,2,0.4208,30.0313,0,0
251,5,1,0.4208,29.9598,0,0
251,6,2,0.4208,10.0313,0,0
251,7,3,0.4208,9.95897,0,0
251,8,2,0.4208,29.959,0,0
251,9,3,0.50496,16.6981,0,0
251,10,1,0.4208,29.8875,0,0
251,11,1,0.4208,9.58754,0,0
251,12,2,0.4208,9.88754,0,0
251,13,1,0.4208,10.0304,0,0
251,14,1,0.4208,30.0321,0,0
251,15,2,0.4208,30.0313,0,0
251,16,2,0.4208,29.8161,1,0
251,17,2,0.4208,9.38754,0,0
251,18,3,0.4208,10.0304,0,0
251,19,3,0.4208,10.0304,0,0
252,0,3,0.4208,10.0304,0,0
252,1,3,0.4208,9.95897,0,0
252,2,1,0.4208,29.959,0,0
252,3,1,0.4208,29.6447,1,0
252,4,2,0.4208,30.0313,0,0
252,5,1,0.4208,29.9598,0,0
252,6,2,0.4208,10.0313,0,0
252,7,3,0.4208,9.95897,0,0
252,8,2,0.4208,29.959,0,0
252,9,3,0.33664,25.0313,0,0
252,10,1,0.4208,29.8875,0,0
252,11,1,0.4208,9.57326,0,0
252,12,2,0.4208,9.88754,0,0
252,13,1,0.4208,10.0304,0,0
252,14,1,0.4208,30.0321,0,0
252,15,2,0.4208,30.0313,0,0
252,16,2,0.4208,29.8161,1,0
252,17,2,0.4208,9.38754,0,0
252,18,3,0.4208,10.0304,0,0
252,19,3,0.4208,10.0304,0,0
253,0,3,0.4208,10.0304,0,0
253,1,3,0.4208,9.95897,0,0
253,2,1,0.4208,29.959,0,0
253,3,1,0.4208,29.6733,1,0
253,4,2,0.4208,30.0313,0,0
253,5,1,0.4208,29.9598,0,0
253,6,2,0.4208,10.0313,0,0
253,7,3,0.4208,9.95897,0,0
253,8,2,0.4208,29.959,0,0
253,9,3,0.50496,16.6981,0,0
253,10,1,0.4208,29.8875,0,0
253,11,1,0.4208,9.60183,0,0
253,12,2,0.4208,9.88754,0,0
253,13,1,0.4208,10.0304,0,0
253,14,1,0.4208,30.0321,0,0
253,15,2,0.4208,30.0313,0,0
253,16,2,0.4208,29.8161,1,0
253,17,2,0.4208,9.38754,0,0
253,18,3,0.4208,10.0304,0,0
253,19,3,0.4208,10.0304,0,0
254,0,3,0.4208,10.0304,0,0
254,1,3,0.4208,9.95897,0,0
254,2,1,0.4208,29.959,0,0
254,3,1,0.4208,29.6447,1,0
254,4,2,0.4208,30.0313,0,0
254,5,1,0.4208,29.9598,0,0
254,6,2,0.4208,10.0313,0,0
254,7,3,0.4208,9.95897,0,0
254,8,2,0.4208,29.959,0,0
254,9,3,0.4208,10.0313,0,0
254,10,1,0.4208,29.8875,0,0
254,11,1,0.4208,9.57326,0,0
254,12,2,0.4208,9.88754,0,0
254,13,1,0.4208,10.0304,0,0
254,14,1,0.4208,30.0321,0,0
254,15,2,0.4208,30.0313,0,0
254,16,2,0.4208,29.8161,1,0
254,17,2,0.4208,9.40183,0,0
254,18,3,0.4208,10.0304,0,0
254,19,3,0.4208,10.0304,0,0
255,0,3,0.4208,10.0304,0,0
255,1,3,0.4208,9.95897,0,0
255,2,1,0.4208,29.959,0,0
255,3,1,0.4208,29.6447,1,0
255,4,2,0.4208,30.0313,0.8,0
255,5,1,0.4208,29.9598,0,0
255,6,2,0.4208,10.0313,0,0
255,7,3,0.4208,9.95897,0,0
255,8,2,0.4208,29.959,0,0
255,9,3,0.4208,10.0313,0,0
255,10,1,0.4208,29.8875,0,0
255,11,1,0.4208,9.57326,0,0
255,12,2,0.4208,9.88754,0,0
255,13,1,0.4208,10.0304,0,0
255,14,1,0.4208,30.0321,0,0
255,15,2,0.4208,30.0313,0,0
255,16,2,0.4208,29.8161,1,0
255,17,2,0.4208,9.40183,0,0
255,18,3,0.4208,10.0304,0,0
255,19,3,0.4208,10.0304,0,0
256,0,3,0.4208,10.0304,0,0
256,1,3,0.4208,9.95897,0,0
256,2,1,0.4208,29.959,0,0
256,3,1,0.4208,29.6733,1,0
256,4,2,0.4208,29.8875,0.2,0
256,5,1,0.4208,29.9598,0,0
256,6,2,0.4208,10.0313,0,0
256,7,3,0.4208,9.95897,0,0
256,8,2,0.4208,30.0313,0.6,0
256,9,3,0.4208,10.0321,0,0
256,10,1,0.4208,29.8875,0,0
256,11,1,0.4208,9.60183,0,0
256,12,2,0.4208,9.95897,0,0
256,13,1,0.4208,10.0313,0,0
256,14,1,0.4208,30.0321,0,0
256,15,2,0.4208,30.0313,0,0
256,16,2,0.4208,29.8161,1,0
256,17,2,0.4208,10.0304,0,0
256,18,3,0.4208,10.0304,0,0
256,19,3,0.4208,10.0304,0,0
257,0,3,0.4208,10.0304,0,0
257,1,3,0.4208,9.95897,0,0
257,2,1,0.4208,29.959,0,0
257,3,1,0.4208,29.7161,1,0
257,4,0,0.33664,30.0313,0,0
257,5,1,0.4208,29.9598,0,0
257,6,2,0.4208,10.0313,0,0
257,7,3,0.4208,9.95897,0,0
257,8,2,0.4208,29.959,1,0
257,9,3,0.33664,25.0313,0,0
257,10,1,0.4208,29.8875,0,0
257,11,1,0.4208,9.64469,0,0
257,12,2,0.4208,9.88754,0,0
257,13,1,0.4208,10.0304,0,0
257,14,1,0.4208,30.0321,0,0
257,15,2,0.4208,30.0313,0,0
257,16,2,0.4208,29.8161,1,0
257,17,2,0.4208,9.40183,0,0
257,18,3,0.4208,10.0304,0,0
257,19,3,0.4208,10.0304,0,0
258,0,3,0.4208,10.0163,0,0
258,1,3,0.4208,9.95897,0,0
258,2,1,0.4208,29.959,0,0
258,3,1,0.4208,29.6875,1,0
258,4,3,0,0,0,1
258,5,1,0.4208,29.9598,0,0
258,6,2,0.4208,10.0313,0,0
258,7,3,0.4208,9.94468,0,0
258,8,2,0.4208,30.0311,0.6,0
258,9,3,0.4208,30.0321,0,0
258,10,1,0.4208,29.8875,0,0
258,11,1,0.4208,9.61611,0,0
258,12,2,0.4208,9.95897,0,0
258,13,1,0.4208,10.0313,0,0
258,14,1,0.4208,30.0321,0,0
258,15,2,0.4208,30.0311,0,0
258,16,2,0.4208,29.8875,1,0
258,17,2,0.4208,10.0304,0,0
258,18,3,0.4208,10.0304,0,0
258,19,3,0.4208,10.0161,0,0
259,0,3,0.4208,9.95984,0,0
259,1,3,0.4208,9.95897,0,0
259,2,1,0.4208,29.959,0,0
259,3,1,0.4208,29.6733,1,0
259,4,3,0.4208,30.0304,0,0
259,5,1,0.4208,29.9598,0,0
259,6,2,0.4208,10.0313,0,0
259,7,3,0.4208,9.95897,0,0
259,8,0,0.4208,30.0313,0,0
259,9,3,0.4208,22.0325,0,0
259,10,1,0.4208,29.8875,0,0
259,11,1,0.4208,9.60183,0,0
259,12,2,0.4208,9.95897,0,0
259,13,1,0.4208,10.0313,0,0
259,14,1,0.4208,30.0321,1,0
259,15,2,0.4208,30.0313,0,0
259,16,2,0.4208,29.8875,1,0
259,17,2,0.4208,10.0304,0,0
259,18,3,0.4208,10.0304,0,0
259,19,3,0.4208,10.0304,0,0
260,0,3,0.4208,9.95897,0,0
260,1,3,0.4208,9.95897,0,0
260,2,1,0.4208,29.959,0,0
260,3,1,0.4208,29.6447,1,0
260,4,3,0.4208,30.0307,0,0
260,5,1,0.4208,29.9598,0,0
260,6,2,0.4208,10.0307,0,0
260,7,3,0.4208,9.95897,0,0
260,8,2,0.16832,29.9598,0,0
260,9,3,0.50496,16.6985,0,0
260,10,1,0.4208,29.8875,0,0
260,11,1,0.4208,9.57326,0,0
260,12,2,0.4208,9.91611,0,0
260,13,1,0.4208,10.0307,0,0
260,14,1,0.4208,30.0316,0.2,0
260,15,2,0.4208,30.017,0,0
260,16,2,0.4208,29.9738,1,0
260,17,2,0.4208,9.64469,0,0
260,18,3,0.33664,15.0315,0,0
260,19,3,0.4208,10.0304,0,0
261,0,3,0.4208,9.95897,0,0
261,1,3,0.4208,9.95897,0,0
261,2,1,0.4208,29.959,0,0
261,3,1,0.4208,29.6447,1,0
261,4,3,0.4208,30.0304,0,0
261,5,1,0.4208,29.9598,0,0
261,6,2,0.4208,10.0304,0,0
261,7,3,0.4208,9.95897,0,0
261,8,2,0.4208,29.9598,0,0
261,9,3,0.33664,25.0313,0,0
261,10,1,0.4208,29.8875,0,0
261,11,1,0.4208,9.57326,0,0
261,12,2,0.4208,9.88754,0,0
261,13,1,0.4208,10.0304,0,0
261,14,1,0.4208,30.0316,0,0
261,15,2,0.4208,30.0313,0,0
261,16,2,0.4208,30.0313,1,0
261,17,2,0.4208,9.38754,0,0
261,18,3,0.50496,16.6988,0,0
261,19,3,0.4208,10.0304,0,0
262,0,3,0.4208,9.95897,0,0
262,1,3,0.4208,9.95897,0,0
262,2,1,0.4208,29.959,0,0
262,3,1,0.4208,29.6018,1,0
262,4,3,0.4208,30.0304,0,0
262,5,1,0.4208,29.9598,0,0
262,6,2,0.4208,10.0304,0,0
262,7,3,0.4208,9.95897,0,0
262,8,2,0.4208,29.9598,0,0
262,9,3,0.50496,16.6981,0,0
262,10,1,0.4208,29.8875,0,0
262,11,1,0.4208,9.5304,0,0
262,12,2,0.4208,9.88754,0,0
262,13,1,0.4208,10.0304,0,0
262,14,1,0.4208,30.0316,0,0
262,15,2,0.4208,30.0313,0,0
262,16,2,0.4208,30.0313,0.6,0
262,17,2,0.4208,9.38754,0,0
262,18,3,0.33664,15.0319,0,0
262,19,3,0.4208,10.0304,0,0
263,0,3,0.4208,9.95914,0,0
263,1,3,0.4208,9.95897,0,0
263,2,1,0.4208,29.959,0,0
263,3,1,0.4208,29.6018,1,0
263,4,3,0.4208,30.0306,0,0
263,5,1,0.4208,29.9598,0,0
263,6,2,0.4208,10.0304,0,0
263,7,3,0.4208,9.95897,0,0
263,8,2,0.4208,29.974,0,0
263,9,3,0.4208,10.0314,0,0
263,10,1,0.4208,29.8875,0,0
263,11,1,0.4208,9.5304,0,0
263,12,2,0.4208,9.90183,0,0
263,13,1,0.4208,10.0306,0,0
263,14,1,0.4208,30.0313,0,0
263,15,2,0.4208,30.0313,0,0
263,16,0,0.33664,30.0313,0,0
263,17,2,0.4208,9.51612,0,0
263,18,3,0.50496,20.0326,0,0
263,19,3,0.4208,10.0304,0,0
264,0,3,0.4208,9.95984,0,0
264,1,3,0.4208,9.95897,0,0
264,2,3,0.4208,13.9593,0,1
264,3,1,0.4208,29.8161,1,0
264,4,3,0.4208,30.0313,0,0
264,5,1,0.4208,29.9598,0,0
264,6,2,0.4208,10.0304,0,0
264,7,3,0.4208,9.97325,0,0
264,8,2,0.4208,30.0304,0,0
264,9,3,0.33664,20.0326,0,0
264,10,1,0.4208,29.9597,0,0
264,11,1,0.4208,9.74469,0,0
264,12,2,0.4208,9.95897,0,0
264,13,1,0.4208,10.0313,0,0
264,14,1,0.4208,30.0318,0,0
264,15,2,0.4208,30.0311,0,0
264,16,0,0,0,0,0
264,17,2,0.4208,10.0304,0,0
264,18,3,0.4208,14.0318,0,0
264,19,3,0.4208,14.0311,0,0
265,0,3,0.4208,9.95984,0,0
265,1,3,0.4208,9.95897,0,0
265,2,3,0.4208,9.95897,0,0
265,3,1,0.4208,29.902,1,0
265,4,3,0.4208,30.0313,0,0
265,5,1,0.4208,29.9598,0,0
265,6,2,0.4208,10.0304,0,0
265,7,3,0.4208,9.95897,0,0
265,8,2,0.4208,30.0304,0,0
265,9,3,0.4208,26.0323,0,0
265,10,1,0.4208,29.9598,0,0
265,11,1,0.4208,9.8304,0,0
265,12,2,0.4208,9.95897,0,0
265,13,1,0.4208,10.0313,0,0
265,14,1,0.4208,30.0316,0,0
265,15,2,0.4208,30.0313,0,0
265,16,0,0,0,0,0
265,17,2,0.4208,10.0304,0,0
265,18,3,0.33664,15.0319,0,0
265,19,3,0.4208,10.0304,0,0
266,0,3,0.4208,9.95967,0,0
266,1,3,0.4208,9.95897,0,0
266,2,3,0.4208,9.95897,0,0
266,3,1,0.4208,29.902,1,0
266,4,3,0.4208,30.0313,0,0
266,5,1,0.4208,29.9598,0,0
266,6,2,0.4208,10.0304,0,0
266,7,3,0.4208,9.95897,0,0
266,8,2,0.4208,30.0304,0,0
266,9,3,0.4208,22.0325,0,0
266,10,1,0.4208,29.9598,0,0
266,11,1,0.4208,9.8304,0,0
266,12,2,0.4208,9.9304,0,0
266,13,1,0.4208,10.0313,0,0
266,14,1,0.4208,30.0316,0,0
266,15,2,0.4208,30.017,0,0
266,16,2,0,0,0,0
266,17,2,0.4208,10.0304,0,0
266,18,3,0.50496,16.6988,0,0
266,19,3,0.4208,10.0304,0,0
267,0,3,0.4208,9.95984,0,0
267,1,3,0.4208,9.95897,0,0
267,2,3,0.4208,9.95897,0,0
267,3,1,0.4208,29.9165,1,0
267,4,3,0.4208,30.0313,0,0
267,5,1,0.4208,29.9598,0,0
267,6,2,0.4208,10.0304,0,0
267,7,3,0.4208,9.95897,0,0
267,8,2,0.4208,30.0304,0,0
267,9,3,0.4208,26.0323,0,0
267,10,1,0.4208,29.9598,0,0
267,11,1,0.4208,9.84468,0,0
267,12,2,0.4208,9.95897,0,0
267,13,1,0.4208,10.0313,0,0
267,14,1,0.4208,30.0316,0,0
267,15,2,0.4208,30.0313,0,0
267,16,2,0.4208,29.8875,0,0
267,17,2,0.4208,10.0304,0,0
267,18,3,0.33664,15.0319,0,0
267,19,3,0.4208,10.0304,0,0
268,0,3,0.4208,9.95984,0,0
268,1,3,0.4208,9.95897,0,0
268,2,3,0.4208,9.95897,0,0
268,3,2,0.33664,29.9237,1,1
268,4,3,0.4208,30.0313,0,0
268,5,1,0.50496,26.6267,0,0
268,6,2,0.4208,10.0304,0,0
268,7,3,0.4208,9.95897,0,0
268,8,2,0.4208,30.0304,0,0
268,9,3,0.4208,22.0325,0,0
268,10,1,0.4208,29.9598,0,0
268,11,1,0.4208,9.85897,0,0
268,12,2,0.4208,9.95897,0,0
268,13,1,0.4208,10.0313,0,0
268,14,1,0.4208,30.0313,0,0
268,15,2,0.4208,30.0313,0,0
268,16,2,0.4208,29.8875,0,0
268,17,2,0.4208,10.0304,0,0
268,18,3,0.50496,20.0326,0,0
268,19,3,0.4208,10.0304,0,0
269,0,3,0.4208,9.95897,0,0
269,1,3,0.4208,9.95897,0,0
269,2,3,0.4208,9.95897,0,0
269,3,2,0.33664,30.0313,1,0
269,4,3,0.4208,30.0313,0,0
269,5,1,0.4208,17.96,0,0
269,6,2,0.4208,10.0304,0,0
269,7,3,0.4208,9.95914,0,0
269,8,2,0.4208,30.0304,0,0
269,9,3,0.50496,20.0326,0,0
269,10,1,0.4208,29.9598,0,0
269,11,1,0.4208,17.9607,0,0
269,12,2,0.4208,9.81611,0,0
269,13,1,0.4208,10.0313,0,0
269,14,1,0.4208,30.0313,0,0
269,15,2,0.4208,29.96,0,0
269,16,2,0.4208,29.7447,0,0
269,17,2,0.4208,10.0304,0,0
269,18,3,0.33664,20.0326,0,0
269,19,3,0.4208,10.0304,0,0
270,0,3,0.4208,9.95897,0,0
270,1,3,0.4208,9.95897,0,0
270,2,3,0.4208,9.95897,0,0
270,3,2,0.4208,30.0313,1,0
270,4,3,0.4208,30.0313,0,0
270,5,1,0.4208,13.96,0,0
270,6,2,0.4208,10.0304,0,0
270,7,3,0.4208,9.95897,0,0
270,8,2,0.4208,30.0304,0,0
270,9,3,0.33664,20.0326,0,0
270,10,1,0.4208,29.9598,0,0
270,11,1,0.33664,19.9612,0,0
270,12,2,0.4208,9.81611,0,0
270,13,1,0.4208,10.0313,0,0
270,14,1,0.4208,30.0316,0,0
270,15,2,0.4208,29.9598,0,0
270,16,2,0.4208,29.7447,0,0
270,17,2,0.4208,10.0304,0,0
270,18,3,0.50496,16.6988,0,0
270,19,3,0.4208,10.0304,0,0
271,0,3,0.4208,9.95897,0,0
271,1,3,0.4208,9.95897,0,0
271,2,3,0.4208,9.95897,0,0
271,3,2,0.4208,30.0313,1,0
271,4,3,0.4208,30.0313,0,0
271,5,1,0.4208,13.96,0,0
271,6,2,0.4208,10.0304,0,0
271,7,3,0.4208,9.95897,0,0
271,8,2,0.4208,30.0304,0,0
271,9,3,0.50496,20.0326,0,0
271,10,1,0.4208,29.9598,0,0
271,11,1,0.4208,17.9609,0,0
271,12,2,0.4208,9.81611,0,0
271,13,1,0.4208,10.0313,0,0
271,14,1,0.4208,30.032,0,0
271,15,2,0.4208,29.96,0,0
271,16,2,0.4208,29.7447,0,0
271,17,2,0.4208,10.0304,0,0
271,18,3,0.33664,10.0313,0,0
271,19,3,0.4208,10.0304,0,0
272,0,3,0.4208,9.95897,0,0
272,1,3,0.4208,9.95897,0,0
272,2,3,0.4208,9.95897,0,0
272,3,2,0.4208,30.0313,1,0
272,4,3,0.4208,30.0313,0,0
272,5,1,0.4208,9.95984,0,0
272,6,2,0.4208,10.0304,0,0
272,7,3,0.4208,9.95897,0,0
272,8,2,0.4208,30.0304,0,0
272,9,3,0.33664,20.0326,0,0
272,10,1,0.4208,29.9598,0,0
272,11,1,0.50496,19.9612,0,0
272,12,2,0.4208,9.81611,0,0
272,13,1,0.4208,10.0313,0,0
272,14,1,0.4208,30.0313,0,0
272,15,2,0.4208,29.9598,0,0
272,16,2,0.4208,29.7447,0,0
272,17,2,0.4208,10.0304,0,0
272,18,3,0.50496,20.0326,0,0
272,19,3,0.4208,10.0304,0,0
273,0,3,0.4208,9.95897,0,0
273,1,3,0.4208,9.95897,0,0
273,2,3,0.4208,9.95897,0,0
273,3,2,0.4208,30.0313,1,0
273,4,3,0.4208,30.0313,0,0
273,5,1,0.4208,9.95984,0,0
273,6,2,0.4208,10.0304,0,0
273,7,3,0.4208,9.95897,0,0
273,8,2,0.4208,30.0304,0,0
273,9,3,0.50496,20.0326,0,0
273,10,1,0.50496,23.2933,0,0
273,11,1,0.33664,9.95984,0,0
273,12,2,0.4208,9.81611,0,0
273,13,1,0.4208,10.0313,0,0
273,14,1,0.4208,30.0313,0,0
273,15,2,0.4208,29.9605,0,0
273,16,2,0.4208,29.7447,0,0
273,17,2,0.4208,10.0304,0,0
273,18,3,0.33664,20.0326,0,0
273,19,3,0.4208,10.0304,0,0
274,0,3,0.4208,9.95897,0,0
274,1,3,0.4208,9.95897,0,0
274,2,3,0.4208,9.95897,0,0
274,3,2,0.4208,30.0318,1,0
274,4,3,0.4208,30.0313,0,0
274,5,1,0.4208,9.95984,0,0
274,6,2,0.4208,10.0304,0,0
274,7,3,0.4208,9.95897,0,0
274,8,2,0.4208,30.0304,0,0
274,9,3,0.33664,20.0326,0,0
274,10,1,0.33664,14.9601,0,0
274,11,1,0.50496,13.353,0,0
274,12,2,0.4208,9.80183,0,0
274,13,1,0.4208,10.0313,0,0
274,14,1,0.4208,30.0313,0,0
274,15,2,0.4208,29.96,0,0
274,16,2,0.4208,29.7304,0,0
274,17,2,0.4208,10.0304,0,0
274,18,3,0.50496,20.0326,0,0
274,19,3,0.4208,10.0306,0,0
275,0,3,0.4208,9.95897,0,0
275,1,3,0.4208,9.95897,0,0
275,2,3,0.4208,9.95897,0,0
275,3,2,0.4208,30.032,1,0
275,4,3,0.4208,30.0313,0,0
275,5,1,0.4208,9.95984,0,0
275,6,2,0.4208,10.0304,0,0
275,7,3,0.4208,9.95897,0,0
275,8,2,0.4208,30.0304,0,0
275,9,3,0.50496,20.0326,0,0
275,10,1,0.50496,13.2933,0,0
275,11,1,0.4208,10.0163,0,0
275,12,2,0.4208,9.78754,0,0
275,13,1,0.4208,10.0313,0,0
275,14,1,0.4208,30.0313,0,0
275,15,2,0.4208,29.96,0,0
275,16,2,0.4208,29.7161,0,0
275,17,2,0.4208,10.0304,0,0
275,18,3,0.33664,20.0326,0,0
275,19,3,0.4208,10.0311,0,0
276,0,3,0.4208,9.95897,0,0
276,1,3,0.4208,9.95897,0,0
276,2,3,0.4208,9.95897,0,0
276,3,2,0.4208,30.0321,1,0
276,4,3,0.4208,30.0313,0,0
276,5,1,0.4208,9.95984,0,0
276,6,2,0.4208,10.0304,0,0
276,7,3,0.4208,9.95897,0,0
276,8,2,0.4208,30.0304,0,0
276,9,3,0.33664,30.0321,0,0
276,10,1,0.4208,9.95984,0,0
276,11,1,0.4208,10.0304,0,0
276,12,2,0.4208,9.77326,0,0
276,13,1,0.4208,10.0313,0,0
276,14,1,0.4208,30.0313,0,0
276,15,2,0.4208,29.9598,0,0
276,16,2,0.4208,29.7018,0,0
276,17,2,0.4208,10.0304,0,0
276,18,3,0.50496,20.0326,0,0
276,19,3,0.4208,10.0313,0,0
277,0,3,0.4208,9.95897,0,0
277,1,3,0.4208,9.95897,0,0
277,2,3,0.4208,9.95897,0,0
277,3,2,0.4208,30.0321,1,0
277,4,3,0.4208,30.0313,0,0
277,5,1,0.4208,9.95984,0,0
277,6,2,0.4208,10.0304,0,0
277,7,3,0.4208,9.95897,0,0
277,8,2,0.4208,30.0304,0,0
277,9,3,0.4208,22.0325,0,0
277,10,1,0.4208,9.95984,0,0
277,11,1,0.4208,10.0304,0,0
277,12,2,0.4208,9.74469,0,0
277,13,1,0.4208,10.0313,0,0
277,14,1,0.4208,30.0313,0,0
277,15,2,0.4208,29.9598,0,0
277,16,2,0.4208,29.6733,0,0
277,17,2,0.4208,10.0304,0,0
277,18,3,0.33664,20.0326,0,0
277,19,3,0.4208,10.0313,0,0
278,0,3,0.4208,9.95897,0,0
278,1,3,0.4208,9.95897,0,0
278,2,3,0.4208,9.95897,0,0
278,3,2,0.4208,30.0321,1,0
278,4,3,0.4208,30.0313,0,0
278,5,1,0.4208,9.95984,0,0
278,6,2,0.4208,10.0304,0,0
278,7,3,0.4208,9.95897,0,0
278,8,2,0.4208,30.0304,0,0
278,9,3,0.50496,20.0326,0,0
278,10,1,0.4208,9.95984,0,0
278,11,1,0.4208,10.0304,0,0
278,12,2,0.4208,9.74469,0,0
278,13,1,0.4208,10.0313,0,0
278,14,1,0.4208,30.0313,0,0
278,15,2,0.4208,29.9598,0,0
278,16,2,0.4208,29.6733,0,0
278,17,2,0.4208,10.0304,0,0
278,18,3,0.50496,20.0326,0,0
278,19,3,0.4208,10.0313,0,0
279,0,3,0.4208,9.95897,0,0
279,1,3,0.4208,9.95897,0,0
279,2,3,0.4208,9.95897,0,0
279,3,2,0.4208,30.0321,1,0
279,4,3,0.4208,30.0313,0,0
279,5,1,0.4208,9.95984,0,0
279,6,2,0.4208,10.0304,0,0
279,7,3,0.4208,9.95897,0,0
279,8,2,0.4208,30.0304,0,0
279,9,3,0.33664,20.0326,0,0
279,10,1,0.4208,9.95984,0,0
279,11,1,0.4208,10.0304,0,0
279,12,2,0.4208,9.74468,0,0
279,13,1,0.4208,10.0313,0,0
279,14,1,0.4208,30.0313,0,0
279,15,2,0.4208,29.9598,0,0
279,16,2,0.4208,29.6733,0,0
279,17,2,0.4208,10.0304,0,0
279,18,3,0.33664,20.0326,0,0
279,19,3,0.4208,10.0313,0,0
280,0,3,0.4208,9.95897,0,0
280,1,3,0.4208,9.95897,0,0
280,2,3,0.4208,9.95897,0,0
280,3,2,0.4208,30.0321,1,0
280,4,3,0.4208,30.0313,0,0
280,5,1,0.4208,9.95984,0,0
280,6,2,0.4208,10.0304,0,0
280,7,3,0.4208,9.95897,0,0
280,8,2,0.4208,30.0304,0,0
280,9,3,0.4208,26.0323,0,0
280,10,1,0.4208,9.95984,0,0
280,11,1,0.4208,10.0304,0,0
280,12,2,0.4208,9.74469,0,0
280,13,1,0.4208,10.0313,0,0
280,14,1,0.4208,30.0313,0,0
280,15,2,0.4208,29.9598,0,0
280,16,2,0.4208,29.6733,0,0
280,17,2,0.4208,10.0304,0,0
280,18,3,0.50496,20.0326,0,0
280,19,3,0.4208,10.0313,0,0
281,0,3,0.4208,9.95897,0,0
281,1,3,0.4208,9.95897,0,0
281,2,3,0.4208,9.95897,0,0
281,3,2,0.4208,30.0321,1,0
281,4,3,0.4208,30.0313,0,0
281,5,1,0.4208,9.95984,0,0
281,6,2,0.4208,10.0304,0,0
281,7,3,0.4208,9.95897,0,0
281,8,2,0.4208,30.0304,0,0
281,9,3,0.4208,30.0321,0,0
281,10,1,0.4208,9.95984,0,0
281,11,1,0.4208,10.0304,0,0
281,12,2,0.4208,9.74469,0,0
281,13,1,0.4208,10.0313,0,0
281,14,1,0.4208,30.0314,0,0
281,15,2,0.4208,29.9598,0,0
281,16,2,0.4208,29.6733,0,0
281,17,2,0.4208,10.0304,0,0
281,18,3,0.4208,18.0323,0,0
281,19,3,0.4208,10.0313,0,0
282,0,3,0.4208,9.95897,0,0
282,1,3,0.4208,9.95897,0,0
282,2,3,0.4208,9.95897,0,0
282,3,2,0.4208,30.0321,1,0
282,4,3,0.4208,30.0313,0,0
282,5,1,0.4208,9.95984,0,0
282,6,2,0.4208,10.0304,0,0
282,7,3,0.4208,9.95897,0,0
282,8,2,0.4208,30.0304,0,0
282,9,3,0.4208,22.0325,0,0
282,10,1,0.4208,9.95984,0,0
282,11,1,0.4208,10.0304,0,0
282,12,2,0.4208,9.74469,0,0
282,13,1,0.4208,10.0313,0,0
282,14,1,0.4208,30.0313,0,0
282,15,2,0.4208,29.9598,0,0
282,16,2,0.4208,29.6733,0,0
282,17,2,0.4208,10.0304,0,0
282,18,3,0.33664,20.0326,0,0
282,19,3,0.4208,10.0313,0,0
283,0,3,0.4208,9.95897,0,0
283,1,3,0.4208,9.95897,0,0
283,2,3,0.4208,9.95897,0,0
283,3,2,0.4208,30.0321,1,0
283,4,3,0.4208,30.0313,0,0
283,5,1,0.4208,9.95984,0,0
283,6,2,0.4208,10.0304,0,0
283,7,3,0.4208,9.95897,0,0
283,8,2,0.4208,30.0304,0,0
283,9,3,0.50496,20.0326,0,0
283,10,1,0.4208,9.95984,0,0
283,11,1,0.4208,10.0304,0,0
283,12,2,0.4208,9.74469,0,0
283,13,1,0.4208,10.0313,0,0
283,14,1,0.4208,30.0313,0,0
283,15,2,0.4208,29.9598,0,0
283,16,2,0.4208,29.6733,0,0
283,17,2,0.4208,10.0304,0,0
283,18,3,0.50496,20.0326,0,0
283,19,3,0.4208,10.0313,0,0
284,0,3,0.4208,9.95897,0,0
284,1,3,0.4208,9.95897,0,0
284,2,3,0.4208,9.95897,0,0
284,3,2,0.4208,30.0321,1,0
284,4,3,0.4208,30.0313,0,0
284,5,1,0.4208,9.95984,0,0
284,6,2,0.4208,10.0304,0,0
284,7,3,0.4208,9.95897,0,0
284,8,2,0.4208,30.0304,0,0
284,9,3,0.33664,20.0326,0,0
284,10,1,0.4208,9.95984,0,0
284,11,1,0.4208,10.0304,0,0
284,12,2,0.4208,9.74468,0,0
284,13,1,0.4208,10.0313,0,0
284,14,1,0.4208,30.0313,0,0
284,15,2,0.4208,29.9598,0,0
284,16,2,0.4208,29.6733,0,0
284,17,2,0.4208,10.0304,0,0
284,18,3,0.33664,20.0326,0,0
284,19,3,0.4208,10.0313,0,0
285,0,3,0.4208,9.95897,0,0
285,1,3,0.4208,9.95897,0,0
285,2,3,0.4208,9.95897,0,0
285,3,2,0.4208,30.0321,1,0
285,4,3,0.4208,30.0313,0,0
285,5,1,0.4208,9.95984,0,0
285,6,2,0.4208,10.0304,0,0
285,7,3,0.4208,9.95897,0,0
285,8,2,0.4208,30.0304,0,0
285,9,3,0.4208,26.0323,0,0
285,10,1,0.4208,9.95984,0,0
285,11,1,0.4208,10.0304,0,0
285,12,2,0.4208,9.74469,0,0
285,13,1,0.4208,10.0313,0,0
285,14,1,0.4208,30.0313,0,0
285,15,2,0.4208,29.9598,0,0
285,16,2,0.4208,29.6733,0,0
285,17,2,0.4208,10.0304,0,0
285,18,3,0.50496,20.0326,0,0
285,19,3,0.4208,10.0313,0,0
286,0,3,0.4208,9.95897,0,0
286,1,3,0.4208,9.95897,0,0
286,2,3,0.4208,9.95897,0,0
286,3,2,0.4208,30.0321,1,0
286,4,3,0.4208,30.0313,0,0
286,5,1,0.4208,9.95984,0,0
286,6,2,0.4208,10.0304,0,0
286,7,3,0.4208,9.95897,0,0
286,8,2,0.4208,30.0304,0,0
286,9,3,0.4208,30.0321,0,0
286,10,1,0.4208,9.95984,0,0
286,11,1,0.4208,10.0304,0,0
286,12,2,0.4208,9.74469,0,0
286,13,1,0.4208,10.0313,0,0
286,14,1,0.4208,30.0314,0,0
286,15,2,0.4208,29.9598,0,0
286,16,2,0.4208,29.6733,0,0
286,17,2,0.4208,10.0304,0,0
286,18,3,0.4208,18.0323,0,0
286,19,3,0.4208,10.0313,0,0
287,0,3,0.4208,9.95897,0,0
287,1,3,0.4208,9.95897,0,0
287,2,3,0.4208,9.95897,0,0
287,3,2,0.4208,30.0321,1,0
287,4,3,0.4208,30.0313,0,0
287,5,1,0.4208,9.95984,0,0
287,6,2,0.4208,10.0304,0,0
287,7,3,0.4208,9.95897,0,0
287,8,2,0.4208,30.0304,0,0
287,9,3,0.4208,22.0325,0,0
287,10,1,0.4208,9.95984,0,0
287,11,1,0.4208,10.0304,0,0
287,12,2,0.4208,9.74469,0,0
287,13,1,0.4208,10.0313,0,0
287,14,1,0.4208,30.0314,0,0
287,15,2,0.4208,29.9598,0,0
287,16,2,0.4208,29.6733,0,0
287,17,2,0.4208,10.0304,0,0
287,18,3,0.4208,18.0323,0,0
287,19,3,0.4208,10.0313,0,0
288,0,3,0.4208,9.95897,0,0
288,1,3,0.4208,9.95897,0,0
288,2,3,0.4208,9.95897,0,0
288,3,2,0.4208,30.0321,1,0
288,4,3,0.4208,30.0313,0,0
288,5,1,0.4208,9.95984,0,0
288,6,2,0.4208,10.0304,0,0
288,7,3,0.4208,9.95897,0,0
288,8,2,0.4208,30.0304,0,0
288,9,3,0.50496,20.0326,0,0
288,10,1,0.4208,9.95984,0,0
288,11,1,0.4208,10.0304,0,0
288,12,2,0.4208,9.74469,0,0
288,13,1,0.4208,10.0313,0,0
288,14,1,0.4208,30.0313,0,0
288,15,2,0.4208,29.9598,0,0
288,16,2,0.4208,29.6733,0,0
288,17,2,0.4208,10.0304,0,0
288,18,3,0.33664,20.0326,0,0
288,19,3,0.4208,10.0313,0,0
289,0,3,0.4208,9.95897,0,0
289,1,3,0.4208,9.95897,0,0
289,2,3,0.4208,9.95897,0,0
289,3,2,0.4208,30.0321,1,0
289,4,3,0.4208,30.0313,0,0
289,5,1,0.4208,9.95984,0,0
289,6,2,0.4208,10.0304,0,0
289,7,3,0.4208,9.95897,0,0
289,8,2,0.4208,30.0304,0,0
289,9,3,0.33664,30.0319,0,0
289,10,1,0.4208,9.95984,0,0
289,11,1,0.4208,10.0304,0,0
289,12,2,0.4208,9.74468,0,0
289,13,1,0.4208,14.0318,0,0
289,14,1,0.4208,30.0316,0,0
289,15,2,0.4208,29.9598,0,0
289,16,2,0.4208,29.6733,0,0
289,17,2,0.4208,10.0304,0,0
289,18,3,0.50496,16.6988,0,0
289,19,3,0.4208,10.0313,0,0
290,0,3,0.4208,9.95897,0,0
290,1,3,0.4208,9.95897,0,0
290,2,3,0.4208,9.95897,0,0
290,3,2,0.4208,30.0321,1,0
290,4,3,0.4208,30.0313,0,0
290,5,1,0.4208,9.95984,0,0
290,6,2,0.4208,10.0304,0,0
290,7,3,0.4208,9.95897,0,0
290,8,2,0.4208,30.0304,0,0
290,9,3,0.4208,30.0313,0,0
290,10,1,0.4208,9.95984,0,0
290,11,1,0.4208,10.0304,0,0
290,12,2,0.4208,9.74469,0,0
290,13,1,0.4208,22.0325,0,0
290,14,1,0.4208,30.0316,0,0
290,15,2,0.4208,29.9598,0,0
290,16,2,0.4208,29.6733,0,0
290,17,2,0.4208,10.0304,0,0
290,18,3,0.33664,15.0319,0,0
290,19,3,0.4208,10.0313,0,0
291,0,3,0.4208,9.95897,0,0
291,1,3,0.4208,9.95897,0,0
291,2,3,0.4208,9.95897,0,0
291,3,2,0.4208,30.0316,1,0
291,4,3,0.4208,30.0313,0,0
291,5,1,0.4208,9.95984,0,0
291,6,2,0.4208,10.0304,0,0
291,7,3,0.4208,9.95897,0,0
291,8,2,0.4208,30.0304,0,0
291,9,3,0.4208,22.032,0,0
291,10,1,0.33664,24.9601,0,0
291,11,1,0.4208,9.98807,0,0
291,12,2,0.4208,9.74469,0,0
291,13,1,0.4208,22.0321,0,0
291,14,1,0.4208,30.0316,0,0
291,15,2,0.4208,29.9604,0,0
291,16,2,0.4208,29.6733,0,0
291,17,2,0.4208,10.0304,0,0
291,18,3,0.50496,16.6988,0,0
291,19,3,0.4208,10.0307,0,0
292,0,3,0.4208,9.95897,0,0
292,1,3,0.4208,9.95897,0,0
292,2,3,0.4208,9.95897,0,0
292,3,2,0.4208,30.0313,1,0
292,4,3,0.4208,30.0313,0,0
292,5,1,0.4208,9.95984,0,0
292,6,2,0.4208,10.0304,0,0
292,7,3,0.4208,9.95897,0,0
292,8,2,0.4208,30.0304,0,0
292,9,3,0.50496,20.032,0,0
292,10,1,0.4208,29.9598,0,0
292,11,1,0.4208,9.95984,0,0
292,12,2,0.4208,9.74469,0,0
292,13,1,0.33664,30.0317,0,0
292,14,1,0.4208,30.0321,0,0
292,15,2,0.4208,29.9607,0,0
292,16,2,0.4208,29.6733,0,0
292,17,2,0.4208,10.0304,0,0
292,18,3,0.4208,10.0313,0,0
292,19,3,0.4208,10.0304,0,0
293,0,3,0.4208,9.95897,0,0
293,1,3,0.4208,9.95897,0,0
293,2,3,0.4208,9.95897,0,0
293,3,2,0.4208,30.0313,1,0
293,4,3,0.4208,30.0313,0,0
293,5,1,0.4208,9.95984,0,0
293,6,2,0.4208,10.0304,0,0
293,7,3,0.4208,9.95897,0,0
293,8,2,0.4208,30.0304,0,0
293,9,3,0.33664,20.0321,0,0
293,10,1,0.4208,29.9598,0,0
293,11,1,0.4208,9.95984,0,0
293,12,2,0.4208,9.74469,0,0
293,13,1,0.4208,30.0316,0,0
293,14,1,0.4208,30.0316,0,0
293,15,2,0.4208,29.9607,0,0
293,16,2,0.4208,29.6733,0,0
293,17,2,0.4208,10.0304,0,0
293,18,3,0.33664,15.0319,0,0
293,19,3,0.4208,10.0304,0,0
294,0,3,0.4208,9.95897,0,0
294,1,3,0.4208,9.95897,0,0
294,2,3,0.4208,9.95897,0,0
294,3,2,0.4208,30.0313,1,0
294,4,3,0.4208,30.0313,0,0
294,5,1,0.4208,9.95984,0,0
294,6,2,0.4208,10.0304,0,0
294,7,3,0.4208,9.95897,0,0
294,8,2,0.4208,30.0304,0,0
294,9,3,0.4208,26.0316,0,0
294,10,1,0.4208,29.9598,0,0
294,11,1,0.4208,9.95984,0,0
294,12,2,0.4208,9.74468,0,0
294,13,1,0.4208,30.032,0,0
294,14,1,0.4208,30.0313,0,0
294,15,2,0.4208,29.9607,0,0
294,16,2,0.4208,29.6733,0,0
294,17,2,0.4208,10.0304,0,0
294,18,3,0.50496,20.0326,0,0
294,19,3,0.4208,10.0304,0,0
295,0,3,0.4208,9.95897,0,0
295,1,3,0.4208,9.95897,0,0
295,2,3,0.4208,9.95897,0,0
295,3,2,0.4208,30.0318,1,0
295,4,3,0.4208,30.0313,0,0
295,5,1,0.4208,9.95984,0,0
295,6,2,0.4208,10.0304,0,0
295,7,3,0.4208,9.95897,0,0
295,8,2,0.4208,30.0304,0,0
295,9,3,0.4208,30.0313,0,0
295,10,1,0.33664,30.0141,0,0
295,11,1,0.4208,10.0022,0,0
295,12,2,0.4208,9.75897,0,0
295,13,1,0.4208,30.0321,0,0
295,14,0,0.16832,30.0313,0,0
295,15,2,0.4208,29.9602,0,0
295,16,2,0.4208,29.6875,0,0
295,17,2,0.4208,10.0304,0,0
295,18,3,0.4208,14.0318,0,0
295,19,3,0.4208,10.0309,0,0
296,0,3,0.4208,9.95897,0,0
296,1,3,0.4208,9.95897,0,0
296,2,3,0.4208,9.95897,0,0
296,3,2,0.4208,30.0314,1,0
296,4,3,0.4208,30.0313,0,0
296,5,1,0.4208,9.95984,0,0
296,6,2,0.4208,10.0304,0,0
296,7,3,0.4208,9.95914,0,0
296,8,2,0.4208,30.0304,0,0
296,9,3,0.4208,30.0313,0,0
296,10,1,0.50496,29.9839,0,0
296,11,1,0.4208,9.95932,0,0
296,12,2,0.4208,9.74469,0,0
296,13,1,0.4208,30.0321,0,0
296,14,1,0.16832,30.0313,0,0
296,15,2,0.4208,29.9604,0,0
296,16,2,0.4208,29.6733,0,0
296,17,2,0.4208,10.0304,0,0
296,18,3,0.33664,15.0319,0,0
296,19,3,0.4208,10.0306,0,0
297,0,3,0.4208,9.95897,0,0
297,1,3,0.4208,9.95897,0,0
297,2,3,0.4208,9.95897,0,0
297,3,2,0.4208,30.0313,1,0
297,4,3,0.4208,30.0313,0,0
297,5,1,0.4208,9.95984,0,0
297,6,2,0.4208,10.0304,0,0
297,7,3,0.4208,9.95914,0,0
297,8,2,0.4208,30.0304,0,0
297,9,3,0.50496,23.3652,0,0
297,10,1,0.4208,29.9598,0,0
297,11,1,0.4208,9.90183,0,0
297,12,2,0.4208,9.74469,0,0
297,13,1,0.4208,30.032,0,0
297,14,1,0.4208,30.0313,0,0
297,15,2,0.4208,29.96,0,0
297,16,2,0.4208,29.6733,0,0
297,17,2,0.4208,10.0304,0,0
297,18,3,0.50496,20.0326,0,0
297,19,3,0.4208,10.0304,0,0
298,0,3,0.4208,9.95897,0,0
298,1,3,0.4208,9.95897,0,0
298,2,3,0.4208,9.95897,0,0
298,3,2,0.4208,30.0313,1,0
298,4,3,0.4208,30.0313,0,0
298,5,1,0.4208,9.95984,0,0
298,6,2,0.4208,10.0304,0,0
298,7,3,0.4208,9.95897,0,0
298,8,2,0.4208,30.0304,0,0
298,9,3,0.33664,20.0321,0,0
298,10,1,0.4208,29.9598,0,0
298,11,1,0.4208,9.88754,0,0
298,12,2,0.4208,9.75897,0,0
298,13,1,0.4208,30.0316,0,0
298,14,1,0.4208,30.0318,0,0
298,15,2,0.4208,29.9598,0,0
298,16,2,0.4208,29.6875,0,0
298,17,2,0.4208,10.0304,0,0
298,18,3,0.4208,14.0318,0,0
298,19,3,0.4208,10.0304,0,0
299,0,3,0.4208,9.95897,0,0
299,1,3,0.4208,9.95897,0,0
299,2,3,0.4208,9.95897,0,0
299,3,2,0.4208,30.0313,1,0
299,4,3,0.4208,30.0313,0,0
299,5,1,0.4208,9.95984,0,0
299,6,2,0.4208,10.0304,0,0
299,7,3,0.4208,9.95897,0,0
299,8,2,0.4208,30.0304,0,0
299,9,3,0.4208,26.0316,0,0
299,10,1,0.4208,29.9598,0,0
299,11,1,0.4208,9.88754,0,0
299,12,2,0.4208,9.75897,0,0
299,13,1,0.4208,22.0327,0,0
299,14,1,0.4208,30.0316,0,0
299,15,2,0.4208,29.9598,0,0
299,16,2,0.4208,29.6875,0,0
299,17,2,0.4208,10.0304,0,0
299,18,3,0.33664,15.0319,0,0
299,19,3,0.4208,10.0304,0,0
300,0,3,0.4208,9.95897,0,0
300,1,3,0.4208,9.95897,0,0
300,2,3,0.4208,9.95897,0,0
300,3,2,0.4208,30.0313,1,0
300,4,3,0.4208,30.0313,0,0
300,5,1,0.4208,9.95984,0,0
300,6,2,0.4208,10.0304,0,0
300,7,3,0.4208,9.95897,0,0
300,8,2,0.4208,30.0304,0,0
300,9,3,0.4208,30.0316,0,0
300,10,1,0.4208,29.9598,0,0
300,11,1,0.4208,9.87326,0,0
300,12,2,0.4208,9.75897,0,0
300,13,1,0.4208,18.032,0,0
300,14,1,0.4208,30.0316,0,0
300,15,2,0.4208,29.9598,0,0
300,16,2,0.4208,29.6875,0,0
300,17,2,0.4208,10.0304,0,0
300,18,3,0.50496,16.6988,0,0
300,19,3,0.4208,10.0304,0,0
301,0,3,0.4208,9.95897,0,0
301,1,3,0.4208,9.95897,0,0
301,2,3,0.4208,9.95897,0,0
301,3,2,0.4208,30.0313,1,0
301,4,3,0.4208,30.0313,0,0
301,5,1,0.4208,9.95984,0,0
301,6,2,0.4208,10.0304,0,0
301,7,3,0.4208,9.95897,0,0
301,8,2,0.4208,30.0304,0,0
301,9,3,0.4208,22.032,0,0
301,10,1,0.4208,29.9598,0,0
301,11,1,0.4208,9.8304,0,0
301,12,2,0.4208,9.75897,0,0
301,13,1,0.50496,16.6985,0,0
301,14,1,0.4208,30.0321,0,0
301,15,2,0.4208,29.9598,0,0
301,16,2,0.4208,29.6875,0,0
301,17,2,0.4208,10.0304,0,0
301,18,3,0.4208,10.0313,0,0
301,19,3,0.4208,10.0304,0,0
302,0,3,0.4208,9.95897,0,0
302,1,3,0.4208,9.95897,0,0
302,2,3,0.4208,9.95897,0,0
302,3,2,0.4208,30.0313,1,0
302,4,3,0.4208,30.0313,0,0
302,5,1,0.4208,9.95984,0,0
302,6,2,0.4208,10.0304,0,0
302,7,3,0.4208,9.95897,0,0
302,8,2,0.4208,30.0304,0,0
302,9,3,0.50496,20.0327,0,0
302,10,1,0.4208,29.9598,0,0
302,11,1,0.4208,9.8304,0,0
302,12,2,0.4208,9.75897,0,0
302,13,1,0.4208,14.0316,0,0
302,14,1,0.4208,30.0316,0,0
302,15,2,0.4208,29.9598,0,0
302,16,2,0.4208,29.6875,0,0
302,17,2,0.4208,10.0304,0,0
302,18,3,0.33664,15.0319,0,0
302,19,3,0.4208,10.0304,0,0
303,0,3,0.4208,9.95897,0,0
303,1,3,0.4208,9.95897,0,0
303,2,3,0.4208,9.95897,0,0
303,3,2,0.4208,30.0313,1,0
303,4,3,0.4208,30.0313,0,0
303,5,1,0.4208,9.95984,0,0
303,6,2,0.4208,10.0304,0,0
303,7,3,0.4208,9.95897,0,0
303,8,2,0.4208,30.0304,0,0
303,9,3,0.33664,20.0321,0,0
303,10,1,0.4208,29.9598,0,0
303,11,1,0.4208,9.78754,0,0
303,12,2,0.4208,9.78754,0,0
303,13,1,0.4208,14.0314,0,0
303,14,1,0.4208,30.0316,0,0
303,15,2,0.4208,29.9598,0,0
303,16,2,0.4208,29.7161,0,0
303,17,2,0.4208,10.0304,0,0
303,18,3,0.50496,16.6988,0,0
303,19,3,0.4208,10.0304,0,0
304,0,3,0.4208,9.95897,0,0
304,1,3,0.4208,9.95897,0,0
304,2,3,0.4208,9.95897,0,0
304,3,2,0.4208,30.0313,1,0
304,4,3,0.4208,30.0313,0,0
304,5,1,0.4208,9.95984,0,0
304,6,2,0.4208,10.0304,0,0
304,7,3,0.4208,9.95897,0,0
304,8,2,0.4208,30.0304,0,0
304,9,3,0.50496,20.0323,0,0
304,10,1,0.4208,29.9598,0,0
304,11,1,0.4208,9.75897,0,0
304,12,2,0.4208,9.78754,0,0
304,13,1,0.4208,14.0314,0,0
304,14,1,0.4208,30.0321,0,0
304,15,2,0.4208,29.9598,0,0
304,16,2,0.4208,29.7161,0,0
304,17,2,0.4208,10.0304,0,0
304,18,3,0.4208,10.0313,0,0
304,19,3,0.4208,10.0304,0,0
305,0,3,0.4208,9.95897,0,0
305,1,3,0.4208,9.95897,0,0
305,2,3,0.4208,9.95897,0,0
305,3,2,0.4208,30.0313,1,0
305,4,3,0.4208,30.0313,0,0
305,5,1,0.4208,9.95984,0,0
305,6,2,0.4208,10.0304,0,0
305,7,3,0.4208,9.95897,0,0
305,8,2,0.4208,30.0304,0,0
305,9,3,0.33664,20.0321,0,0
305,10,1,0.4208,29.9598,0,0
305,11,1,0.4208,9.68754,0,0
305,12,2,0.4208,9.78754,0,0
305,13,1,0.4208,14.0314,0,0
305,14,1,0.4208,30.0316,0,0
305,15,2,0.4208,29.9598,0,0
305,16,2,0.4208,29.7161,0,0
305,17,2,0.4208,10.0304,0,0
305,18,3,0.33664,15.0319,0,0
305,19,3,0.4208,10.0304,0,0
306,0,3,0.4208,9.95897,0,0
306,1,3,0.4208,9.95897,0,0
306,2,3,0.4208,9.95897,0,0
306,3,2,0.4208,30.0313,1,0
306,4,3,0.4208,30.0313,0.8,0
306,5,1,0.4208,9.95984,0,0
306,6,2,0.4208,10.0304,0,0
306,7,3,0.4208,9.95897,0,0
306,8,2,0.4208,30.0304,0,0
306,9,3,0.4208,26.0323,0,0
306,10,1,0.4208,29.9598,0,0
306,11,1,0.4208,9.61611,0,0
306,12,2,0.4208,9.77326,0,0
306,13,1,0.4208,10.0313,0,0
306,14,1,0.4208,30.0316,0,0
306,15,2,0.4208,29.9598,0,0
306,16,2,0.4208,29.7018,0,0
306,17,2,0.4208,10.0304,0,0
306,18,3,0.50496,16.6988,0,0
306,19,3,0.4208,10.0304,0,0
307,0,3,0.4208,9.95897,0,0
307,1,3,0.4208,9.95897,0,0
307,2,3,0.4208,9.95897,0,0
307,3,2,0.4208,30.0313,1,0
307,4,3,0.4208,30.0313,1,0
307,5,1,0.4208,9.95984,0,0
307,6,2,0.4208,10.0304,0,0
307,7,3,0.4208,9.95897,0,0
307,8,2,0.4208,30.0304,0,0
307,9,3,0.4208,22.0318,0,0
307,10,1,0.4208,29.9598,0,0
307,11,1,0.4208,9.55897,0,0
307,12,2,0.4208,9.78754,0,0
307,13,1,0.4208,10.0306,0,0
307,14,1,0.4208,30.0316,0,0
307,15,2,0.4208,29.9598,0,0
307,16,2,0.4208,29.7161,0,0
307,17,2,0.4208,18.0314,0,0
307,18,3,0.33664,15.0319,0,0
307,19,3,0.4208,10.0304,0,0
308,0,3,0.4208,9.95897,0,0
308,1,3,0.4208,9.95897,0,0
308,2,3,0.4208,9.95897,0,0
308,3,2,0.4208,30.0313,1,0
308,4,3,0.4208,30.0313,0.2,0
308,5,1,0.4208,9.95984,0,0
308,6,2,0.4208,10.0304,0,0
308,7,3,0.4208,9.95897,0,0
308,8,2,0.4208,30.0304,0.6,0
308,9,3,0.4208,18.0318,0,0
308,10,1,0.4208,29.9598,0,0
308,11,1,0.4208,9.50183,0,0
308,12,2,0.4208,9.81611,0,0
308,13,1,0.4208,14.0313,0,0
308,14,1,0.4208,30.0313,0,0
308,15,2,0.4208,29.9598,0,0
308,16,2,0.4208,29.7447,0,0
308,17,2,0.4208,14.0309,0,0
308,18,3,0.50496,20.0326,0,0
308,19,3,0.4208,10.0304,0,0
309,0,3,0.4208,9.95897,0,0
309,1,3,0.4208,9.95897,0,0
309,2,3,0.4208,9.95897,0,0
309,3,2,0.4208,30.0313,1,0
309,4,3,0.4208,30.0313,0,0
309,5,1,0.4208,9.95984,0,0
309,6,2,0.4208,10.0304,0,0
309,7,3,0.4208,9.95897,0,0
309,8,2,0.4208,30.0304,1,0
309,9,3,0.4208,26.0321,0,0
309,10,1,0.4208,29.9598,0,0
309,11,1,0.4208,9.5304,0,0
309,12,2,0.4208,9.81611,0,0
309,13,1,0.33664,10.0313,0,0
309,14,1,0.4208,30.0318,0,0
309,15,2,0.4208,29.9598,0,0
309,16,2,0.4208,29.7447,0,0
309,17,2,0.4208,10.0304,0,0
309,18,3,0.4208,14.0318,0,0
309,19,3,0.4208,10.0304,0,0
310,0,3,0.4208,9.95897,0,0
310,1,3,0.4208,9.95897,0,0
310,2,3,0.4208,9.95897,0,0
310,3,2,0.4208,30.0313,1,0
310,4,3,0.4208,30.0306,0,0
310,5,1,0.33664,9.95984,0,0
310,6,2,0.4208,10.0304,0,0
310,7,3,0.4208,9.95897,0,0
310,8,0,0.08416,30.0304,0.6,0
310,9,3,0.4208,30.032,0,0
310,10,1,0.4208,29.9598,0,0
310,11,1,0.4208,9.75897,0,0
310,12,2,0.4208,9.85897,0,0
310,13,1,0.50496,13.365,0,0
310,14,1,0.4208,30.0316,0.8,0
310,15,2,0.4208,29.9598,0,0
310,16,2,0.4208,29.7875,0,0
310,17,2,0.4208,10.0304,0,0
310,18,3,0.33664,15.0319,0,0
310,19,3,0.4208,10.0304,0,0
311,0,3,0.4208,9.95897,0,0
311,1,3,0.4208,9.95897,0,0
311,2,3,0.4208,9.95897,0,0
311,3,2,0.4208,30.0313,1,0
311,4,3,0.4208,30.0304,0,0
311,5,1,0.4208,25.96,0,0
311,6,2,0.4208,10.0304,0,0
311,7,3,0.4208,9.95897,0,0
311,8,0,0,0,0,0
311,9,3,0.4208,22.0325,0,0
311,10,1,0.4208,29.9598,0,0
311,11,1,0.4208,9.54469,0,0
311,12,2,0.4208,9.88754,0,0
311,13,1,0.33664,10.0313,0,0
311,14,1,0.4208,30.0316,1,0
311,15,2,0.4208,29.9598,0,0
311,16,2,0.4208,29.8161,0,0
311,17,2,0.4208,10.0304,0,0
311,18,3,0.50496,16.6988,0,0
311,19,3,0.4208,10.0304,0,0
312,0,3,0.4208,9.95897,0,0
312,1,3,0.4208,13.9595,0,0
312,2,3,0.4208,9.94468,0,0
312,3,2,0.4208,30.017,1,0
312,4,3,0.4208,30.0306,0,0
312,5,1,0.4208,29.9597,0,0
312,6,2,0.4208,10.0304,0,0
312,7,3,0.4208,9.95897,0,0
312,8,2,0.16832,29.8161,0,0
312,9,3,0.50496,16.6982,0,0
312,10,1,0.4208,29.9597,0,0
312,11,1,0.4208,9.4304,0,0
312,12,2,0.4208,9.75897,0,0
312,13,1,0.50496,13.3643,0,0
312,14,1,0.4208,30.0316,0.2,0
312,15,2,0.4208,29.9454,0,0
312,16,2,0.4208,29.8161,0.8,0
312,17,2,0.4208,9.63058,0,0
312,18,3,0.33664,15.0319,0,0
312,19,3,0.4208,10.0304,0,0
313,0,3,0.4208,9.95897,0,0
313,1,3,0.4208,9.95897,0,0
313,2,3,0.4208,9.95897,0,0
313,3,2,0.4208,30.0313,1,0
313,4,3,0.4208,30.0304,0,0
313,5,1,0.4208,29.9598,0,0
313,6,2,0.4208,10.0304,0,0
313,7,3,0.4208,9.95897,0,0
313,8,2,0.4208,29.8161,0,0
313,9,3,0.33664,25.0313,0,0
313,10,1,0.4208,29.9598,0,0
313,11,1,0.4208,9.38754,0,0
313,12,2,0.4208,9.88754,0,0
313,13,1,0.4208,10.0304,0,0
313,14,1,0.4208,30.0313,0,0
313,15,2,0.4208,29.9598,0,0
313,16,2,0.4208,29.7447,1,0
313,17,2,0.4208,9.38754,0,0
313,18,3,0.50496,20.0326,0,0
313,19,3,0.4208,10.0304,0,0
314,0,3,0.4208,9.95897,0,0
314,1,3,0.4208,9.95897,0,0
314,2,3,0.4208,9.95897,0,0
314,3,2,0.4208,30.0313,1,0
314,4,3,0.4208,30.0304,0,0
314,5,1,0.4208,29.9598,0,0
314,6,2,0.33664,15.0315,0,0
314,7,3,0.4208,9.95897,0,0
314,8,2,0.4208,29.8161,0,0
314,9,3,0.50496,16.6981,0,0
314,10,1,0.4208,29.9598,0,0
314,11,1,0.4208,9.38754,0,0
314,12,2,0.4208,9.88754,0,0
314,13,1,0.4208,10.0304,0,0
314,14,1,0.4208,30.0313,0,0
314,15,2,0.4208,29.9598,0,0
314,16,2,0.4208,29.7447,0.6,0
314,17,2,0.4208,9.38754,0,0
314,18,3,0.4208,14.0313,0,0
314,19,3,0.4208,10.0304,0,0
315,0,3,0.4208,9.95897,0,0
315,1,3,0.4208,9.95897,0,0
315,2,3,0.4208,9.95897,0,0
315,3,2,0.4208,30.0313,1,0
315,4,3,0.4208,30.0304,0,0
315,5,1,0.4208,29.9598,0,0
315,6,2,0.50496,16.6982,0,0
315,7,3,0.4208,9.95897,0,0
315,8,2,0.4208,29.8161,0,0
315,9,3,0.4208,10.0313,0,0
315,10,1,0.4208,29.9598,0,0
315,11,1,0.4208,9.38754,0,0
315,12,2,0.4208,9.88754,0,0
315,13,1,0.4208,10.0304,0,0
315,14,1,0.4208,30.0311,0,0
315,15,2,0.4208,29.9598,0,0
315,16,2,0.4208,29.7447,0,0
315,17,2,0.4208,9.38755,0,0
315,18,3,0.33664,15.0315,0,0
315,19,3,0.4208,10.0304,0,0
316,0,3,0.4208,10.0161,0,0
316,1,3,0.4208,9.95897,0,0
316,2,3,0.4208,9.95897,0,0
316,3,2,0.4208,30.0313,1,0
316,4,0,0.08416,30.0304,0,0
316,5,1,0.4208,29.9598,0,0
316,6,2,0.33664,15.0315,0,0
316,7,3,0.4208,9.95897,0,0
316,8,2,0.4208,29.8161,0,0
316,9,3,0.33664,25.0313,0,0
316,10,1,0.4208,29.9598,0,0
316,11,1,0.4208,9.38754,0,0
316,12,2,0.4208,9.88754,0,0
316,13,1,0.4208,10.0304,0,0
316,14,1,0.4208,30.0311,0,0
316,15,2,0.4208,29.9598,0,0
316,16,0,0.25248,29.7447,0,0
316,17,2,0.4208,9.38754,0,0
316,18,3,0.50496,16.6982,0,0
316,19,3,0.4208,10.0304,0,0
317,0,3,0.4208,10.0304,0,0
317,1,3,0.4208,9.95897,0,0
317,2,3,0.4208,9.95897,0,0
317,3,2,0.4208,30.0313,1,0
317,4,0,0,0,0,0
317,5,1,0.4208,29.9598,0,0
317,6,2,0.50496,16.6982,0,0
317,7,3,0.4208,9.95897,0,0
317,8,2,0.4208,29.8161,0,0
317,9,3,0.50496,16.6981,0,0
317,10,1,0.4208,29.9598,0,0
317,11,1,0.4208,9.38754,0,0
317,12,2,0.4208,9.88754,0,0
317,13,1,0.4208,10.0304,0,0
317,14,1,0.4208,30.0311,0,0
317,15,2,0.4208,29.9598,0,0
317,16,0,0,0,0,0
317,17,2,0.4208,9.38754,0,0
317,18,3,0.33664,15.0315,0,0
317,19,3,0.4208,10.0304,0,0
318,0,3,0.4208,10.0163,0,0
318,1,3,0.4208,9.95897,0,0
318,2,3,0.4208,9.95897,0,0
318,3,0,0.33664,30.0134,0.6,0
318,4,3,0,0,0,0
318,5,1,0.4208,29.9598,0,0
318,6,2,0.33664,15.0315,0,0
318,7,3,0.4208,9.94468,0,0
318,8,2,0.4208,29.7161,0,0
318,9,3,0.4208,10.0313,0,0
318,10,1,0.4208,29.9598,0,0
318,11,1,0.4208,9.38754,0,0
318,12,2,0.4208,9.78754,0,0
318,13,1,0.4208,10.0304,0,0
318,14,1,0.4208,30.0311,0,0
318,15,2,0.4208,29.9598,0,0
318,16,2,0,0,0,0
318,17,2,0.4208,9.38754,0,0
318,18,3,0.50496,16.6982,0,0
318,19,3,0.4208,10.0161,0,0
319,0,3,0.4208,9.95984,0,0
319,1,3,0.4208,9.95897,0,0
319,2,3,0.4208,9.95897,0,0
319,3,0,0,0,0,0
319,4,3,0.4208,30.0304,0,0
319,5,1,0.4208,29.9598,0,0
319,6,2,0.50496,20.032,0,0
319,7,3,0.4208,9.95897,0,0
319,8,2,0.4208,29.8875,0,0
319,9,3,0.33664,25.0313,0,0
319,10,1,0.4208,29.9598,0,0
319,11,1,0.4208,9.38755,0,0
319,12,2,0.4208,9.95897,0,0
319,13,1,0.4208,10.0304,0,0
319,14,1,0.4208,30.0307,0,0
319,15,2,0.4208,30.0313,0,0
319,16,2,0.4208,30.0313,0,0
319,17,2,0.4208,9.38754,0,0
319,18,3,0.33664,15.0311,0,0
319,19,3,0.4208,10.0304,0,0
320,0,3,0.33664,24.9592,0,0
320,1,3,0.4208,9.95897,0,0
320,2,3,0.4208,9.95897,0,0
320,3,2,0.16832,30.0313,0,0
320,4,3,0.4208,30.0304,0,0
320,5,1,0.4208,29.9598,0,0
320,6,2,0.33664,20.0321,0,0
320,7,3,0.4208,9.95897,0,0
320,8,2,0.4208,29.8018,0,0
320,9,3,0.4208,30.0313,0,0
320,10,1,0.4208,29.9598,0,0
320,11,1,0.4208,9.38754,0,0
320,12,2,0.4208,9.87326,0,0
320,13,1,0.4208,10.0304,0,0
320,14,1,0.4208,30.0306,0,0
320,15,2,0.4208,29.9741,0,0
320,16,2,0.4208,30.0313,0,0
320,17,2,0.4208,9.38754,0,0
320,18,3,0.4208,18.0314,0,0
320,19,3,0.4208,10.0304,0,0
321,0,3,0.50496,16.6258,0,0
321,1,3,0.4208,9.95897,0,0
321,2,3,0.4208,9.95897,0,0
321,3,2,0.4208,30.0313,0,0
321,4,3,0.4208,30.0304,0,0
321,5,1,0.4208,29.9598,0,0
321,6,2,0.50496,23.3658,0,0
321,7,3,0.4208,9.95897,0,0
321,8,2,0.4208,29.8161,0,0
321,9,3,0.50496,16.6981,0,0
321,10,1,0.4208,29.9598,0,0
321,11,1,0.4208,9.38754,0,0
321,12,2,0.4208,9.88754,0,0
321,13,1,0.4208,10.0304,0,0
321,14,1,0.4208,30.0309,0,0
321,15,2,0.4208,29.9598,0,0
321,16,2,0.4208,30.0313,0,0
321,17,2,0.4208,9.38755,0,0
321,18,3,0.50496,16.6978,0,0
321,19,3,0.4208,10.0304,0,0
322,0,3,0.4208,9.95897,0,0
322,1,3,0.4208,9.95897,0,0
322,2,3,0.4208,9.95897,0,0
322,3,2,0.4208,30.0313,0,0
322,4,3,0.4208,30.0304,0,0
322,5,1,0.4208,29.9598,0,0
322,6,2,0.33664,20.0321,0,0
322,7,3,0.4208,9.95897,0,0
322,8,2,0.4208,29.8161,0,0
322,9,3,0.33664,25.0313,0,0
322,10,1,0.4208,29.9598,0,0
322,11,1,0.4208,9.38754,0,0
322,12,2,0.4208,9.88754,0,0
322,13,1,0.4208,10.0304,0,0
322,14,1,0.4208,30.0309,0,0
322,15,2,0.4208,29.9598,0,0
322,16,2,0.4208,30.0313,0,0
322,17,2,0.4208,9.38754,0,0
322,18,3,0.4208,14.0309,0,0
322,19,3,0.4208,10.0304,0,0
323,0,3,0.4208,9.95897,0,0
323,1,3,0.4208,9.95897,0,0
323,2,3,0.4208,9.95897,0,0
323,3,2,0.4208,30.0313,0,0
323,4,3,0.4208,30.0304,0,0
323,5,1,0.4208,29.9598,0,0
323,6,2,0.4208,22.0325,0,0
323,7,3,0.4208,9.95897,0,0
323,8,2,0.4208,29.8161,0,0
323,9,3,0.50496,16.6981,0,0
323,10,1,0.4208,29.9598,0,0
323,11,1,0.4208,9.38754,0,0
323,12,2,0.4208,9.88754,0,0
323,13,1,0.4208,10.0304,0,0
323,14,1,0.4208,30.0309,0,0
323,15,2,0.4208,29.9598,0,0
323,16,2,0.4208,30.0313,0,0
323,17,2,0.4208,9.38754,0,0
323,18,3,0.4208,14.0311,0,0
323,19,3,0.4208,10.0304,0,0
324,0,3,0.4208,9.95897,0,0
324,1,3,0.4208,9.95897,0,0
324,2,3,0.4208,9.95897,0,0
324,3,2,0.4208,30.0313,0,0
324,4,3,0.4208,30.0304,0,0
324,5,1,0.4208,29.9598,0,0
324,6,2,0.50496,20.0323,0,0
324,7,3,0.4208,9.95897,0,0
324,8,2,0.4208,29.8161,0,0
324,9,3,0.4208,10.0313,0,0
324,10,1,0.4208,29.9598,0,0
324,11,1,0.4208,9.38754,0,0
324,12,2,0.4208,9.88754,0,0
324,13,1,0.4208,10.0304,0,0
324,14,1,0.4208,30.0309,0,0
324,15,2,0.4208,29.9598,0,0
324,16,2,0.4208,30.0313,0,0
324,17,2,0.4208,9.38754,0,0
324,18,3,0.4208,14.0309,0,0
324,19,3,0.4208,10.0304,0,0
325,0,3,0.4208,9.95897,0,0
325,1,3,0.4208,9.95897,0,0
325,2,3,0.4208,9.95897,0,0
325,3,2,0.4208,30.0313,0,0
325,4,3,0.4208,30.0304,0,0
325,5,1,0.4208,29.9598,0,0
325,6,2,0.4208,22.0321,0,0
325,7,3,0.4208,9.95897,0,0
325,8,2,0.4208,29.8161,0,0
325,9,3,0.4208,10.0313,0,0
325,10,1,0.4208,29.9598,0,0
325,11,1,0.4208,9.38754,0,0
325,12,2,0.4208,9.88754,0,0
325,13,1,0.4208,10.0304,0,0
325,14,1,0.4208,30.0306,0,0
325,15,2,0.4208,29.9598,0,0
325,16,2,0.4208,30.0313,0,0
325,17,2,0.4208,9.38754,0,0
325,18,3,0.4208,18.0316,0,0
325,19,3,0.4208,10.0304,0,0
326,0,3,0.4208,9.95897,0,0
326,1,3,0.4208,9.95897,0,0
326,2,3,0.4208,9.95897,0,0
326,3,2,0.4208,30.0313,0,0
326,4,3,0.4208,30.0304,0,0
326,5,1,0.4208,29.9598,0,0
326,6,2,0.33664,20.0321,0,0
326,7,3,0.4208,9.95897,0,0
326,8,2,0.4208,29.8161,0,0
326,9,3,0.4208,10.0313,0,0
326,10,1,0.4208,29.9598,0,0
326,11,1,0.4208,9.38754,0,0
326,12,2,0.4208,9.88754,0,0
326,13,1,0.4208,10.0304,0,0
326,14,1,0.4208,30.0309,0,0
326,15,2,0.4208,29.9598,0,0
326,16,2,0.4208,30.0313,0,0
326,17,2,0.4208,9.38754,0,0
326,18,3,0.4208,14.0309,0,0
326,19,3,0.4208,10.0304,0,0
327,0,3,0.4208,9.95897,0,0
327,1,3,0.4208,9.95897,0,0
327,2,3,0.4208,9.95897,0,0
327,3,2,0.4208,30.0313,0,0
327,4,3,0.4208,30.0304,0,0
327,5,1,0.4208,29.9598,0,0
327,6,2,0.50496,20.0323,0,0
327,7,3,0.4208,9.95897,0,0
327,8,2,0.4208,29.8161,0,0
327,9,3,0.4208,10.0313,0,0
327,10,1,0.4208,29.9598,0,0
327,11,1,0.4208,9.38754,0,0
327,12,2,0.4208,9.88754,0,0
327,13,1,0.4208,10.0304,0,0
327,14,1,0.4208,30.0309,0,0
327,15,2,0.4208,29.9598,0,0
327,16,2,0.4208,30.0313,0,0
327,17,2,0.4208,9.38755,0,0
327,18,3,0.4208,14.0309,0,0
327,19,3,0.4208,10.0304,0,0
328,0,3,0.4208,9.95897,0,0
328,1,3,0.4208,9.95897,0,0
328,2,3,0.4208,9.95897,0,0
328,3,2,0.4208,30.0313,0,0
328,4,3,0.4208,30.0304,0,0
328,5,1,0.4208,29.9598,0,0
328,6,2,0.33664,20.0321,0,0
328,7,3,0.4208,9.95897,0,0
328,8,2,0.4208,29.8161,0,0
328,9,3,0.33664,25.0313,0,0
328,10,1,0.4208,29.9598,0,0
328,11,1,0.4208,9.38754,0,0
328,12,2,0.4208,9.88754,0,0
328,13,1,0.4208,10.0304,0,0
328,14,1,0.4208,30.0309,0,0
328,15,2,0.4208,29.9598,0,0
328,16,2,0.4208,30.0313,0,0
328,17,2,0.4208,9.38754,0,0
328,18,3,0.4208,14.0309,0,0
328,19,3,0.4208,10.0304,0,0
329,0,3,0.4208,9.95897,0,0
329,1,3,0.4208,9.95897,0,0
329,2,3,0.4208,9.95897,0,0
329,3,2,0.4208,30.0313,0,0
329,4,3,0.4208,30.0304,0,0
329,5,1,0.4208,29.9598,0,0
329,6,2,0.4208,22.0325,0,0
329,7,3,0.4208,9.95897,0,0
329,8,2,0.4208,29.8161,0,0
329,9,3,0.4208,30.0313,0,0
329,10,1,0.4208,29.9598,0,0
329,11,1,0.4208,9.38754,0,0
329,12,2,0.4208,9.88754,0,0
329,13,1,0.4208,10.0304,0,0
329,14,1,0.4208,30.0307,0,0
329,15,2,0.4208,29.9598,0,0
329,16,2,0.4208,30.0313,0,0
329,17,2,0.4208,9.38754,0,0
329,18,3,0.33664,15.0313,0,0
329,19,3,0.4208,10.0304,0,0
330,0,3,0.33664,24.959,0,0
330,1,3,0.4208,9.95897,0,0
330,2,3,0.4208,9.95897,0,0
330,3,2,0.4208,30.0313,0,0
330,4,3,0.4208,30.0304,0,0
330,5,1,0.4208,29.9598,0,0
330,6,2,0.4208,30.032,0,0
330,7,3,0.4208,9.95897,0,0
330,8,2,0.4208,29.8161,0,0
330,9,3,0.50496,16.6981,0,0
330,10,1,0.4208,29.9598,0,0
330,11,1,0.4208,9.38755,0,0
330,12,2,0.4208,9.88754,0,0
330,13,1,0.4208,10.0304,0,0
330,14,1,0.4208,30.0311,0,0
330,15,2,0.4208,29.9598,0,0
330,16,2,0.4208,30.0313,0,0
330,17,2,0.4208,9.38754,0,0
330,18,3,0.50496,13.3645,0,0
330,19,3,0.4208,10.0304,0,0
331,0,3,0.50496,16.6258,0,0
331,1,3,0.4208,9.95897,0,0
331,2,3,0.4208,9.95897,0,0
331,3,2,0.4208,30.0313,0,0
331,4,3,0.4208,30.0304,0,0
331,5,1,0.4208,29.9598,0,0
331,6,2,0.4208,30.032,0,0
331,7,3,0.4208,9.95897,0,0
331,8,2,0.4208,29.8161,0,0
331,9,3,0.4208,10.0313,0,0
331,10,1,0.4208,29.9598,0,0
331,11,1,0.4208,9.38754,0,0
331,12,2,0.4208,9.88754,0,0
331,13,1,0.4208,10.0304,0,0
331,14,1,0.4208,30.0309,0,0
331,15,2,0.4208,29.9598,0,0
331,16,2,0.4208,30.0313,0,0
331,17,2,0.4208,9.38754,0,0
331,18,3,0.4208,14.0311,0,0
331,19,3,0.4208,10.0304,0,0
332,0,3,0.4208,9.95932,0,0
332,1,3,0.4208,9.95897,0,0
332,2,3,0.4208,9.95897,0,0
332,3,2,0.4208,30.0313,0,0
332,4,3,0.4208,30.0304,0,0
332,5,1,0.4208,29.9598,0,0
332,6,2,0.4208,30.0321,0,0
332,7,3,0.4208,9.95897,0,0
332,8,2,0.4208,29.8447,0,0
332,9,3,0.4208,10.0313,0,0
332,10,1,0.4208,29.9598,0,0
332,11,1,0.4208,9.38754,0,0
332,12,2,0.4208,9.91611,0,0
332,13,1,0.4208,10.0304,0,0
332,14,1,0.4208,30.0313,0,0
332,15,2,0.50496,23.2935,0,0
332,16,2,0.4208,30.0313,0,0
332,17,2,0.4208,9.38755,0,0
332,18,3,0.4208,10.0304,0,0
332,19,3,0.4208,10.0304,0,0
333,0,3,0.4208,9.95984,0,0
333,1,3,0.4208,9.95897,0,0
333,2,3,0.4208,9.95897,0,0
333,3,2,0.4208,30.0313,0,0
333,4,3,0.4208,30.0304,0,0
333,5,1,0.4208,29.9598,0,0
333,6,2,0.4208,30.0321,0,0
333,7,3,0.4208,9.95897,0,0
333,8,2,0.4208,29.8875,0,0
333,9,3,0.4208,10.0313,0,0
333,10,1,0.4208,29.9598,0,0
333,11,1,0.4208,9.38754,0,0
333,12,2,0.4208,9.95897,0,0
333,13,1,0.4208,10.0304,0,0
333,14,1,0.4208,30.0313,0,0
333,15,2,0.4208,9.95984,0,0
333,16,2,0.4208,30.0313,0,0
333,17,2,0.4208,9.38754,0,0
333,18,3,0.4208,10.0304,0,0
333,19,3,0.4208,10.0304,0,0
334,0,3,0.4208,9.95984,0,0
334,1,3,0.4208,9.95897,0,0
334,2,3,0.4208,9.95897,0,0
334,3,2,0.4208,30.0313,0,0
334,4,3,0.4208,30.0304,0,0
334,5,1,0.4208,29.9598,0,0
334,6,2,0.4208,30.0321,0,0
334,7,3,0.4208,9.95897,0,0
334,8,2,0.4208,29.8875,0,0
334,9,3,0.4208,10.0313,0,0
334,10,1,0.4208,29.9598,0,0
334,11,1,0.4208,9.38754,0,0
334,12,2,0.4208,9.95897,0,0
334,13,1,0.4208,10.0304,0,0
334,14,1,0.4208,30.0313,0,0
334,15,2,0.4208,9.95984,0,0
334,16,2,0.4208,30.0313,0,0
334,17,2,0.4208,9.38754,0,0
334,18,3,0.4208,10.0304,0,0
334,19,3,0.4208,10.0304,0,0
335,0,3,0.4208,9.95984,0,0
335,1,3,0.4208,9.95897,0,0
335,2,3,0.4208,9.95897,0,0
335,3,2,0.4208,30.0313,0,0
335,4,3,0.4208,30.0304,0,0
335,5,1,0.4208,29.9598,0,0
335,6,2,0.4208,30.0321,0,0
335,7,3,0.4208,9.95897,0,0
335,8,2,0.4208,29.8875,0,0
335,9,3,0.33664,25.0313,0,0
335,10,1,0.4208,29.9598,0,0
335,11,1,0.4208,9.38754,0,0
335,12,2,0.4208,9.95897,0,0
335,13,1,0.4208,10.0304,0,0
335,14,1,0.4208,30.0313,0,0
335,15,2,0.4208,9.95984,0,0
335,16,2,0.4208,30.0313,0,0
335,17,2,0.4208,9.38754,0,0
335,18,3,0.4208,10.0304,0,0
335,19,3,0.4208,10.0304,0,0
336,0,3,0.4208,9.95984,0,0
336,1,3,0.4208,9.95897,0,0
336,2,3,0.4208,9.95897,0,0
336,3,2,0.4208,30.0313,0,0
336,4,3,0.4208,30.0304,0,0
336,5,1,0.4208,29.9598,0,0
336,6,2,0.4208,30.0321,0,0
336,7,3,0.4208,9.95897,0,0
336,8,2,0.4208,29.8875,0,0
336,9,3,0.50496,16.6981,0,0
336,10,1,0.4208,29.9598,0,0
336,11,1,0.4208,9.38754,0,0
336,12,2,0.4208,9.95897,0,0
336,13,1,0.4208,10.0304,0,0
336,14,1,0.4208,30.0313,0,0
336,15,2,0.4208,9.95984,0,0
336,16,2,0.4208,30.0313,0,0
336,17,2,0.4208,9.38754,0,0
336,18,3,0.4208,10.0304,0,0
336,19,3,0.4208,10.0304,0,0
337,0,3,0.4208,9.95984,0,0
337,1,3,0.4208,9.95897,0,0
337,2,3,0.4208,9.95897,0,0
337,3,2,0.4208,30.0313,0,0
337,4,3,0.4208,30.0304,0,0
337,5,1,0.4208,29.9598,0,0
337,6,2,0.4208,30.0321,0,0
337,7,3,0.4208,9.95897,0,0
337,8,2,0.4208,29.8875,0,0
337,9,3,0.33664,25.0313,0,0
337,10,1,0.4208,29.9598,0,0
337,11,1,0.4208,9.38754,0,0
337,12,2,0.4208,9.95897,0,0
337,13,1,0.4208,10.0304,0,0
337,14,1,0.4208,30.0313,0,0
337,15,2,0.4208,9.95984,0,0
337,16,2,0.4208,30.0313,0,0
337,17,2,0.4208,9.38754,0,0
337,18,3,0.4208,10.0304,0,0
337,19,3,0.4208,10.0304,0,0
338,0,3,0.4208,9.95984,0,0
338,1,3,0.4208,9.95897,0,0
338,2,3,0.4208,9.95897,0,0
338,3,2,0.4208,30.0313,0.2,0
338,4,3,0.4208,30.0304,0,0
338,5,1,0.4208,29.9598,0,0
338,6,2,0.4208,30.0321,0,0
338,7,3,0.4208,9.95897,0,0
338,8,2,0.4208,29.8875,0,0
338,9,3,0.50496,16.6981,0,0
338,10,1,0.4208,29.9598,0,0
338,11,1,0.4208,9.38754,0,0
338,12,2,0.4208,9.95897,0,0
338,13,1,0.4208,10.0304,0,0
338,14,1,0.4208,30.0313,0,0
338,15,2,0.4208,9.95984,0,0
338,16,2,0.4208,30.0313,0,0
338,17,2,0.4208,9.38755,0,0
338,18,3,0.4208,10.0304,0,0
338,19,3,0.4208,10.0304,0,0
339,0,3,0.4208,9.95984,0,0
339,1,3,0.4208,9.95897,0,0
339,2,3,0.4208,9.95897,0,0
339,3,2,0.4208,30.0313,0.2,0
339,4,3,0.4208,30.0304,0,0
339,5,1,0.4208,29.9598,0,0
339,6,2,0.4208,30.0321,0,0
339,7,3,0.4208,9.95897,0,0
339,8,2,0.4208,29.8875,0,0
339,9,3,0.33664,15.0315,0,0
339,10,1,0.4208,29.9598,0,0
339,11,1,0.4208,9.38754,0,0
339,12,2,0.4208,9.95897,0,0
339,13,1,0.4208,10.0304,0,0
339,14,1,0.4208,30.0313,0,0
339,15,2,0.4208,9.95984,0,0
339,16,2,0.4208,30.0313,0,0
339,17,2,0.4208,9.38754,0,0
339,18,3,0.4208,10.0304,0,0
339,19,3,0.4208,10.0304,0,0
340,0,3,0.4208,9.95984,0,0
340,1,3,0.4208,9.95897,0,0
340,2,3,0.4208,9.95897,0,0
340,3,2,0.4208,30.0313,0,0
340,4,3,0.4208,30.0304,0,0
340,5,1,0.4208,29.9598,0,0
340,6,2,0.4208,30.0321,0,0
340,7,3,0.4208,9.95897,0,0
340,8,2,0.4208,29.8875,0,0
340,9,3,0.50496,13.3648,0,0
340,10,1,0.4208,29.9598,0,0
340,11,1,0.4208,9.38754,0,0
340,12,2,0.4208,9.95897,0,0
340,13,1,0.4208,10.0304,0,0
340,14,1,0.4208,30.0313,0,0
340,15,2,0.4208,9.95984,0,0
340,16,2,0.4208,30.0313,0,0
340,17,2,0.4208,9.38754,0,0
340,18,3,0.4208,10.0304,0,0
340,19,3,0.4208,10.0304,0,0
341,0,3,0.4208,9.95984,0,0
341,1,3,0.4208,9.95897,0,0
341,2,3,0.4208,9.95897,0,0
341,3,2,0.4208,30.0313,0,0
341,4,3,0.4208,30.0304,0,0
341,5,1,0.4208,29.9598,0,0
341,6,2,0.4208,30.0321,0,0
341,7,3,0.4208,9.95897,0,0
341,8,2,0.4208,29.8875,0,0
341,9,3,0.4208,10.0313,0,0
341,10,1,0.4208,29.9598,0,0
341,11,1,0.4208,9.38754,0,0
341,12,2,0.4208,9.95897,0,0
341,13,1,0.4208,10.0304,0,0
341,14,1,0.4208,30.0313,0,0
341,15,2,0.4208,9.95984,0,0
341,16,2,0.4208,30.0313,0,0
341,17,2,0.4208,9.38754,0,0
341,18,3,0.4208,10.0304,0,0
341,19,3,0.4208,10.0304,0,0
342,0,3,0.4208,9.95984,0,0
342,1,3,0.4208,9.95897,0,0
342,2,3,0.4208,9.95897,0,0
342,3,2,0.4208,30.0313,0,0
342,4,3,0.4208,30.0304,0,0
342,5,1,0.4208,29.9598,0,0
342,6,2,0.4208,30.0321,0,0
342,7,3,0.4208,9.95897,0,0
342,8,2,0.4208,29.8875,0,0
342,9,3,0.4208,10.0313,0,0
342,10,1,0.4208,29.9598,0,0
342,11,1,0.4208,9.38755,0,0
342,12,2,0.4208,9.95897,0,0
342,13,1,0.4208,10.0304,0,0
342,14,1,0.4208,30.0313,0,0
342,15,2,0.4208,9.95984,0,0
342,16,2,0.4208,30.0313,0,0
342,17,2,0.4208,9.38754,0,0
342,18,3,0.4208,10.0304,0,0
342,19,3,0.4208,10.0304,0,0
343,0,3,0.4208,9.95984,0,0
343,1,3,0.4208,9.95897,0,0
343,2,3,0.4208,9.95897,0,0
343,3,2,0.4208,30.0313,0,0
343,4,3,0.4208,30.0304,0,0
343,5,1,0.4208,29.9598,0,0
343,6,2,0.4208,30.0321,0,0
343,7,3,0.4208,9.95897,0,0
343,8,2,0.4208,29.8875,0,0
343,9,3,0.33664,25.0313,0,0
343,10,1,0.4208,29.9598,0,0
343,11,1,0.4208,9.38754,0,0
343,12,2,0.4208,9.95897,0,0
343,13,1,0.4208,10.0304,0,0
343,14,1,0.4208,30.0313,0,0
343,15,2,0.4208,9.95984,0,0
343,16,2,0.4208,30.0313,0,0
343,17,2,0.4208,9.38754,0,0
343,18,3,0.4208,10.0304,0,0
343,19,3,0.4208,10.0304,0,0
344,0,3,0.4208,10.0306,0,0
344,1,3,0.4208,9.95897,0,0
344,2,3,0.4208,9.95897,0,0
344,3,2,0.4208,30.0313,0,0
344,4,2,0.25248,29.7685,0,1
344,5,1,0.4208,29.9598,0,0
344,6,2,0.4208,30.0321,0,0
344,7,3,0.4208,9.95897,0,0
344,8,2,0.4208,29.9018,0,0
344,9,3,0.50496,16.6981,0,0
344,10,1,0.4208,29.9598,0,0
344,11,1,0.4208,9.38754,0,0
344,12,2,0.4208,9.97325,0,0
344,13,1,0.4208,10.0304,0,0
344,14,1,0.4208,30.0313,0,0
344,15,2,0.4208,21.96,0,0
344,16,2,0.4208,29.8734,0,0
344,17,2,0.4208,9.45897,0,0
344,18,3,0.4208,10.0304,0,0
344,19,3,0.4208,10.0304,0,0
345,0,3,0.4208,10.0304,0,0
345,1,3,0.4208,9.95897,0,0
345,2,3,0.4208,9.95897,0,0
345,3,2,0.4208,30.0313,0,0
345,4,2,0.4208,29.7447,0,0
345,5,1,0.4208,29.9598,0,0
345,6,2,0.4208,30.0321,0,0
345,7,3,0.4208,9.95897,0,0
345,8,2,0.4208,29.8161,0,0
345,9,3,0.33664,25.0313,0,0
345,10,1,0.4208,29.9598,0,0
345,11,1,0.4208,9.38754,0,0
345,12,2,0.4208,9.88754,0,0
345,13,1,0.4208,10.0304,0,0
345,14,1,0.4208,30.0313,0,0
345,15,2,0.33664,29.9598,0,0
345,16,2,0.4208,30.0313,0,0
345,17,2,0.4208,9.38754,0,0
345,18,3,0.4208,10.0304,0,0
345,19,3,0.4208,10.0304,0,0
346,0,3,0.4208,10.0304,0,0
346,1,3,0.4208,9.95897,0,0
346,2,3,0.4208,9.95897,0,0
346,3,2,0.4208,30.0313,0,0
346,4,2,0.4208,29.7447,0,0
346,5,1,0.4208,29.9598,0,0
346,6,2,0.50496,23.3658,0,0
346,7,3,0.4208,9.95897,0,0
346,8,2,0.4208,29.8161,0,0
346,9,3,0.50496,16.6981,0,0
346,10,1,0.4208,29.9598,0,0
346,11,1,0.4208,9.38754,0,0
346,12,2,0.4208,9.88754,0,0
346,13,1,0.4208,10.0304,0,0
346,14,1,0.4208,30.0313,0,0
346,15,2,0.4208,29.9598,0,0
346,16,2,0.4208,30.0313,0,0
346,17,2,0.4208,9.38754,0,0
346,18,3,0.4208,10.0304,0,0
346,19,3,0.4208,10.0304,0,0
347,0,3,0.4208,10.0304,0,0
347,1,3,0.4208,9.95897,0,0
347,2,3,0.4208,9.95897,0,0
347,3,2,0.4208,30.0313,0,0
347,4,2,0.4208,29.7447,0,0
347,5,1,0.4208,29.9598,0,0
347,6,2,0.33664,20.0326,0,0
347,7,3,0.4208,9.95897,0,0
347,8,2,0.4208,29.8161,0,0
347,9,3,0.4208,10.0313,0,0
347,10,1,0.4208,29.9598,0,0
347,11,1,0.4208,9.38754,0,0
347,12,2,0.4208,9.88754,0,0
347,13,1,0.4208,10.0304,0,0
347,14,1,0.4208,30.0313,0,0
347,15,2,0.4208,29.9598,0,0
347,16,2,0.4208,30.0313,0,0
347,17,2,0.4208,9.38755,0,0
347,18,3,0.4208,10.0304,0,0
347,19,3,0.4208,10.0304,0,0
348,0,3,0.4208,10.0304,0,0
348,1,3,0.4208,9.95897,0,0
348,2,3,0.4208,9.95897,0,0
348,3,2,0.4208,30.0313,0,0
348,4,2,0.4208,29.7447,0,0
348,5,1,0.4208,29.9598,0,0
348,6,2,0.50496,20.0323,0,0
348,7,3,0.4208,9.95897,0,0
348,8,2,0.4208,29.8875,0,0
348,9,3,0.4208,10.0313,0,0
348,10,1,0.4208,29.9598,0,0
348,11,1,0.4208,9.38754,0,0
348,12,2,0.4208,9.95897,0,0
348,13,1,0.4208,10.0304,0,0
348,14,1,0.4208,30.0311,0,0
348,15,2,0.4208,29.9598,0,0
348,16,2,0.4208,29.8161,0,0
348,17,2,0.4208,9.41612,0,0
348,18,3,0.33664,10.0304,0,0
348,19,3,0.4208,10.0304,0,0
349,0,3,0.4208,10.0304,0,0
349,1,3,0.4208,9.95897,0,0
349,2,3,0.4208,9.95897,0,0
349,3,2,0.4208,30.0313,0,0
349,4,2,0.4208,17.7449,0,0
349,5,1,0.4208,29.9598,0,0
349,6,2,0.33664,20.0326,0,0
349,7,3,0.4208,9.95897,0,0
349,8,2,0.4208,29.8875,0,0
349,9,3,0.33664,25.0313,0,0
349,10,1,0.4208,29.9598,0,0
349,11,1,0.4208,9.38754,0,0
349,12,2,0.4208,9.95897,0,0
349,13,1,0.4208,10.0304,0,0
349,14,1,0.4208,30.0311,0,0
349,15,2,0.4208,29.9598,0,0
349,16,2,0.4208,29.8161,0,0
349,17,2,0.4208,9.40183,0,0
349,18,3,0.50496,13.3642,0,0
349,19,3,0.4208,10.0304,0,0
350,0,3,0.4208,10.0304,0,0
350,1,3,0.4208,9.95897,0,0
350,2,3,0.4208,9.95897,0,0
350,3,2,0.4208,30.0313,0,0
350,4,2,0.4208,17.745,0,0
350,5,1,0.4208,29.9598,0,0
350,6,2,0.4208,22.0325,0,0
350,7,3,0.4208,9.95897,0,0
350,8,2,0.4208,29.8161,0,0
350,9,3,0.50496,16.6981,0,0
350,10,1,0.4208,29.9598,0,0
350,11,1,0.4208,9.38754,0,0
350,12,2,0.4208,9.88754,0,0
350,13,1,0.4208,10.0304,0,0
350,14,1,0.4208,30.0309,0,0
350,15,2,0.4208,29.9598,0,0
350,16,2,0.4208,30.0313,0,0
350,17,2,0.4208,9.38755,0,0
350,18,3,0.4208,14.0311,0,0
350,19,3,0.4208,10.0304,0,0
351,0,3,0.4208,10.0304,0,0
351,1,3,0.4208,9.95897,0,0
351,2,3,0.4208,9.95897,0,0
351,3,2,0.4208,30.0313,0,0
351,4,2,0.50496,16.4116,0,0
351,5,1,0.4208,29.9598,0,0
351,6,2,0.4208,22.0325,0,0
351,7,3,0.4208,9.95897,0,0
351,8,2,0.4208,29.8161,0,0
351,9,3,0.4208,10.0313,0,0
351,10,1,0.4208,29.9598,0,0
351,11,1,0.4208,9.38754,0,0
351,12,2,0.4208,9.88754,0,0
351,13,1,0.4208,10.0304,0,0
351,14,1,0.4208,30.0309,0,0
351,15,2,0.4208,29.9598,0,0
351,16,2,0.4208,30.0313,0,0
351,17,2,0.4208,9.38754,0,0
351,18,3,0.4208,14.0311,0,0
351,19,3,0.4208,10.0304,0,0
352,0,3,0.4208,10.0304,0,0
352,1,3,0.4208,9.95897,0,0
352,2,3,0.4208,9.95897,0,0
352,3,2,0.4208,30.0313,0,0
352,4,2,0.4208,9.74468,0,0
352,5,1,0.4208,29.9598,0,0
352,6,2,0.50496,20.0326,0,0
352,7,3,0.4208,9.95897,0,0
352,8,2,0.4208,29.8161,0,0
352,9,3,0.4208,10.0313,0,0
352,10,1,0.4208,29.9598,0,0
352,11,1,0.4208,9.38754,0,0
352,12,2,0.4208,9.88754,0,0
352,13,1,0.4208,10.0304,0,0
352,14,1,0.4208,30.0313,0,0
352,15,2,0.4208,29.9598,0,0
352,16,2,0.4208,30.0313,0,0
352,17,2,0.4208,9.38754,0,0
352,18,3,0.4208,10.0304,0,0
352,19,3,0.4208,10.0304,0,0
353,0,3,0.4208,10.0304,0,0
353,1,3,0.4208,9.95897,0,0
353,2,3,0.4208,9.95897,0,0
353,3,2,0.4208,30.0313,0,0
353,4,2,0.4208,9.74468,0,0
353,5,1,0.4208,29.9598,0,0
353,6,2,0.33664,20.0326,0,0
353,7,3,0.4208,9.95897,0,0
353,8,2,0.4208,29.8161,0,0
353,9,3,0.33664,25.0306,0,0
353,10,1,0.4208,29.9598,0,0
353,11,1,0.4208,9.38755,0,0
353,12,2,0.4208,9.88754,0,0
353,13,1,0.33664,25.0311,0,0
353,14,1,0.4208,30.0313,0,0
353,15,2,0.4208,29.9598,0,0
353,16,2,0.4208,30.0313,0,0
353,17,2,0.4208,9.38754,0,0
353,18,3,0.4208,10.0304,0,0
353,19,3,0.4208,10.0304,0,0
354,0,3,0.4208,10.0304,0,0
354,1,3,0.4208,9.95897,0,0
354,2,3,0.4208,9.95897,0,0
354,3,2,0.4208,30.0313,0,0
354,4,2,0.4208,9.74468,0,0
354,5,1,0.4208,29.9598,0,0
354,6,2,0.50496,20.0326,0,0
354,7,3,0.4208,9.95897,0,0
354,8,2,0.4208,29.8875,0,0
354,9,3,0.50496,16.6974,0,0
354,10,1,0.4208,29.9598,0,0
354,11,1,0.4208,9.38754,0,0
354,12,2,0.4208,9.95897,0,0
354,13,1,0.4208,30.0313,0,0
354,14,1,0.4208,30.0313,0,0
354,15,2,0.4208,29.9598,0,0
354,16,2,0.4208,29.8161,0,0
354,17,2,0.4208,9.38754,0,0
354,18,3,0.4208,10.0304,0,0
354,19,3,0.4208,10.0304,0,0
355,0,3,0.4208,10.0304,0,0
355,1,3,0.4208,9.95897,0,0
355,2,3,0.4208,9.95897,0,0
355,3,2,0.4208,30.0313,0,0
355,4,2,0.4208,9.74468,0,0
355,5,1,0.4208,29.9598,0,0
355,6,2,0.33664,20.0326,0,0
355,7,3,0.4208,9.95897,0,0
355,8,2,0.4208,29.8161,0,0
355,9,3,0.4208,10.0304,0,0
355,10,1,0.4208,29.9598,0,0
355,11,1,0.4208,9.38754,0,0
355,12,2,0.4208,9.88754,0,0
355,13,1,0.4208,30.0313,0,0
355,14,1,0.4208,30.0313,0,0
355,15,2,0.4208,29.9598,0,0
355,16,2,0.4208,30.0313,0,0
355,17,2,0.4208,9.38754,0,0
355,18,3,0.4208,10.0304,0,0
355,19,3,0.4208,10.0304,0,0
356,0,3,0.4208,10.0304,0,0
356,1,3,0.4208,9.95897,0,0
356,2,3,0.4208,9.95897,0,0
356,3,2,0.4208,30.0313,0,0
356,4,2,0.4208,9.74469,0,0
356,5,1,0.4208,29.9598,0,0
356,6,2,0.50496,20.0326,0,0
356,7,3,0.4208,9.95897,0,0
356,8,2,0.4208,29.8161,0,0
356,9,3,0.4208,10.0304,0,0
356,10,1,0.4208,29.9598,0,0
356,11,1,0.4208,9.38754,0,0
356,12,2,0.4208,9.88754,0,0
356,13,1,0.50496,20.0314,0,0
356,14,1,0.4208,30.0313,0,0
356,15,2,0.4208,29.9598,0,0
356,16,2,0.4208,30.0313,0,0
356,17,2,0.4208,9.38755,0,0
356,18,3,0.4208,10.0304,0,0
356,19,3,0.4208,10.0304,0,0
357,0,3,0.4208,10.0304,0,0
357,1,3,0.4208,9.95897,0,0
357,2,3,0.4208,9.95897,0,0
357,3,2,0.4208,30.0313,0,0
357,4,2,0.4208,9.74468,0.6,0
357,5,1,0.4208,29.9598,0,0
357,6,2,0.33664,20.0326,0,0
357,7,3,0.4208,9.95897,0,0
357,8,2,0.4208,29.8161,0,0
357,9,3,0.4208,18.0314,0,0
357,10,1,0.4208,29.9598,0,0
357,11,1,0.4208,9.38754,0,0
357,12,2,0.4208,9.88754,0,0
357,13,1,0.4208,10.0306,0,0
357,14,1,0.4208,30.0313,0,0
357,15,2,0.4208,29.9598,0,0
357,16,2,0.4208,30.0313,0,0
357,17,2,0.4208,9.38754,0,0
357,18,3,0.4208,10.0304,0,0
357,19,3,0.4208,10.0304,0,0
358,0,3,0.4208,10.0304,0,0
358,1,3,0.4208,9.95897,0,0
358,2,3,0.4208,9.97325,0,0
358,3,2,0.4208,30.0313,0,0
358,4,2,0.4208,9.74468,0.6,0
358,5,1,0.4208,30.0309,0,0
358,6,2,0.50496,20.0326,0,0
358,7,3,0.4208,9.95897,0,0
358,8,0,0.4208,29.8161,0,0
358,9,3,0.4208,14.0309,0,0
358,10,1,0.4208,29.9597,0,0
358,11,1,0.4208,9.38754,0,0
358,12,2,0.4208,9.88754,0,0
358,13,3,0.4208,13.8877,0,1
358,14,1,0.4208,30.0313,0,0
358,15,2,0.4208,29.9598,0,0
358,16,2,0.4208,30.0313,0,0
358,17,2,0.4208,9.38754,0,0
358,18,3,0.4208,10.0018,0,0
358,19,3,0.4208,10.0304,0,0
359,0,3,0.4208,10.0304,0,0
359,1,3,0.4208,9.95897,0,0
359,2,3,0.4208,9.95897,0,0
359,3,2,0.4208,30.0313,0,0
359,4,2,0.4208,9.81611,0,0
359,5,1,0.4208,30.0321,0,0
359,6,2,0.33664,20.0326,0,0
359,7,3,0.4208,9.95897,0,0
359,8,0,0,0,0.4,0
359,9,3,0.4208,10.0313,0,0
359,10,1,0.33664,29.9598,0,0
359,11,1,0.4208,9.38754,0,0
359,12,2,0.4208,9.88754,0,0
359,13,3,0.4208,9.88754,0,0
359,14,0,0.4208,30.0313,0,0
359,15,2,0.4208,29.9598,0,0
359,16,2,0.4208,30.0313,0,0
359,17,2,0.4208,10.0304,0,0
359,18,3,0.4208,10.0304,0,0
359,19,3,0.4208,10.0304,0,0
360,0,3,0.4208,10.0304,0,0
360,1,3,0.4208,9.95897,0,0
360,2,3,0.4208,9.95897,0,0
360,3,2,0.4208,30.0314,0,0
360,4,2,0.4208,9.85897,0,0
360,5,1,0.4208,30.0321,0,0
360,6,2,0.50496,20.0323,0,0
360,7,3,0.4208,9.95897,0,0
360,8,0,0,0,0.2,0
360,9,3,0.4208,10.0313,0,0
360,10,1,0.50496,29.9837,0,0
360,11,1,0.4208,9.63058,0,0
360,12,2,0.4208,9.9304,0,0
360,13,3,0.4208,9.88754,0,0
360,14,1,0.16832,30.0313,0,0
360,15,2,0.50496,19.9601,0,0
360,16,2,0.4208,30.0313,0,0
360,17,2,0.4208,10.0304,0,0
360,18,3,0.4208,10.0304,0,0
360,19,3,0.4208,10.0306,0,0
361,0,3,0.4208,10.0304,0,0
361,1,3,0.4208,9.95897,0,0
361,2,3,0.4208,9.95897,0,0
361,3,2,0.4208,30.0313,0,0
361,4,2,0.4208,9.88754,0,0
361,5,1,0.4208,30.032,0,0
361,6,2,0.33664,20.0326,0,0
361,7,3,0.4208,9.95897,0,0
361,8,0,0,0,0,0
361,9,3,0.33664,25.0313,0,0
361,10,1,0.4208,29.9598,0,0
361,11,1,0.4208,9.38754,0,0
361,12,2,0.4208,9.95897,0,0
361,13,3,0.4208,9.88754,0,0
361,14,1,0.4208,30.0313,0,0
361,15,2,0.4208,9.95984,0,0
361,16,2,0.4208,30.0313,0,0
361,17,2,0.4208,10.0304,0,0
361,18,3,0.4208,10.0304,0,0
361,19,3,0.4208,10.0304,0,0
362,0,3,0.4208,10.0309,0,0
362,1,3,0.4208,9.95897,0,0
362,2,3,0.4208,9.95897,0,0
362,3,2,0.4208,30.017,0,0
362,4,2,0.4208,9.77326,0,0
362,5,1,0.4208,30.0318,0,0
362,6,2,0.4208,18.0323,0,0
362,7,3,0.4208,9.95914,0,0
362,8,2,0,0,0,0
362,9,3,0.50496,16.6982,0,0
362,10,1,0.4208,29.9598,0,0
362,11,1,0.4208,9.38754,0,0
362,12,2,0.4208,9.85897,0,0
362,13,3,0.4208,9.88754,0,0
362,14,1,0.4208,30.0314,0,0
362,15,2,0.4208,9.94521,0,0
362,16,2,0.4208,29.8449,0,0
362,17,2,0.4208,9.90183,0,0
362,18,3,0.4208,10.0304,0,0
362,19,3,0.4208,10.0304,0,0
363,0,3,0.4208,10.0304,0,0
363,1,3,0.4208,9.95897,0,0
363,2,3,0.4208,9.95897,0.2,0
363,3,2,0.4208,30.0313,0,0
363,4,2,0.4208,9.95897,0,0
363,5,1,0.4208,30.0313,0,0
363,6,2,0.4208,18.0323,0,0
363,7,3,0.4208,9.95984,0,0
363,8,2,0.4208,29.8875,0,0
363,9,3,0.4208,10.0304,0,0
363,10,1,0.4208,29.9598,0,0
363,11,1,0.4208,9.38754,0,0
363,12,2,0.4208,9.81611,0,0
363,13,3,0.4208,9.88754,0,0
363,14,1,0.4208,30.0314,0,0
363,15,2,0.4208,9.95897,0,0
363,16,2,0.4208,30.0313,0.6,0
363,17,2,0.4208,9.38754,0,0
363,18,3,0.4208,10.0304,0,0
363,19,3,0.4208,10.0304,0,0
364,0,3,0.4208,10.0311,0,0
364,1,3,0.4208,9.95897,0,0
364,2,3,0.4208,9.95897,0,0
364,3,2,0.4208,30.0313,0,0
364,4,2,0.4208,10.0161,0,0
364,5,1,0.4208,30.0313,0,0
364,6,2,0.50496,16.6988,0,0
364,7,3,0.4208,9.95984,0,0
364,8,2,0.4208,29.9447,0,0
364,9,3,0.4208,10.0304,0,0
364,10,1,0.4208,29.9598,0,0
364,11,1,0.4208,9.38754,0,0
364,12,2,0.4208,9.87326,0,0
364,13,3,0.4208,9.88754,0,0
364,14,1,0.4208,30.0316,0,0
364,15,2,0.4208,9.95897,0,0
364,16,0,0.08416,30.0313,1,0
364,17,2,0.4208,9.38755,0,0
364,18,3,0.4208,10.0304,0,0
364,19,3,0.4208,10.0304,0,0
365,0,3,0.4208,10.0313,0,0
365,1,3,0.4208,9.95897,0,0
365,2,3,0.4208,9.95897,0,0
365,3,0,0.4208,30.0313,0,0
365,4,2,0.4208,10.0304,0,0
365,5,1,0.4208,30.0313,0,0
365,6,2,0.33664,20.0317,0,0
365,7,3,0.4208,9.95984,0,0
365,8,2,0.4208,29.959,0,0
365,9,3,0.4208,10.0304,0,0
365,10,1,0.4208,29.9598,0,0
365,11,1,0.4208,9.38754,0,0
365,12,2,0.4208,9.88754,0,0
365,13,3,0.4208,9.88754,0,0
365,14,1,0.4208,30.0316,0,0
365,15,2,0.4208,9.95897,0,0
365,16,0,0,0,1,0
365,17,2,0.4208,9.38754,0,0
365,18,3,0.4208,10.0304,0,0
365,19,3,0.4208,10.0304,0,0
366,0,3,0.4208,10.0313,0,0
366,1,3,0.4208,9.95897,0,0
366,2,3,0.4208,9.95897,0,0
366,3,2,0,0,0,0
366,4,2,0.4208,10.0304,0,0
366,5,1,0.4208,30.0311,0,0
366,6,2,0.50496,16.6985,0,0
366,7,3,0.4208,9.95897,0,0
366,8,2,0.4208,29.959,0,0
366,9,3,0.33664,25.0304,0,0
366,10,1,0.4208,29.9598,0,0
366,11,1,0.4208,9.38754,0,0
366,12,2,0.4208,9.85897,0,0
366,13,3,0.4208,9.88754,0,0
366,14,1,0.4208,30.0318,0,0
366,15,2,0.33664,19.9951,0,0
366,16,0,0,0,0.6,0
366,17,2,0.4208,9.38754,0,0
366,18,3,0.4208,10.0304,0,0
366,19,3,0.4208,10.0307,0,0
367,0,3,0.4208,10.0313,0,0
367,1,3,0.4208,9.95897,0,0
367,2,3,0.4208,9.95897,0,0
367,3,2,0.4208,30.0313,0,0
367,4,2,0.4208,10.0304,0,0
367,5,1,0.4208,30.0311,0,0
367,6,2,0.33664,15.0319,0,0
367,7,3,0.4208,9.95897,0,0
367,8,2,0.4208,29.959,0,0
367,9,3,0.50496,16.6975,0,0
367,10,1,0.4208,29.9598,0,0
367,11,1,0.4208,9.38754,0,0
367,12,2,0.4208,9.81611,0,0
367,13,3,0.4208,9.88754,0,0
367,14,1,0.4208,30.0316,0,0
367,15,2,0.4208,29.9598,0,0
367,16,0,0,0,0,0
367,17,2,0.4208,9.38754,0,0
367,18,3,0.4208,10.0304,0,0
367,19,3,0.4208,10.0304,0,0
368,0,3,0.4208,10.0313,0,0
368,1,3,0.4208,9.95897,0,0
368,2,3,0.4208,9.95897,0,0
368,3,2,0.4208,30.017,0.4,0
368,4,2,0.4208,10.0304,0,0
368,5,1,0.4208,30.0313,0,0
368,6,2,0.50496,20.0326,0,0
368,7,3,0.4208,9.95897,0,0
368,8,2,0.4208,29.8447,0,0
368,9,3,0.4208,10.0304,0,0
368,10,1,0.4208,29.9598,0,0
368,11,1,0.4208,9.38754,0,0
368,12,2,0.4208,9.70183,0,0
368,13,3,0.4208,9.88754,0,0
368,14,1,0.4208,30.0313,0,0
368,15,2,0.4208,29.9454,0,0
368,16,2,0.16832,29.7447,0,0
368,17,2,0.4208,9.37326,0,0
368,18,3,0.4208,10.0304,0,0
368,19,3,0.4208,10.0304,0,0
369,0,3,0.4208,10.0313,0,0
369,1,3,0.4208,9.95897,0,0
369,2,3,0.4208,9.95897,0,0
369,3,2,0.4208,30.0313,0,0
369,4,2,0.4208,10.0304,0,0
369,5,1,0.4208,30.0311,0,0
369,6,2,0.4208,14.0318,0,0
369,7,3,0.4208,9.95897,0,0
369,8,2,0.4208,29.959,0,0
369,9,3,0.33664,25.0304,0,0
369,10,1,0.4208,29.9598,0,0
369,11,1,0.4208,9.38754,0,0
369,12,2,0.4208,9.81611,0,0
369,13,3,0.4208,9.88754,0,0
369,14,1,0.4208,30.0318,0,0
369,15,2,0.4208,29.9598,0,0
369,16,2,0.4208,29.7447,0,0
369,17,2,0.4208,9.38754,0,0
369,18,3,0.4208,10.0304,0,0
369,19,3,0.4208,10.0304,0,0
370,0,3,0.4208,10.0313,0,0
370,1,3,0.4208,9.95897,0,0
370,2,3,0.4208,9.95897,0,0
370,3,2,0.4208,30.0313,0,0
370,4,2,0.4208,10.0304,0,0
370,5,1,0.4208,30.0311,0,0
370,6,2,0.33664,15.0319,0,0
370,7,3,0.4208,9.95897,0,0
370,8,2,0.4208,29.959,0,0
370,9,3,0.50496,16.6975,0,0
370,10,1,0.4208,29.9598,0,0
370,11,1,0.4208,9.38755,0,0
370,12,2,0.4208,9.81611,0,0
370,13,3,0.4208,9.88754,0,0
370,14,1,0.4208,30.0316,0,0
370,15,2,0.4208,29.9598,0,0
370,16,2,0.4208,29.7447,0,0
370,17,2,0.4208,9.38754,0,0
370,18,3,0.4208,10.0304,0,0
370,19,3,0.4208,10.0304,0,0
371,0,3,0.4208,10.0304,0,0
371,1,3,0.4208,9.95897,0,0
371,2,3,0.4208,9.95897,0,0
371,3,2,0.4208,30.0313,0,0
371,4,2,0.4208,9.81611,0,0
371,5,1,0.4208,30.032,0,0
371,6,2,0.50496,16.6988,0,0
371,7,3,0.4208,9.95897,0,0
371,8,2,0.4208,30.0313,0,0
371,9,3,0.33664,25.0313,0,0
371,10,1,0.4208,29.9598,0,0
371,11,1,0.4208,9.38754,0,0
371,12,2,0.4208,9.88754,0,0
371,13,3,0.4208,9.88754,0,0
371,14,1,0.4208,30.0316,0,0
371,15,2,0.4208,29.9598,0,0
371,16,2,0.4208,29.7447,0,0
371,17,2,0.4208,10.0304,0,0
371,18,3,0.4208,10.0304,0,0
371,19,3,0.4208,10.0304,0,0
372,0,3,0.4208,10.0313,0,0
372,1,3,0.4208,9.95897,0,0
372,2,3,0.4208,9.95897,0,0
372,3,2,0.4208,30.0313,0,0
372,4,2,0.4208,10.0304,0,0
372,5,1,0.4208,30.0311,0,0
372,6,2,0.33664,15.0319,0,0
372,7,3,0.4208,9.95897,0,0
372,8,2,0.4208,29.959,0,0
372,9,3,0.50496,16.6975,0,0
372,10,1,0.4208,29.9598,0,0
372,11,1,0.4208,9.38754,0,0
372,12,2,0.4208,9.81611,0,0
372,13,3,0.4208,9.88754,0,0
372,14,1,0.4208,30.0316,0,0
372,15,2,0.4208,29.9598,0,0
372,16,2,0.4208,29.7447,0,0
372,17,2,0.4208,9.38755,0,0
372,18,3,0.4208,10.0304,0,0
372,19,3,0.4208,10.0304,0,0
373,0,3,0.4208,10.0313,0,0
373,1,3,0.4208,9.95897,0,0
373,2,3,0.4208,9.95897,0,0
373,3,2,0.4208,30.0313,0,0
373,4,2,0.4208,10.0304,0,0
373,5,1,0.4208,30.0313,0,0
373,6,2,0.50496,16.6988,0,0
373,7,3,0.4208,9.95897,0,0
373,8,2,0.4208,29.959,0,0
373,9,3,0.4208,10.0304,0,0
373,10,1,0.4208,29.9598,0,0
373,11,1,0.4208,9.38754,0,0
373,12,2,0.4208,9.81611,0,0
373,13,3,0.4208,9.88754,0,0
373,14,1,0.4208,30.0316,0,0
373,15,2,0.4208,29.9598,0,0
373,16,2,0.4208,29.7447,0,0
373,17,2,0.4208,9.38754,0,0
373,18,3,0.4208,10.0304,0,0
373,19,3,0.4208,10.0304,0,0
374,0,3,0.4208,10.0313,0,0
374,1,3,0.4208,9.95897,0,0
374,2,3,0.4208,9.95897,0,0
374,3,2,0.4208,30.0313,0,0
374,4,2,0.4208,10.0304,0,0
374,5,1,0.4208,30.0313,0,0
374,6,2,0.4208,10.0313,0,0
374,7,3,0.4208,9.95897,0,0
374,8,2,0.4208,29.959,0,0
374,9,3,0.4208,10.0304,0,0
374,10,1,0.4208,29.9598,0,0
374,11,1,0.4208,9.38754,0,0
374,12,2,0.4208,9.81611,0,0
374,13,3,0.4208,9.88754,0,0
374,14,1,0.4208,30.0321,0,0
374,15,2,0.4208,29.9598,0,0
374,16,2,0.4208,29.7447,0,0
374,17,2,0.4208,9.38754,0,0
374,18,3,0.4208,10.0304,0,0
374,19,3,0.4208,10.0304,0,0
375,0,3,0.4208,10.0313,0,0
375,1,3,0.4208,9.95897,0,0
375,2,3,0.4208,9.95897,0,0
375,3,2,0.4208,30.0313,0,0
375,4,2,0.4208,10.0304,0,0
375,5,1,0.4208,30.0313,0,0
375,6,2,0.33664,15.0319,0,0
375,7,3,0.4208,9.95897,0,0
375,8,2,0.4208,29.959,0,0
375,9,3,0.4208,10.0304,0,0
375,10,1,0.4208,29.9598,0,0
375,11,1,0.4208,9.38754,0,0
375,12,2,0.4208,9.81611,0,0
375,13,3,0.4208,9.88754,0,0
375,14,1,0.4208,30.0316,0,0
375,15,2,0.4208,29.9598,0,0
375,16,2,0.4208,29.7447,0,0
375,17,2,0.4208,9.38754,0,0
375,18,3,0.4208,10.0304,0,0
375,19,3,0.4208,10.0304,0,0
376,0,3,0.4208,10.0313,0,0
376,1,3,0.4208,9.95897,0,0
376,2,3,0.4208,9.95897,0,0
376,3,2,0.4208,30.0313,0,0
376,4,2,0.4208,10.0304,0,0
376,5,1,0.4208,30.0306,0,0
376,6,2,0.4208,22.0325,0,0
376,7,3,0.4208,9.95897,0,0
376,8,2,0.4208,29.959,0,0
376,9,3,0.33664,25.0311,0,0
376,10,1,0.4208,29.9598,0,0
376,11,1,0.4208,9.38754,0,0
376,12,2,0.4208,9.81611,0,0
376,13,3,0.4208,9.88754,0,0
376,14,1,0.4208,30.0313,0,0
376,15,2,0.4208,29.9598,0,0
376,16,2,0.4208,29.7447,0,0
376,17,2,0.4208,9.38754,0,0
376,18,3,0.4208,10.0304,0,0
376,19,3,0.4208,10.0304,0,0
377,0,3,0.4208,10.0313,0,0
377,1,3,0.4208,9.95897,0,0
377,2,3,0.4208,9.95897,0,0
377,3,2,0.4208,30.0313,0,0
377,4,2,0.4208,10.0304,0,0
377,5,1,0.4208,30.0309,0,0
377,6,2,0.50496,16.6985,0,0
377,7,3,0.4208,9.95897,0,0
377,8,2,0.4208,29.959,0,0
377,9,3,0.50496,16.6976,0,0
377,10,1,0.4208,29.9598,0,0
377,11,1,0.4208,9.38754,0,0
377,12,2,0.4208,9.81611,0,0
377,13,3,0.4208,9.88754,0,0
377,14,1,0.4208,30.0318,0,0
377,15,2,0.4208,29.9598,0,0
377,16,2,0.4208,29.7447,0,0
377,17,2,0.4208,9.38754,0,0
377,18,3,0.4208,10.0304,0,0
377,19,3,0.4208,10.0304,0,0
378,0,3,0.4208,10.0313,0,0
378,1,3,0.4208,9.95897,0,0
378,2,3,0.4208,9.95897,0,0
378,3,2,0.4208,30.0313,0,0
378,4,2,0.4208,10.0304,0,0
378,5,1,0.4208,30.0306,0,0
378,6,2,0.4208,10.0313,0,0
378,7,3,0.4208,9.95897,0,0
378,8,2,0.4208,29.959,0,0
378,9,3,0.33664,25.0311,0,0
378,10,1,0.4208,29.9598,0,0
378,11,1,0.4208,9.38754,0,0
378,12,2,0.4208,9.81611,0,0
378,13,3,0.4208,9.88754,0,0
378,14,1,0.4208,30.0321,0,0
378,15,2,0.4208,29.9598,0,0
378,16,2,0.4208,29.7447,0,0
378,17,2,0.4208,9.38755,0,0
378,18,3,0.4208,10.0304,0,0
378,19,3,0.4208,10.0304,0,0
379,0,3,0.4208,10.0313,0,0
379,1,3,0.4208,9.95897,0,0
379,2,3,0.4208,9.95897,0,0
379,3,2,0.4208,30.0313,0,0
379,4,2,0.4208,10.0304,0,0
379,5,1,0.4208,30.0309,0,0
379,6,2,0.33664,15.0319,0,0
379,7,3,0.4208,9.95897,0,0
379,8,2,0.4208,29.959,0,0
379,9,3,0.50496,16.6976,0,0
379,10,1,0.4208,29.9598,0,0
379,11,1,0.4208,9.38754,0,0
379,12,2,0.4208,9.81611,0,0
379,13,3,0.4208,9.88754,0,0
379,14,1,0.4208,30.0316,0,0
379,15,2,0.4208,29.9598,0,0
379,16,2,0.4208,29.7447,0,0
379,17,2,0.4208,9.38754,0,0
379,18,3,0.4208,10.0304,0,0
379,19,3,0.4208,10.0304,0,0
380,0,3,0.4208,10.0313,0,0
380,1,3,0.4208,9.95897,0,0
380,2,3,0.4208,9.95897,0,0
380,3,2,0.4208,30.0313,0,0
380,4,2,0.4208,10.0304,0,0
380,5,1,0.4208,30.0313,0,0
380,6,2,0.50496,16.6988,0,0
380,7,3,0.4208,9.95897,0,0
380,8,2,0.4208,29.959,0,0
380,9,3,0.4208,10.0304,0,0
380,10,1,0.4208,29.9598,0,0
380,11,1,0.4208,9.38754,0,0
380,12,2,0.4208,9.81611,0,0
380,13,3,0.4208,9.88754,0,0
380,14,1,0.4208,30.0316,0,0
380,15,2,0.4208,29.9598,0,0
380,16,2,0.4208,29.7447,0,0
380,17,2,0.4208,9.38754,0,0
380,18,3,0.4208,10.0304,0,0
380,19,3,0.4208,10.0304,0,0
381,0,3,0.4208,10.0313,0,0
381,1,3,0.4208,9.95897,0,0
381,2,3,0.4208,9.95897,0,0
381,3,2,0.4208,30.0313,0,0
381,4,2,0.4208,10.0304,0,0
381,5,1,0.4208,30.0313,0,0
381,6,2,0.4208,10.0313,0,0
381,7,3,0.4208,9.95897,0,0
381,8,2,0.4208,29.959,0,0
381,9,3,0.4208,10.0304,0,0
381,10,1,0.4208,29.9598,0,0
381,11,1,0.4208,9.38754,0,0
381,12,2,0.4208,9.81611,0,0
381,13,3,0.4208,9.88754,0,0
381,14,1,0.4208,30.0321,0,0
381,15,2,0.4208,29.9598,0,0
381,16,2,0.4208,29.7447,0,0
381,17,2,0.4208,9.38754,0,0
381,18,3,0.4208,10.0304,0,0
381,19,3,0.4208,10.0304,0,0
382,0,3,0.4208,10.0304,0,0
382,1,3,0.4208,9.95897,0,0
382,2,3,0.4208,9.95897,0,0
382,3,2,0.4208,30.0313,0,0
382,4,2,0.4208,9.81611,0,0
382,5,1,0.4208,30.0314,0,0
382,6,2,0.33664,15.0319,0,0
382,7,3,0.4208,9.95897,0,0
382,8,2,0.4208,30.0313,0,0
382,9,3,0.33664,25.0319,0,0
382,10,1,0.4208,29.9598,0,0
382,11,1,0.4208,9.38755,0,0
382,12,2,0.4208,9.88754,0,0
382,13,3,0.4208,9.88754,0,0
382,14,1,0.4208,30.0316,0,0
382,15,2,0.4208,29.9598,0,0
382,16,2,0.4208,29.7447,0,0
382,17,2,0.4208,10.0304,0,0
382,18,3,0.4208,10.0304,0,0
382,19,3,0.4208,10.0304,0,0
383,0,3,0.4208,10.0313,0,0
383,1,3,0.4208,9.95897,0,0
383,2,3,0.4208,9.95897,0,0
383,3,2,0.4208,30.0313,0,0
383,4,2,0.4208,10.0304,0,0
383,5,1,0.4208,30.0309,0,0
383,6,2,0.50496,16.6988,0,0
383,7,3,0.4208,9.95897,0,0
383,8,2,0.4208,29.959,0,0
383,9,3,0.50496,16.6976,0,0
383,10,1,0.4208,29.9598,0,0
383,11,1,0.4208,9.38754,0,0
383,12,2,0.4208,9.81611,0,0
383,13,3,0.4208,9.88754,0,0
383,14,1,0.4208,30.0316,0,0
383,15,2,0.4208,29.9598,0,0
383,16,2,0.4208,29.7447,0,0
383,17,2,0.4208,9.38754,0,0
383,18,3,0.4208,10.0304,0,0
383,19,3,0.4208,10.0304,0,0
384,0,3,0.4208,10.0313,0,0
384,1,3,0.4208,9.95897,0,0
384,2,3,0.4208,9.95897,0,0
384,3,2,0.4208,30.0313,0,0
384,4,2,0.4208,10.0304,0,0
384,5,1,0.4208,30.0313,0,0
384,6,2,0.33664,20.0317,0,0
384,7,3,0.4208,9.95897,0,0
384,8,2,0.4208,29.959,0,0
384,9,3,0.4208,10.0304,0,0
384,10,1,0.4208,29.9598,0,0
384,11,1,0.4208,9.38754,0,0
384,12,2,0.4208,9.81611,0,0
384,13,3,0.4208,9.88754,0,0
384,14,1,0.4208,30.0316,0,0
384,15,2,0.4208,29.9598,0,0
384,16,2,0.4208,29.7447,0,0
384,17,2,0.4208,9.38755,0,0
384,18,3,0.4208,10.0304,0,0
384,19,3,0.4208,10.0304,0,0
385,0,3,0.4208,10.0304,0,0
385,1,3,0.4208,9.95897,0,0
385,2,3,0.4208,9.95897,0,0
385,3,2,0.4208,30.0313,0,0
385,4,2,0.4208,9.81611,0,0
385,5,1,0.4208,30.0321,0,0
385,6,2,0.4208,22.0325,0,0
385,7,3,0.4208,9.95897,0,0
385,8,2,0.4208,30.0313,0,0
385,9,3,0.4208,10.0313,0,0
385,10,1,0.4208,29.9598,0,0
385,11,1,0.4208,9.38754,0,0
385,12,2,0.4208,9.88754,0,0
385,13,3,0.4208,9.88754,0,0
385,14,1,0.4208,30.0313,0,0
385,15,2,0.4208,29.9598,0,0
385,16,2,0.4208,29.7447,0,0
385,17,2,0.4208,10.0304,0,0
385,18,3,0.4208,10.0304,0,0
385,19,3,0.4208,10.0304,0,0
386,0,3,0.4208,10.0313,0,0
386,1,3,0.4208,9.95897,0,0
386,2,3,0.4208,9.95897,0,0
386,3,2,0.4208,30.0313,0,0
386,4,2,0.4208,10.0304,0,0
386,5,1,0.4208,30.0306,0,0
386,6,2,0.50496,20.0326,0,0
386,7,3,0.4208,9.95897,0,0
386,8,2,0.4208,29.959,0,0
386,9,3,0.33664,25.0311,0,0
386,10,1,0.4208,29.9598,0,0
386,11,1,0.4208,9.38754,0,0
386,12,2,0.4208,9.81611,0,0
386,13,3,0.4208,9.88754,0,0
386,14,1,0.4208,30.0313,0,0
386,15,2,0.4208,29.9598,0,0
386,16,2,0.4208,29.7447,0,0
386,17,2,0.4208,9.38754,0,0
386,18,3,0.4208,10.0304,0,0
386,19,3,0.4208,10.0304,0,0
387,0,3,0.4208,10.0313,0,0
387,1,3,0.4208,9.95897,0,0
387,2,3,0.4208,9.95897,0,0
387,3,2,0.4208,30.0313,0,0
387,4,2,0.4208,10.0304,0,0
387,5,1,0.4208,30.0309,0,0
387,6,2,0.33664,20.0326,0,0
387,7,3,0.4208,9.95897,0,0
387,8,2,0.4208,29.959,0,0
387,9,3,0.50496,16.6976,0,0
387,10,1,0.4208,29.9598,0,0
387,11,1,0.4208,9.38754,0,0
387,12,2,0.4208,9.81611,0,0
387,13,3,0.4208,9.88754,0,0
387,14,1,0.4208,30.0313,0,0
387,15,2,0.4208,29.9598,0,0
387,16,2,0.4208,29.7447,0,0
387,17,2,0.4208,9.38754,0,0
387,18,3,0.4208,10.0304,0,0
387,19,3,0.4208,10.0304,0,0
388,0,3,0.4208,10.0313,0,0
388,1,3,0.33664,14.959,0,0
388,2,3,0.4208,9.9304,0,0
388,3,2,0.4208,30.0313,0,0
388,4,2,0.4208,10.0304,0,0
388,5,1,0.4208,30.0313,0,0
388,6,2,0.50496,20.0326,0,0
388,7,3,0.4208,9.95897,0,0
388,8,2,0.4208,29.959,0,0
388,9,3,0.4208,10.0304,0,0
388,10,1,0.4208,29.9595,0,0
388,11,1,0.4208,9.38754,0,0
388,12,2,0.4208,9.81611,0,0
388,13,3,0.4208,9.88754,0,0
388,14,1,0.4208,30.0313,0,0
388,15,2,0.4208,29.9598,0,0
388,16,2,0.4208,29.7447,0,0
388,17,2,0.4208,9.38754,0,0
388,18,3,0.4208,10.0304,0,0
388,19,3,0.4208,10.0304,0,0
389,0,3,0.4208,10.0313,0,0
389,1,3,0.50496,26.6258,0,0
389,2,3,0.4208,9.90183,0,0
389,3,2,0.4208,30.0314,0,0
389,4,2,0.4208,10.0304,0,0
389,5,1,0.4208,30.0313,0,0
389,6,2,0.33664,20.0326,0,0
389,7,3,0.4208,9.95897,0,0
389,8,2,0.4208,29.959,0,0
389,9,3,0.4208,10.0304,0,0
389,10,0,0.25248,29.959,0,0
389,11,1,0.4208,9.51612,0,0
389,12,2,0.4208,9.81611,0,0
389,13,3,0.4208,9.88754,0,0
389,14,1,0.4208,30.0313,0,0
389,15,2,0.4208,29.9598,0,0
389,16,2,0.4208,29.7447,0,0
389,17,2,0.4208,9.38755,0,0
389,18,3,0.4208,10.0304,0,0
389,19,3,0.4208,10.0306,0,0
390,0,3,0.4208,10.0311,0,0
390,1,3,0.33664,19.9592,0,0
390,2,3,0.4208,9.91611,0,0
390,3,2,0.4208,30.0175,0,0
390,4,2,0.4208,9.98754,0,0
390,5,1,0.4208,30.0306,0,0
390,6,2,0.4208,30.0321,0,0
390,7,3,0.4208,9.95897,0,0
390,8,2,0.4208,29.8161,0,0
390,9,3,0.33664,25.0311,0,0
390,10,1,0.08416,29.959,0,0
390,11,1,0.4208,9.88772,0,0
390,12,2,0.4208,9.70183,0,0
390,13,3,0.4208,9.88754,0,0
390,14,1,0.4208,30.0313,0,0
390,15,2,0.4208,29.9743,0,0
390,16,2,0.4208,29.6304,0,0
390,17,2,0.4208,9.38754,0,0
390,18,3,0.4208,10.0304,0,0
390,19,3,0.4208,10.0309,0,0
391,0,3,0.4208,10.0313,0,0
391,1,3,0.50496,26.6258,0,0
391,2,3,0.4208,9.90183,0,0
391,3,2,0.4208,29.9598,0,0
391,4,2,0.4208,10.0304,0,0
391,5,1,0.4208,30.0309,0,0
391,6,2,0.4208,30.0321,0,0
391,7,3,0.4208,9.95897,0,0
391,8,2,0.4208,29.4875,0,0
391,9,3,0.50496,16.6976,0,0
391,10,1,0.4208,29.9591,0,0
391,11,1,0.4208,9.38754,0,0
391,12,2,0.4208,9.41612,0,0
391,13,3,0.4208,9.88754,0,0
391,14,1,0.4208,30.0313,0,0
391,15,2,0.4208,30.0313,0,0
391,16,2,0.4208,29.3447,0,0
391,17,2,0.4208,9.38754,0,0
391,18,3,0.4208,10.0304,0,0
391,19,3,0.4208,10.0304,0,0
392,0,3,0.4208,10.0304,0,0
392,1,3,0.33664,9.95897,0,0
392,2,3,0.4208,9.94468,0,0
392,3,2,0.4208,29.9598,0,0
392,4,2,0.4208,9.38754,0,0
392,5,1,0.4208,30.0313,0,0
392,6,2,0.4208,30.0321,0,0
392,7,3,0.4208,9.95897,0,0
392,8,2,0.4208,29.5304,0,0
392,9,3,0.4208,10.0304,0,0
392,10,1,0.4208,29.9597,0,0
392,11,1,0.4208,9.38755,0,0
392,12,2,0.4208,9.45897,0,0
392,13,3,0.4208,9.88754,0,0
392,14,1,0.4208,30.0313,0,0
392,15,2,0.4208,30.0313,0,0
392,16,2,0.4208,29.3161,0,0
392,17,2,0.4208,9.38754,0,0
392,18,3,0.4208,10.0304,0,0
392,19,3,0.4208,10.0304,0,0
393,0,3,0.4208,10.0313,0,0
393,1,3,0.50496,13.2924,0,0
393,2,3,0.4208,9.95897,0,0
393,3,2,0.4208,29.9598,0,0
393,4,2,0.4208,10.0304,0,0
393,5,1,0.4208,30.0313,0,0
393,6,2,0.4208,30.0321,0,0
393,7,3,0.4208,9.95897,0,0
393,8,2,0.4208,29.459,0,0
393,9,3,0.4208,10.0304,0,0
393,10,1,0.4208,29.9598,0,0
393,11,1,0.4208,9.38754,0,0
393,12,2,0.4208,9.38755,0,0
393,13,3,0.4208,9.88754,0,0
393,14,1,0.4208,30.0313,0,0
393,15,2,0.4208,30.0313,0,0
393,16,2,0.4208,29.3161,0,0
393,17,2,0.4208,9.40183,0,0
393,18,3,0.4208,10.0304,0,0
393,19,3,0.4208,10.0304,0,0
394,0,3,0.4208,10.0313,0,0
394,1,3,0.4208,9.95897,0,0
394,2,3,0.4208,9.95897,0,0
394,3,2,0.50496,27.5549,0,0
394,4,2,0.4208,10.0304,0,0
394,5,1,0.4208,30.0306,0,0
394,6,2,0.4208,30.0321,0,0
394,7,3,0.4208,9.95897,0,0
394,8,2,0.4208,29.4304,0,0
394,9,3,0.33664,25.0311,0,0
394,10,1,0.4208,29.9598,0,0
394,11,1,0.4208,9.38754,0,0
394,12,2,0.4208,9.35897,0,0
394,13,3,0.4208,9.88754,0,0
394,14,1,0.4208,30.0313,0,0
394,15,2,0.4208,30.0313,0,0
394,16,2,0.4208,29.2875,0,0
394,17,2,0.4208,9.38754,0,0
394,18,3,0.4208,10.0304,0,0
394,19,3,0.4208,10.0304,0,0
395,0,3,0.4208,10.0313,0,0
395,1,3,0.4208,9.95897,0,0
395,2,3,0.4208,9.95897,0,0
395,3,2,0.33664,29.9598,0,0
395,4,2,0.4208,10.0304,0,0
395,5,1,0.4208,30.0309,0,0
395,6,2,0.4208,30.0321,0,0
395,7,3,0.4208,9.95897,0,0
395,8,2,0.4208,29.4161,0,0
395,9,3,0.50496,16.6976,0,0
395,10,1,0.4208,29.9598,0,0
395,11,1,0.4208,9.38754,0,0
395,12,2,0.4208,9.34469,0,0
395,13,3,0.4208,9.88754,0,0
395,14,1,0.4208,30.0313,1,0
395,15,2,0.4208,30.0313,0,0
395,16,2,0.4208,29.2733,0,0
395,17,2,0.4208,9.37326,0,0
395,18,3,0.4208,10.0304,0,0
395,19,3,0.4208,10.0304,0,0
396,0,3,0.4208,10.0313,0,0
396,1,3,0.4208,9.95897,0,0
396,2,3,0.4208,9.95897,0,0
396,3,2,0.4208,29.9598,0,0
396,4,2,0.4208,10.0304,0,0
396,5,1,0.4208,30.0313,0,0
396,6,2,0.4208,30.0321,0,0
396,7,3,0.4208,9.95897,0,0
396,8,2,0.4208,29.4447,0,0
396,9,3,0.4208,10.0304,0,0
396,10,1,0.4208,29.9598,0,0
396,11,1,0.4208,9.38754,0,0
396,12,2,0.4208,9.37326,0,0
396,13,3,0.4208,9.88754,0,0
396,14,1,0.4208,30.0313,0.2,0
396,15,2,0.4208,30.0313,0,0
396,16,2,0.4208,29.3018,0,0
396,17,2,0.4208,9.38754,0,0
396,18,3,0.4208,10.0304,0,0
396,19,3,0.4208,10.0304,0,0
397,0,3,0.4208,10.0313,0,0
397,1,3,0.4208,9.95897,0,0
397,2,3,0.4208,9.95897,0,0
397,3,2,0.4208,29.9598,0,0
397,4,2,0.4208,10.0304,0,0
397,5,1,0.4208,30.0313,0,0
397,6,2,0.4208,30.0321,0,0
397,7,3,0.4208,9.95897,0,0
397,8,2,0.4208,29.3875,0,0
397,9,3,0.4208,10.0304,0,0
397,10,1,0.4208,29.9598,0,0
397,11,1,0.4208,9.38754,0,0
397,12,2,0.4208,9.31612,0,0
397,13,3,0.4208,9.88754,0,0
397,14,1,0.4208,30.0313,0,0
397,15,2,0.4208,30.0313,0,0
397,16,2,0.4208,29.2447,0,0
397,17,2,0.4208,9.40183,0,0
397,18,3,0.4208,10.0304,0,0
397,19,3,0.4208,10.0304,0,0
398,0,3,0.4208,10.0313,0,0
398,1,3,0.4208,9.95897,0,0
398,2,3,0.4208,9.95897,0,0
398,3,2,0.4208,29.9598,0,0
398,4,2,0.4208,10.0304,0,0
398,5,1,0.4208,30.0306,0,0
398,6,2,0.4208,30.0321,0,0
398,7,3,0.4208,9.95897,0,0
398,8,2,0.4208,29.3875,0,0
398,9,3,0.33664,25.0311,0,0
398,10,1,0.4208,29.9598,0,0
398,11,1,0.4208,9.38754,0,0
398,12,2,0.4208,9.31612,0,0
398,13,3,0.4208,9.88754,0,0
398,14,1,0.4208,30.0313,0,0
398,15,2,0.4208,30.0313,0,0
398,16,2,0.4208,29.2447,0,0
398,17,2,0.4208,9.38755,0,0
398,18,3,0.4208,10.0304,0,0
398,19,3,0.4208,10.0304,0,0
399,0,3,0.4208,10.0313,0,0
399,1,3,0.4208,9.95897,0,0
399,2,3,0.4208,9.95897,0,0
399,3,2,0.4208,27.074,0,0
399,4,2,0.4208,10.0304,0,0
399,5,1,0.4208,30.0309,0,0
399,6,2,0.4208,30.0321,0,0
399,7,3,0.4208,9.95897,0,0
399,8,2,0.4208,29.3875,0,0
399,9,3,0.50496,16.6976,0,0
399,10,1,0.4208,29.9598,0,0
399,11,1,0.4208,9.38754,0,0
399,12,2,0.4208,9.31612,0,0
399,13,3,0.4208,9.88754,0,0
399,14,1,0.4208,30.0313,0,0
399,15,2,0.4208,30.0313,0,0
399,16,2,0.4208,29.2447,0,0
399,17,2,0.4208,9.40183,0,0
399,18,3,0.4208,10.0304,0,0
399,19,3,0.4208,10.0304,0,0
400,0,3,0.4208,10.0313,0,0
400,1,3,0.4208,9.95897,0,0
400,2,3,0.4208,9.95897,0,0
400,3,2,0.4208,29.9598,0,0
400,4,2,0.4208,10.0304,0,0
400,5,1,0.4208,30.0313,0,0
400,6,2,0.4208,30.0321,0,0
400,7,3,0.4208,9.95897,0,0
400,8,2,0.4208,29.3875,0,0
400,9,3,0.4208,10.0304,0,0
400,10,1,0.4208,29.9598,0,0
400,11,1,0.4208,9.38754,0,0
400,12,2,0.4208,9.31612,0,0
400,13,3,0.4208,9.88754,0,0
400,14,1,0.4208,30.0313,0,0
400,15,2,0.4208,30.0313,0,0
400,16,2,0.4208,29.2447,0,0
400,17,2,0.4208,9.40183,0,0
400,18,3,0.4208,10.0304,0,0
400,19,3,0.4208,10.0304,0,0
401,0,3,0.4208,10.0304,0,0
401,1,3,0.4208,9.95897,0,0
401,2,3,0.4208,9.95897,0,0
401,3,2,0.4208,29.9598,0,0
401,4,2,0.4208,9.31612,0,0
401,5,1,0.4208,30.0313,0,0
401,6,2,0.4208,30.0321,0,0
401,7,3,0.4208,9.95897,0,0
401,8,2,0.4208,29.459,0,0
401,9,3,0.4208,10.0304,0,0
401,10,1,0.4208,29.9598,0,0
401,11,1,0.4208,9.38754,0,0
401,12,2,0.4208,9.38754,0,0
401,13,3,0.4208,9.88754,0,0
401,14,1,0.4208,30.0313,0,0
401,15,2,0.4208,30.0313,0,0
401,16,2,0.4208,29.2447,0,0
401,17,2,0.4208,9.38754,0,0
401,18,3,0.4208,10.0304,0,0
401,19,3,0.4208,10.0304,0,0
402,0,3,0.4208,10.0313,0,0
402,1,3,0.4208,9.95897,0,0
402,2,3,0.4208,9.95897,0,0
402,3,2,0.4208,29.9598,0,0
402,4,2,0.4208,10.0304,0,0
402,5,1,0.4208,30.0313,0,0
402,6,2,0.4208,30.0321,0,0
402,7,3,0.4208,9.95897,0,0
402,8,2,0.4208,29.3875,0,0
402,9,3,0.4208,10.0304,0,0
402,10,1,0.4208,29.9598,0,0
402,11,1,0.4208,9.90183,0,0
402,12,2,0.4208,9.31612,0,0
402,13,3,0.4208,9.88754,0,0
402,14,1,0.4208,30.0313,0,0
402,15,2,0.4208,30.032,0,0
402,16,2,0.4208,29.2447,0,0
402,17,2,0.4208,9.38754,0,0
402,18,3,0.4208,10.0304,0,0
402,19,3,0.4208,10.0311,0,0
403,0,3,0.4208,10.0313,0,0
403,1,3,0.4208,9.95897,0,0
403,2,3,0.4208,9.95897,0,0
403,3,2,0.4208,29.9598,0,0
403,4,2,0.4208,10.0304,0,0
403,5,1,0.4208,30.0313,0,0
403,6,2,0.4208,30.0321,0,0
403,7,3,0.4208,9.95897,0,0
403,8,2,0.4208,29.3875,0,0
403,9,3,0.4208,10.0304,0,0
403,10,1,0.4208,29.9598,0,0
403,11,1,0.4208,9.51612,0,0
403,12,2,0.4208,9.31612,0,0
403,13,3,0.4208,9.88754,0,0
403,14,1,0.4208,30.0313,0,0
403,15,2,0.4208,30.0314,0,0
403,16,2,0.4208,29.2447,0,0
403,17,2,0.4208,9.37326,0,0
403,18,3,0.4208,10.0304,0,0
403,19,3,0.4208,10.0306,0,0
404,0,3,0.4208,10.0313,0,0
404,1,3,0.4208,9.95897,0,0
404,2,3,0.4208,9.95897,0,0
404,3,2,0.4208,29.9598,0,0
404,4,2,0.4208,10.0304,0,0
404,5,1,0.4208,30.0313,0,0
404,6,2,0.4208,30.0321,0,0
404,7,3,0.4208,9.95897,0,0
404,8,2,0.4208,29.3875,0,0
404,9,3,0.4208,10.0304,0,0
404,10,1,0.4208,29.9598,0,0
404,11,1,0.4208,9.38755,0,0
404,12,2,0.4208,9.31612,0,0
404,13,3,0.4208,9.88754,0,0
404,14,1,0.4208,30.0313,0,0
404,15,2,0.4208,30.0313,0,0
404,16,2,0.4208,29.2447,0,0
404,17,2,0.4208,9.38754,0,0
404,18,3,0.4208,10.0304,0,0
404,19,3,0.4208,10.0304,0,0
405,0,3,0.4208,10.0304,0,0
405,1,3,0.33664,9.95897,0,0
405,2,3,0.4208,9.94468,0,0
405,3,2,0.4208,29.9598,0,0
405,4,2,0.4208,9.31612,0,0
405,5,1,0.4208,30.0313,0,0
405,6,2,0.4208,30.0321,0,0
405,7,3,0.4208,9.95897,0,0
405,8,2,0.4208,29.459,0,0
405,9,3,0.4208,10.0304,0,0
405,10,1,0.4208,29.9597,0,0
405,11,1,0.4208,9.38754,0,0
405,12,2,0.4208,9.38754,0,0
405,13,3,0.4208,9.88754,0,0
405,14,1,0.4208,30.0313,0,0
405,15,2,0.4208,30.0313,0,0
405,16,2,0.4208,29.2447,0,0
405,17,2,0.4208,9.38754,0,0
405,18,3,0.4208,10.0304,0,0
405,19,3,0.4208,10.0304,0,0
406,0,3,0.4208,10.0313,0,0
406,1,3,0.4208,29.959,0,0
406,2,3,0.4208,9.88754,0,0
406,3,2,0.4208,29.9598,0,0
406,4,2,0.4208,10.0304,0,0
406,5,1,0.4208,30.0313,0,0
406,6,2,0.4208,30.0321,0,0
406,7,3,0.4208,9.95897,0,0
406,8,2,0.4208,29.3875,0,0
406,9,3,0.4208,10.0304,0,0
406,10,1,0.4208,29.959,0,0
406,11,1,0.4208,9.38754,0,0
406,12,2,0.4208,9.31612,0,0
406,13,3,0.4208,9.88754,0,0
406,14,1,0.4208,30.0313,0,0
406,15,2,0.4208,30.0313,0,0
406,16,2,0.4208,29.2447,0,0
406,17,2,0.4208,9.38754,0,0
406,18,3,0.4208,10.0304,0,0
406,19,3,0.4208,10.0304,0,0
407,0,3,0.4208,10.0313,0,0
407,1,3,0.4208,29.959,0,0
407,2,3,0.4208,9.88754,0,0
407,3,2,0.4208,29.9598,0,0
407,4,2,0.4208,10.0304,0,0
407,5,1,0.4208,30.0313,0,0
407,6,2,0.4208,30.0321,0,0
407,7,3,0.4208,9.95897,0,0
407,8,2,0.4208,29.3875,0,0
407,9,3,0.4208,10.0304,0,0
407,10,1,0.4208,29.959,0,0
407,11,1,0.4208,9.38754,0,0
407,12,2,0.4208,9.31612,0,0
407,13,3,0.4208,9.88754,0,0
407,14,1,0.4208,30.0313,0,0
407,15,2,0.4208,30.0313,0,0
407,16,2,0.4208,29.2447,0,0
407,17,2,0.4208,9.34469,0,0
407,18,3,0.4208,10.0304,0,0
407,19,3,0.4208,10.0304,0,0
408,0,3,0.4208,10.0313,0,0
408,1,3,0.4208,29.959,0,0
408,2,3,0.4208,9.88754,0,0
408,3,2,0.4208,29.9598,0,0
408,4,2,0.4208,10.0304,0,0
408,5,1,0.4208,30.0313,0,0
408,6,2,0.4208,30.0321,0,0
408,7,3,0.4208,9.95897,0,0
408,8,2,0.4208,29.3875,0,0
408,9,3,0.4208,10.0304,0,0
408,10,1,0.4208,29.959,0,0
408,11,1,0.4208,9.38754,0,0
408,12,2,0.4208,9.31612,0,0
408,13,3,0.4208,9.88754,0,0
408,14,1,0.4208,30.0313,0,0
408,15,2,0.4208,30.0313,0,0
408,16,2,0.4208,29.2447,0,0
408,17,2,0.4208,9.34469,0,0
408,18,3,0.4208,10.0304,0,0
408,19,3,0.4208,10.0304,0,0
409,0,3,0.4208,10.0313,0,0
409,1,3,0.4208,29.959,0,0
409,2,3,0.4208,9.88754,0,0
409,3,2,0.4208,29.9598,0,0
409,4,2,0.4208,10.0304,0,0
409,5,1,0.4208,30.0313,0,0
409,6,2,0.4208,30.032,0,0
409,7,3,0.4208,9.95897,0,0
409,8,2,0.4208,29.3875,0.2,0
409,9,3,0.4208,10.0304,0,0
409,10,1,0.4208,29.959,0,0
409,11,1,0.4208,9.38754,0,0
409,12,2,0.4208,9.31612,0,0
409,13,3,0.4208,9.88754,0,0
409,14,1,0.4208,30.0307,0,0
409,15,2,0.4208,30.0313,0,0
409,16,2,0.4208,29.2447,0,0
409,17,2,0.4208,9.37326,0,0
409,18,3,0.33664,20.0308,0,0
409,19,3,0.4208,10.0304,0,0
410,0,3,0.4208,10.0313,0,0
410,1,3,0.4208,29.959,0,0
410,2,3,0.4208,9.88754,0,0
410,3,2,0.4208,29.9598,0,0
410,4,2,0.4208,10.0304,0,0
410,5,1,0.4208,30.0313,0,0
410,6,2,0.4208,30.0321,0,0
410,7,3,0.4208,9.95897,0,0
410,8,2,0.4208,29.3875,1,0
410,9,3,0.4208,10.0304,0,0
410,10,1,0.4208,29.959,0,0
410,11,1,0.4208,9.38754,0,0
410,12,2,0.4208,9.31612,0,0
410,13,3,0.4208,9.88754,0,0
410,14,1,0.4208,30.0304,0,0
410,15,2,0.4208,30.0313,0,0
410,16,2,0.4208,29.2447,0,0
410,17,2,0.4208,9.34469,0,0
410,18,3,0.4208,30.0313,0,0
410,19,3,0.4208,10.0304,0,0
411,0,3,0.4208,10.0304,0,0
411,1,3,0.4208,29.959,0,0
411,2,3,0.4208,9.88754,0,0
411,3,2,0.4208,29.9598,0,0
411,4,2,0.4208,9.31612,0,0
411,5,1,0.4208,30.0306,0,0
411,6,2,0.4208,30.0321,0,0
411,7,3,0.4208,9.95897,0,0
411,8,2,0.4208,29.459,1,0
411,9,3,0.33664,25.0311,0,0
411,10,1,0.4208,29.959,0,0
411,11,1,0.4208,9.38754,0,0
411,12,2,0.4208,9.38755,0,0
411,13,3,0.4208,9.88754,0,0
411,14,1,0.4208,30.0309,0,0
411,15,2,0.4208,30.0313,0,0
411,16,2,0.4208,29.2447,0,0
411,17,2,0.4208,9.38754,0,0
411,18,3,0.50496,16.6978,0,0
411,19,3,0.4208,10.0304,0,0
412,0,3,0.4208,10.0313,0,0
412,1,3,0.4208,29.959,0,0
412,2,3,0.4208,9.88754,0,0
412,3,2,0.4208,29.9598,0,0
412,4,2,0.4208,10.0304,0,0
412,5,1,0.4208,30.0309,0,0
412,6,2,0.4208,30.032,0,0
412,7,3,0.4208,9.95897,0,0
412,8,2,0.4208,29.3875,0.2,0
412,9,3,0.50496,16.6976,0,0
412,10,1,0.4208,29.959,0,0
412,11,1,0.4208,9.38754,0,0
412,12,2,0.4208,9.31612,0,0
412,13,3,0.4208,9.88754,0,0
412,14,1,0.4208,30.0307,0,0
412,15,2,0.4208,30.0313,0,0
412,16,2,0.4208,29.2447,0,0
412,17,2,0.4208,9.34469,0,0
412,18,3,0.4208,18.0313,0,0
412,19,3,0.4208,10.0304,0,0
413,0,3,0.4208,10.0313,0,0
413,1,3,0.4208,29.959,0,0
413,2,3,0.4208,9.88754,0,0
413,3,2,0.4208,29.9598,0,0
413,4,2,0.4208,10.0304,0,0
413,5,1,0.4208,30.0313,0,0
413,6,2,0.4208,30.032,0,0
413,7,3,0.4208,9.95897,0,0
413,8,2,0.4208,29.3875,0,0
413,9,3,0.4208,10.0304,0,0
413,10,1,0.4208,29.959,0,0
413,11,1,0.4208,9.38754,0,0
413,12,2,0.4208,9.31612,0,0
413,13,3,0.4208,9.88754,0,0
413,14,1,0.4208,30.0304,0,0
413,15,2,0.4208,30.0313,0,0
413,16,2,0.4208,29.2447,0,0
413,17,2,0.4208,9.35897,0,0
413,18,3,0.33664,30.0313,0,0
413,19,3,0.4208,10.0304,0,0
414,0,3,0.4208,10.0313,0,0
414,1,3,0.4208,29.959,0,0
414,2,3,0.4208,9.88754,0,0
414,3,2,0.4208,29.9598,0,0
414,4,2,0.4208,10.0304,0,0
414,5,1,0.4208,30.0314,0,0
414,6,2,0.4208,30.0321,0,0
414,7,3,0.4208,9.95897,0,0
414,8,0,0,0,0,0
414,9,3,0.4208,10.0306,0,0
414,10,1,0.4208,29.959,0,0
414,11,1,0.4208,9.38754,0,0
414,12,2,0.4208,9.31612,0,0
414,13,3,0.4208,9.88754,0,0
414,14,1,0.4208,30.0309,0,0
414,15,2,0.4208,30.0313,0,0
414,16,2,0.4208,29.2447,0,0
414,17,2,0.4208,18.0321,0,0
414,18,3,0.50496,16.6978,0,0
414,19,3,0.4208,10.0304,0,0
415,0,3,0.4208,10.0304,0,0
415,1,3,0.4208,29.959,0,0
415,2,3,0.4208,9.88754,0,0
415,3,2,0.4208,29.9598,0,0
415,4,2,0.4208,9.31612,0.2,0
415,5,1,0.4208,30.0314,0,0
415,6,2,0.4208,30.032,0,0
415,7,3,0.4208,9.95897,0,0
415,8,0,0,0,0,0
415,9,3,0.4208,10.0304,0,0
415,10,1,0.4208,29.959,0,0
415,11,1,0.4208,9.38755,0,0
415,12,2,0.4208,9.38754,0,0
415,13,3,0.4208,9.88754,0,0
415,14,1,0.4208,30.0307,0,0
415,15,2,0.4208,30.0313,0,0
415,16,2,0.4208,29.2447,0,0
415,17,2,0.4208,18.0323,0,0
415,18,3,0.33664,20.0308,0,0
415,19,3,0.4208,10.0304,0,0
416,0,3,0.4208,10.0313,0,0
416,1,3,0.4208,29.959,0,0
416,2,3,0.4208,9.88754,0,0
416,3,2,0.4208,29.9598,0,0
416,4,2,0.4208,10.0304,1,0
416,5,1,0.4208,30.0313,0,0
416,6,2,0.4208,30.0321,0,0
416,7,3,0.4208,9.95897,0,0
416,8,0,0,0,0,0
416,9,3,0.4208,10.0304,0,0
416,10,1,0.4208,29.959,0,0
416,11,1,0.4208,9.38754,0,0
416,12,2,0.4208,9.31612,0,0
416,13,3,0.4208,9.88754,0,0
416,14,1,0.4208,30.0304,0,0
416,15,2,0.4208,30.0313,0,0
416,16,2,0.4208,29.2447,0.8,0
416,17,2,0.33664,20.0326,0,0
416,18,3,0.4208,30.0313,0,0
416,19,3,0.4208,10.0304,0,0
417,0,3,0.4208,10.0313,0,0
417,1,3,0.4208,29.959,0,0
417,2,3,0.4208,9.88754,0,0
417,3,2,0.4208,29.9598,0,0
417,4,2,0.4208,10.0304,1,0
417,5,1,0.4208,30.0313,0,0
417,6,2,0.4208,30.0321,0,0
417,7,3,0.4208,9.95897,0,0
417,8,0,0,0,0,0
417,9,3,0.4208,10.0304,0,0
417,10,1,0.4208,29.959,0,0
417,11,1,0.4208,9.38754,0,0
417,12,2,0.4208,9.31612,0,0
417,13,3,0.4208,9.88754,0,0
417,14,1,0.4208,30.0304,0,0
417,15,2,0.4208,30.0313,0,0
417,16,2,0.4208,29.2447,1,0
417,17,2,0.50496,20.0326,0,0
417,18,3,0.4208,30.0313,0,0
417,19,3,0.4208,10.0304,0,0
418,0,3,0.4208,10.0313,0,0
418,1,3,0.4208,29.959,0,0
418,2,3,0.4208,9.88754,0,0
418,3,2,0.4208,29.9598,0.6,0
418,4,2,0.4208,10.0304,0.6,0
418,5,1,0.4208,30.0306,0,0
418,6,2,0.4208,30.0321,0,0
418,7,3,0.4208,9.95897,0,0
418,8,0,0,0,0,0
418,9,3,0.33664,25.0315,0,0
418,10,1,0.4208,29.959,0,0
418,11,1,0.4208,9.38754,0,0
418,12,2,0.4208,9.31612,0,0
418,13,3,0.4208,9.88754,0,0
418,14,1,0.4208,30.0304,0,0
418,15,2,0.4208,30.0313,0,0
418,16,0,0.25248,29.2447,0.6,0
418,17,2,0.33664,25.0315,0,0
418,18,3,0.4208,30.0313,0,0
418,19,3,0.4208,10.0304,0,0
419,0,3,0.4208,10.0313,0,0
419,1,3,0.4208,29.959,0,0
419,2,3,0.4208,9.88754,0,0
419,3,2,0.4208,29.9598,1,0
419,4,2,0.4208,10.0304,0,0
419,5,1,0.4208,30.0304,0,0
419,6,2,0.4208,30.0321,0,0
419,7,3,0.4208,9.95897,0,0
419,8,0,0,0,0,0
419,9,3,0.4208,30.0321,0,0
419,10,1,0.4208,29.959,0,0
419,11,1,0.4208,9.38754,0,0
419,12,2,0.4208,9.31612,0,0
419,13,3,0.4208,9.88754,0,0
419,14,1,0.4208,30.0304,0,0
419,15,2,0.4208,30.0313,0,0
419,16,0,0,0,0,0
419,17,2,0.4208,30.0313,0,0
419,18,3,0.4208,30.0313,0,0
419,19,3,0.4208,10.0304,0,0
420,0,3,0.4208,10.0304,0,0
420,1,3,0.4208,25.9591,0,0
420,2,3,0.4208,9.88754,0,0
420,3,2,0.4208,29.9309,0.2,0
420,4,2,0.4208,13.4591,0,0
420,5,1,0.4208,30.0311,0,0
420,6,2,0.4208,30.0175,0,0
420,7,3,0.4208,9.95897,0,0
420,8,0,0,0,0,0
420,9,3,0.50496,16.6979,0,0
420,10,1,0.4208,29.9591,0,0
420,11,1,0.4208,9.38754,0,0
420,12,2,0.4208,9.34469,0,0
420,13,3,0.4208,9.88754,0,0
420,14,1,0.4208,30.0311,0,0
420,15,2,0.4208,30.0024,0,0
420,16,2,0.16832,29.2447,0,0
420,17,2,0.4208,21.8165,0,0
420,18,3,0.50496,16.6978,0,0
420,19,3,0.4208,14.0309,0,0
421,0,3,0.4208,10.0304,0,0
421,1,3,0.50496,16.6259,0,0
421,2,3,0.4208,9.94468,0,0
421,3,2,0.4208,29.9598,0,0
421,4,2,0.4208,9.31612,0,0
421,5,1,0.4208,30.0313,0,0
421,6,2,0.4208,30.0321,0,0
421,7,3,0.4208,9.95897,0,0
421,8,0,0,0,0,0
421,9,3,0.4208,10.0304,0,0
421,10,1,0.4208,29.9597,0,0
421,11,1,0.4208,9.38754,0,0
421,12,2,0.4208,9.38754,0,0
421,13,3,0.4208,9.88754,0,0
421,14,1,0.4208,30.0313,0,0
421,15,2,0.4208,30.0313,0,0
421,16,2,0.4208,29.2447,0,0
421,17,2,0.50496,20.0326,0,0
421,18,3,0.4208,10.0304,0,0
421,19,3,0.4208,10.0304,0,0
422,0,3,0.4208,10.0311,0,0
422,1,3,0.4208,9.95897,0,0
422,2,3,0.4208,9.95897,0,0
422,3,2,0.4208,29.9598,0,0
422,4,2,0.33664,10.0304,0,0
422,5,1,0.4208,30.0313,0,0
422,6,2,0.4208,30.032,0,0
422,7,3,0.4208,9.95897,0,0
422,8,0,0,0,0,0
422,9,3,0.4208,10.0304,0,0
422,10,1,0.4208,29.9598,0,0
422,11,1,0.4208,9.38754,0,0
422,12,2,0.4208,9.31612,0,0
422,13,3,0.4208,9.88754,0,0
422,14,1,0.4208,30.0307,0,0
422,15,2,0.4208,30.0313,0,0
422,16,2,0.4208,29.2447,0,0
422,17,2,0.33664,20.0326,0,0
422,18,3,0.33664,20.0308,0,0
422,19,3,0.4208,10.0304,0,0
423,0,3,0.4208,10.0304,0,0
423,1,3,0.4208,9.95897,0,0
423,2,3,0.4208,9.95897,0,0
423,3,2,0.4208,29.9598,0,0
423,4,2,0.50496,20.0317,0,0
423,5,1,0.4208,30.0313,0,0
423,6,2,0.4208,30.0321,0,0
423,7,3,0.4208,9.95897,0,0
423,8,0,0,0,0,0
423,9,3,0.4208,10.0304,0,0
423,10,1,0.4208,29.9598,0,0
423,11,1,0.4208,9.38754,0,0
423,12,2,0.4208,9.31612,0,0
423,13,3,0.4208,9.88754,0,0
423,14,1,0.4208,30.0304,0,0
423,15,2,0.4208,30.0313,0,0
423,16,2,0.4208,29.2447,0,0
423,17,2,0.50496,20.0326,0,0
423,18,3,0.4208,30.0313,0,0
423,19,3,0.4208,10.0304,0,0
424,0,3,0.4208,10.0304,0,0
424,1,3,0.4208,9.95897,0,0
424,2,3,0.4208,9.95897,0,0
424,3,2,0.4208,29.9598,0,0
424,4,2,0.33664,20.0317,0,0
424,5,1,0.4208,30.0313,0,0
424,6,2,0.4208,30.0321,0,0
424,7,3,0.4208,9.95897,0,0
424,8,0,0,0,0,0
424,9,3,0.4208,10.0304,0,0
424,10,1,0.4208,29.9598,0,0
424,11,1,0.4208,9.38754,0,0
424,12,2,0.4208,9.31612,0,0
424,13,3,0.4208,9.88754,0,0
424,14,1,0.4208,30.0309,0,0
424,15,2,0.4208,30.0313,0,0
424,16,2,0.4208,29.2447,0,0
424,17,2,0.33664,20.0326,0,0
424,18,3,0.50496,16.6978,0,0
424,19,3,0.4208,10.0304,0,0
425,0,3,0.4208,10.0304,0,0
425,1,3,0.4208,9.95897,0,0
425,2,3,0.4208,9.95897,0,0
425,3,2,0.4208,29.9598,0,0
425,4,2,0.50496,23.3649,0,0
425,5,1,0.4208,30.0313,0,0
425,6,2,0.4208,30.0321,0,0
425,7,3,0.4208,9.95897,0,0
425,8,0,0,0,0,0
425,9,3,0.4208,10.0304,0,0
425,10,1,0.4208,29.9598,0,0
425,11,1,0.4208,9.38754,0,0
425,12,2,0.4208,9.31612,0,0
425,13,3,0.4208,9.88754,0,0
425,14,1,0.4208,30.0313,0,0
425,15,2,0.4208,30.0313,0,0
425,16,2,0.4208,29.2447,0,0
425,17,2,0.50496,20.0326,0,0
425,18,3,0.4208,10.0304,0,0
425,19,3,0.4208,10.0304,0,0
426,0,3,0.4208,10.0304,0,0
426,1,3,0.4208,9.95897,0,0
426,2,3,0.4208,9.95897,0,0
426,3,2,0.4208,29.9598,0,0
426,4,2,0.33664,29.3161,0,0
426,5,1,0.4208,30.0313,0,0
426,6,2,0.4208,30.032,0,0
426,7,3,0.4208,9.95897,0,0
426,8,0,0,0,0,0
426,9,3,0.4208,10.0304,0,0
426,10,1,0.4208,29.9598,0,0
426,11,1,0.4208,9.38754,0,0
426,12,2,0.4208,9.38754,0,0
426,13,3,0.4208,9.88754,0,0
426,14,1,0.4208,30.0307,0,0
426,15,2,0.4208,30.0313,0,0
426,16,2,0.4208,29.2447,0,0
426,17,2,0.4208,22.0325,0,0
426,18,3,0.4208,18.0313,0,0
426,19,3,0.4208,10.0304,0,0
427,0,3,0.4208,10.0304,0,0
427,1,3,0.4208,9.95897,0,0
427,2,3,0.4208,9.95897,0,0
427,3,2,0.4208,29.9598,0,0
427,4,2,0.4208,21.3163,0,0
427,5,1,0.4208,30.0313,0,0
427,6,2,0.4208,30.032,0,0
427,7,3,0.4208,9.95897,0,0
427,8,0,0,0,0,0
427,9,3,0.4208,10.0304,0,0
427,10,1,0.4208,29.9598,0,0
427,11,1,0.4208,9.38755,0,0
427,12,2,0.4208,9.38754,0,0
427,13,3,0.4208,9.88754,0,0
427,14,1,0.4208,30.0307,0,0
427,15,2,0.4208,30.0313,0,0
427,16,2,0.4208,29.2447,0,0
427,17,2,0.33664,25.0324,0,0
427,18,3,0.4208,18.0313,0,0
427,19,3,0.4208,10.0304,0,0
428,0,3,0.4208,10.0304,0,0
428,1,3,0.4208,9.95897,0,0
428,2,3,0.4208,9.95897,0,0
428,3,2,0.4208,29.9598,0,0
428,4,2,0.4208,30.0313,0,0
428,5,1,0.4208,30.0313,0,0
428,6,2,0.4208,30.032,0,0
428,7,3,0.4208,9.95897,0,0
428,8,0,0,0,0,0
428,9,3,0.4208,10.0304,0,0
428,10,1,0.4208,29.9598,0,0
428,11,1,0.4208,9.38754,0,0
428,12,2,0.4208,9.31612,0,0
428,13,3,0.4208,9.88754,0,0
428,14,1,0.4208,30.0309,0,0
428,15,2,0.4208,30.0313,0,0
428,16,2,0.4208,29.2447,0,0
428,17,2,0.4208,30.0321,0,0
428,18,3,0.4208,14.0311,0,0
428,19,3,0.4208,10.0304,0,0
429,0,3,0.4208,10.0304,0,0
429,1,3,0.4208,9.95897,0,0
429,2,3,0.4208,9.95897,0,0
429,3,2,0.4208,29.9598,0,0
429,4,2,0.4208,26.0314,0,0
429,5,1,0.4208,30.0313,0,0
429,6,2,0.4208,30.0321,0,0
429,7,3,0.4208,9.95897,0,0
429,8,0,0,0,0,0
429,9,3,0.4208,10.0304,0,0
429,10,1,0.4208,29.9598,0,0
429,11,1,0.4208,9.38754,0,0
429,12,2,0.4208,9.31612,0,0
429,13,3,0.4208,9.88754,0,0
429,14,1,0.4208,30.0313,0,0
429,15,2,0.4208,30.0313,0,0
429,16,2,0.4208,29.2447,0,0
429,17,2,0.4208,30.0321,0,0
429,18,3,0.4208,10.0304,0,0
429,19,3,0.4208,10.0304,0,0
430,0,3,0.4208,10.0304,0,0
430,1,3,0.4208,9.95897,0,0
430,2,3,0.4208,9.95897,0,0
430,3,2,0.4208,29.9598,0,0
430,4,2,0.50496,20.0317,0,0
430,5,1,0.4208,30.0313,0,0
430,6,2,0.4208,30.0321,0,0
430,7,3,0.4208,9.95897,0,0
430,8,0,0,0,0,0
430,9,3,0.4208,10.0304,0,0
430,10,1,0.4208,29.9598,0,0
430,11,1,0.4208,9.38754,0,0
430,12,2,0.4208,9.31612,0,0
430,13,3,0.4208,9.88754,0,0
430,14,1,0.4208,30.0313,0,0
430,15,2,0.4208,30.0313,0,0
430,16,2,0.4208,29.2447,0,0
430,17,2,0.4208,30.0321,0,0
430,18,3,0.4208,10.0304,0,0
430,19,3,0.4208,10.0304,0,0
431,0,3,0.4208,10.0304,0,0
431,1,3,0.4208,9.95897,0,0
431,2,3,0.4208,9.95897,0,0
431,3,2,0.4208,29.9598,0,0
431,4,2,0.33664,20.0317,0,0
431,5,1,0.4208,30.0313,0,0
431,6,2,0.4208,30.0321,0,0
431,7,3,0.4208,9.95897,0,0
431,8,0,0,0,0,0
431,9,3,0.4208,10.0304,0,0
431,10,1,0.4208,29.9598,0,0
431,11,1,0.4208,9.38754,0,0
431,12,2,0.4208,9.31612,0,0
431,13,3,0.4208,9.88754,0,0
431,14,1,0.4208,30.0313,0,0
431,15,2,0.4208,30.0313,0,0
431,16,2,0.4208,29.2447,0,0
431,17,2,0.4208,30.0321,0,0
431,18,3,0.4208,10.0304,0,0
431,19,3,0.4208,10.0304,0,0
432,0,3,0.4208,10.0304,0,0
432,1,3,0.4208,9.95897,0,0
432,2,3,0.4208,9.95897,0,0
432,3,2,0.4208,29.9598,0,0
432,4,2,0.50496,20.0317,0,0
432,5,1,0.4208,30.0313,0,0
432,6,2,0.4208,30.0321,0,0
432,7,3,0.4208,9.95897,0,0
432,8,0,0,0,0,0
432,9,3,0.4208,10.0304,0,0
432,10,1,0.4208,29.9598,0,0
432,11,1,0.4208,9.38754,0,0
432,12,2,0.4208,9.31612,0,0
432,13,3,0.4208,9.88754,0,0
432,14,1,0.4208,30.0313,0,0
432,15,2,0.4208,30.0313,0,0
432,16,2,0.4208,29.2447,0,0
432,17,2,0.4208,30.0321,0,0
432,18,3,0.4208,10.0304,0,0
432,19,3,0.4208,10.0304,0,0
433,0,3,0.4208,10.0304,0,0
433,1,3,0.4208,9.95897,0,0
433,2,3,0.4208,9.95897,0,0
433,3,2,0.4208,29.9598,0,0
433,4,2,0.33664,20.0317,0,0
433,5,1,0.4208,30.0313,0,0
433,6,2,0.4208,30.0321,0,0
433,7,3,0.4208,9.95897,0,0
433,8,0,0,0,0,0
433,9,3,0.4208,10.0304,0,0
433,10,1,0.33664,30.0134,0,0
433,11,1,0.4208,9.77326,0,0
433,12,2,0.4208,9.31612,0,0
433,13,3,0.4208,9.88754,0,0
433,14,0,0.16832,30.0313,0,0
433,15,2,0.4208,30.0318,0,0
433,16,2,0.4208,29.2447,0,0
433,17,2,0.4208,30.0321,0,0
433,18,3,0.4208,10.0304,0,0
433,19,3,0.4208,10.0309,0,0
434,0,3,0.4208,10.0304,0,0
434,1,3,0.4208,9.95897,0,0
434,2,3,0.4208,9.95897,0,0
434,3,2,0.4208,29.96,0,0
434,4,2,0.50496,20.0317,0,0
434,5,1,0.4208,30.0313,0,0
434,6,2,0.4208,30.0321,0,0
434,7,3,0.4208,9.95897,0,0
434,8,0,0,0,0,0
434,9,3,0.4208,10.0304,0,0
434,10,1,0.4208,30.0313,0,0
434,11,1,0.4208,10.0163,0,0
434,12,2,0.4208,9.31612,0,0
434,13,3,0.4208,9.88754,0,0
434,14,1,0.08416,29.9598,0,0
434,15,2,0.4208,30.032,0,0
434,16,2,0.4208,29.2447,0,0
434,17,2,0.4208,30.0321,0,0
434,18,3,0.4208,10.0304,0,0
434,19,3,0.4208,10.0311,0,0
435,0,3,0.4208,10.0304,0,0
435,1,3,0.4208,9.95897,0,0
435,2,3,0.4208,9.95897,0,0
435,3,2,0.4208,29.9598,0,0
435,4,2,0.4208,14.0314,0,0
435,5,1,0.4208,30.0313,0,0
435,6,2,0.4208,30.0321,0,0
435,7,3,0.4208,9.95897,0,0
435,8,0,0,0,0,0
435,9,3,0.4208,10.0304,0,0
435,10,1,0.4208,30.0313,0,0
435,11,1,0.4208,10.0304,0,0
435,12,2,0.4208,9.31612,0,0
435,13,3,0.4208,9.88754,0,0
435,14,1,0.4208,29.9598,0,0
435,15,2,0.4208,30.0321,0,0
435,16,2,0.4208,29.2447,0,0
435,17,2,0.4208,30.0321,0,0
435,18,3,0.4208,10.0304,0,0
435,19,3,0.4208,10.0313,0,0
436,0,3,0.4208,10.0304,0,0
436,1,3,0.4208,9.95897,0,0
436,2,3,0.4208,9.95897,0,0
436,3,2,0.4208,29.9598,0,0
436,4,2,0.4208,10.0313,0,0
436,5,1,0.4208,30.0313,0,0
436,6,2,0.4208,30.0321,0,0
436,7,3,0.4208,9.95897,0,0
436,8,0,0,0,0,0
436,9,3,0.4208,10.0304,0,0
436,10,1,0.4208,30.0313,0,0
436,11,1,0.4208,10.0304,0,0
436,12,2,0.4208,9.31612,0,0
436,13,3,0.4208,9.88754,0,0
436,14,1,0.4208,29.9598,0,0
436,15,2,0.4208,30.0321,0,0
436,16,2,0.4208,29.2447,0,0
436,17,2,0.4208,30.0321,0,0
436,18,3,0.4208,10.0304,0,0
436,19,3,0.4208,10.0313,0,0
437,0,3,0.4208,10.0304,0,0
437,1,3,0.4208,9.95897,0,0
437,2,3,0.4208,9.95897,0,0
437,3,2,0.4208,29.9598,0,0
437,4,2,0.4208,10.0313,0,0
437,5,1,0.4208,30.0313,0,0
437,6,2,0.4208,30.0321,0,0
437,7,3,0.4208,9.95897,0,0
437,8,0,0,0,0,0
437,9,3,0.4208,10.0304,0,0
437,10,1,0.4208,30.0313,0,0
437,11,1,0.4208,10.0304,0,0
437,12,2,0.4208,9.31612,0,0
437,13,3,0.4208,9.88754,0,0
437,14,1,0.4208,29.9598,0,0
437,15,2,0.4208,30.0321,0,0
437,16,2,0.4208,29.2447,0,0
437,17,2,0.50496,26.699,0,0
437,18,3,0.4208,10.0304,0,0
437,19,3,0.4208,10.0313,0,0
438,0,3,0.4208,10.0304,0,0
438,1,3,0.4208,9.95897,0,0
438,2,3,0.4208,9.95897,0,0
438,3,2,0.4208,29.9598,0,0
438,4,2,0.4208,10.0313,0,0
438,5,1,0.4208,30.0313,0,0
438,6,2,0.4208,30.0321,0,0
438,7,3,0.4208,9.95897,0,0
438,8,0,0,0,0,0
438,9,3,0.4208,10.0304,0,0
438,10,1,0.4208,30.0313,0,0
438,11,1,0.4208,10.0304,0,0
438,12,2,0.4208,9.31612,0,0
438,13,3,0.4208,9.88754,0,0
438,14,1,0.4208,29.9598,0,0
438,15,2,0.4208,30.0321,0,0
438,16,2,0.4208,29.2447,0,0
438,17,2,0.4208,22.0325,0,0
438,18,3,0.4208,10.0304,0,0
438,19,3,0.4208,10.0313,0,0
439,0,3,0.4208,10.0304,0,0
439,1,3,0.4208,9.95897,0,0
439,2,3,0.4208,9.95897,0,0
439,3,2,0.4208,29.9598,0,0
439,4,2,0.4208,10.0313,0,0
439,5,1,0.4208,30.0313,0,0
439,6,2,0.4208,30.0321,0,0
439,7,3,0.4208,9.95897,0,0
439,8,0,0,0,0,0
439,9,3,0.4208,10.0304,0,0
439,10,1,0.4208,30.0313,0,0
439,11,1,0.4208,10.0304,0,0
439,12,2,0.4208,9.31612,0,0
439,13,3,0.4208,9.88754,0,0
439,14,1,0.4208,29.9598,0,0
439,15,2,0.4208,30.0321,0,0
439,16,2,0.4208,29.2447,0,0
439,17,2,0.33664,20.0326,0,0
439,18,3,0.4208,10.0304,0,0
439,19,3,0.4208,10.0313,0,0
440,0,3,0.4208,10.0304,0,0
440,1,3,0.4208,9.95897,0,0
440,2,3,0.4208,9.95897,0,0
440,3,2,0.4208,29.9743,0,0
440,4,2,0.4208,9.98824,0,0
440,5,1,0.4208,30.0313,0,0
440,6,2,0.4208,30.0321,0,0
440,7,3,0.4208,9.95897,0,0
440,8,0,0,0,0,0
440,9,3,0.4208,10.0304,0,0
440,10,0,0.33664,30.0313,0,0
440,11,1,0.4208,10.0304,0,0
440,12,2,0.4208,9.4304,0,0
440,13,3,0.4208,9.88754,0,0
440,14,1,0.33664,29.9777,0,0
440,15,2,0.4208,30.0177,0,0
440,16,2,0.4208,29.3447,0,0
440,17,2,0.50496,20.0326,0,0
440,18,3,0.4208,10.0304,0,0
440,19,3,0.4208,10.0313,0,0
441,0,3,0.4208,10.0304,0,0
441,1,3,0.4208,9.95897,0,0
441,2,3,0.4208,9.95897,0,0
441,3,2,0.4208,30.0321,0,0
441,4,2,0.4208,9.78754,0,0
441,5,1,0.4208,30.0314,0,0
441,6,2,0.4208,30.0321,0,0
441,7,3,0.4208,9.95897,0,0
441,8,0,0,0,0,0
441,9,3,0.4208,10.0304,0,0
441,10,0,0,0,0,0
441,11,1,0.4208,10.0304,0,0
441,12,2,0.4208,9.85897,0,0
441,13,3,0.4208,9.88754,0,0
441,14,1,0.4208,30.0313,0,0
441,15,2,0.4208,29.9598,0,0
441,16,2,0.4208,29.7161,0,0
441,17,2,0.33664,25.0321,0,0
441,18,3,0.4208,10.0304,0,0
441,19,3,0.4208,10.0313,0,0
442,0,3,0.4208,10.0304,0,0
442,1,3,0.4208,9.95897,0,0
442,2,3,0.4208,9.95897,0,0
442,3,2,0.4208,30.032,0,0
442,4,2,0.4208,9.75897,0,0
442,5,1,0.4208,30.0314,0,0
442,6,2,0.4208,30.032,0,0
442,7,3,0.4208,9.95897,0,0
442,8,0,0,0,0,0
442,9,3,0.4208,10.0304,0,0
442,10,1,0,0,0,0
442,11,1,0.4208,10.0163,0,0
442,12,2,0.4208,9.8304,0,0
442,13,3,0.4208,9.88754,0,0
442,14,1,0.50496,30.0075,0,0
442,15,2,0.4208,29.96,0,0
442,16,2,0.4208,29.6875,0,0
442,17,2,0.4208,22.0323,0,0
442,18,3,0.4208,10.0304,0,0
442,19,3,0.4208,10.0311,0,0
443,0,3,0.4208,10.0304,0,0
443,1,3,0.4208,9.95897,0,0
443,2,3,0.4208,9.95897,0,0
443,3,2,0.4208,30.0321,0,0
443,4,2,0.4208,9.74468,0.4,0
443,5,1,0.4208,30.0313,0,0
443,6,2,0.4208,30.0321,0,0
443,7,3,0.4208,9.95897,0,0
443,8,0,0,0,0,0
443,9,3,0.4208,10.0304,0,0
443,10,1,0.4208,30.0313,0,0
443,11,1,0.4208,10.0304,0,0
443,12,2,0.4208,9.81611,0,0
443,13,3,0.4208,9.88754,0,0
443,14,1,0.4208,29.9598,0,0
443,15,2,0.4208,29.9598,0,0
443,16,2,0.4208,29.6733,0,0
443,17,2,0.50496,20.0326,0,0
443,18,3,0.4208,10.0304,0,0
443,19,3,0.4208,10.0313,0,0
444,0,3,0.4208,10.0304,0,0
444,1,3,0.4208,9.95897,0,0
444,2,3,0.4208,9.95897,0,0
444,3,2,0.4208,30.0321,0,0
444,4,2,0.4208,9.74468,0,0
444,5,1,0.4208,30.0313,0,0
444,6,2,0.4208,30.0321,0,0
444,7,3,0.4208,9.95897,0,0
444,8,0,0,0,0,0
444,9,3,0.4208,10.0304,0,0
444,10,1,0.4208,30.0313,0,0
444,11,1,0.4208,10.0304,0,0
444,12,2,0.4208,9.81611,0,0
444,13,3,0.4208,9.88754,0,0
444,14,1,0.4208,29.9598,0,0
444,15,2,0.4208,29.9598,0,0
444,16,2,0.4208,29.6733,0,0
444,17,2,0.33664,20.0326,0,0
444,18,3,0.4208,10.0304,0,0
444,19,3,0.4208,10.0313,0,0
445,0,3,0.4208,10.0304,0,0
445,1,3,0.4208,9.95897,0,0
445,2,3,0.4208,9.95897,0,0
445,3,2,0.4208,30.0321,0,0
445,4,2,0.4208,9.74469,0,0
445,5,1,0.4208,30.0313,0,0
445,6,2,0.4208,30.0321,0,0
445,7,3,0.4208,9.95897,0,0
445,8,0,0,0,0,0
445,9,3,0.4208,10.0304,0,0
445,10,1,0.4208,30.0313,0,0
445,11,1,0.4208,10.0304,0,0
445,12,2,0.4208,9.81611,0,0
445,13,3,0.4208,9.88754,0,0
445,14,1,0.4208,29.9598,0,0
445,15,2,0.4208,29.9598,0,0
445,16,2,0.4208,29.6733,0,0
445,17,2,0.50496,20.0326,0,0
445,18,3,0.4208,10.0304,0,0
445,19,3,0.4208,10.0313,0,0
446,0,3,0.4208,10.0304,0,0
446,1,3,0.4208,9.95897,0,0
446,2,3,0.4208,9.95897,0,0
446,3,2,0.4208,30.0321,0,0
446,4,2,0.4208,9.74468,0,0
446,5,1,0.4208,30.0313,0,0
446,6,2,0.4208,30.0321,0,0
446,7,3,0.4208,9.95897,0,0
446,8,0,0,0,0,0
446,9,3,0.4208,10.0304,0,0
446,10,1,0.4208,30.0313,0,0
446,11,1,0.4208,10.0304,0,0
446,12,2,0.4208,9.81611,0,0
446,13,3,0.4208,9.88754,0,0
446,14,1,0.4208,29.9598,0,0
446,15,2,0.4208,29.9598,0,0
446,16,2,0.4208,29.6733,0,0
446,17,2,0.33664,20.0326,0,0
446,18,3,0.4208,10.0304,0,0
446,19,3,0.4208,10.0313,0,0
447,0,3,0.4208,10.0304,0,0
447,1,3,0.4208,9.95897,0,0
447,2,3,0.4208,9.95897,0,0
447,3,2,0.4208,30.0321,0,0
447,4,2,0.4208,9.74468,0,0
447,5,1,0.4208,30.0313,0,0
447,6,2,0.4208,30.0321,0,0
447,7,3,0.4208,9.95897,0,0
447,8,0,0,0,0,0
447,9,3,0.4208,10.0304,0,0
447,10,1,0.4208,30.0313,0,0
447,11,1,0.4208,10.0304,0,0
447,12,2,0.4208,9.81611,0,0
447,13,3,0.4208,9.88754,0,0
447,14,1,0.4208,29.9598,0,0
447,15,2,0.4208,29.9598,0,0
447,16,2,0.4208,29.6733,0,0
447,17,2,0.50496,20.0326,0,0
447,18,3,0.4208,10.0304,0,0
447,19,3,0.4208,10.0313,0,0
448,0,3,0.4208,10.0304,0,0
448,1,3,0.4208,9.95897,0,0
448,2,3,0.4208,9.95897,0,0
448,3,2,0.4208,30.0321,0,0
448,4,2,0.4208,9.70183,0,0
448,5,1,0.4208,30.0316,0,0
448,6,2,0.4208,30.0321,0,0
448,7,3,0.4208,9.95897,0,0
448,8,0,0,0,0,0
448,9,3,0.4208,10.0304,0,0
448,10,1,0.4208,30.0313,0,0
448,11,1,0.4208,10.0304,0,0
448,12,2,0.4208,9.77326,0,0
448,13,3,0.4208,9.88754,0,0
448,14,1,0.4208,29.9598,0,0
448,15,2,0.4208,29.9598,0,0
448,16,2,0.4208,29.6304,0,0
448,17,2,0.4208,22.0321,0,0
448,18,3,0.4208,10.0304,0,0
448,19,3,0.4208,10.0313,0,0
449,0,3,0.4208,10.0306,0,0
449,1,3,0.4208,9.95897,0,0
449,2,3,0.4208,9.95897,0,0
449,3,0,0.33664,30.0321,0,0
449,4,2,0.4208,9.75897,0,0
449,5,1,0.4208,30.0313,0,0
449,6,2,0.4208,30.0321,0,0
449,7,3,0.4208,9.95897,0,0
449,8,0,0,0,0,0
449,9,3,0.4208,10.0304,0,0
449,10,1,0.4208,30.0313,0,0
449,11,1,0.4208,10.0304,0,0
449,12,2,0.4208,9.8304,0,0
449,13,3,0.4208,9.88754,0,0
449,14,1,0.4208,29.9598,0,0
449,15,2,0.4208,29.9743,0,0
449,16,2,0.4208,29.6875,0,0
449,17,2,0.33664,20.0326,0,0
449,18,3,0.4208,10.0304,0,0
449,19,3,0.4208,10.0313,0,0
450,0,3,0.4208,10.0309,0,0
450,1,3,0.4208,9.95897,0,0
450,2,3,0.4208,9.95897,0,0
450,3,2,0,0,0,0
450,4,2,0.4208,9.84468,0,0
450,5,1,0.4208,30.0313,0,0
450,6,2,0.4208,30.0321,0,0
450,7,3,0.4208,9.95897,0,0
450,8,0,0,0,0,0
450,9,3,0.4208,10.0304,0,0
450,10,1,0.4208,30.0313,0,0
450,11,1,0.4208,10.0304,0,0
450,12,2,0.4208,9.91611,0,0
450,13,3,0.4208,9.88754,0,0
450,14,1,0.4208,29.9598,0,0
450,15,2,0.4208,30.0032,0,0
450,16,2,0.4208,29.7733,0,0
450,17,2,0.50496,20.0326,0,0
450,18,3,0.4208,10.0304,0,0
450,19,3,0.4208,10.0313,0,0
451,0,3,0.4208,10.0304,0,0
451,1,3,0.4208,9.95897,0,0
451,2,3,0.4208,9.95897,0,0
451,3,2,0.4208,30.0321,0,0
451,4,2,0.4208,9.67326,0,0
451,5,1,0.4208,30.0316,0,0
451,6,2,0.4208,30.0321,0,0
451,7,3,0.4208,9.95897,0,0
451,8,0,0,0,0,0
451,9,3,0.4208,10.0304,0,0
451,10,1,0.4208,30.0313,0,0
451,11,1,0.4208,10.0304,0,0
451,12,2,0.4208,9.74469,0,0
451,13,3,0.4208,9.88754,0,0
451,14,1,0.4208,29.9598,0,0
451,15,2,0.4208,29.9598,0,0
451,16,2,0.4208,29.6018,0,0
451,17,2,0.33664,20.0321,0,0
451,18,3,0.4208,10.0304,0,0
451,19,3,0.4208,10.0313,0,0
452,0,3,0.4208,10.0304,0,0
452,1,3,0.4208,9.95897,0,0
452,2,3,0.4208,9.95897,0,0
452,3,2,0.4208,30.0321,0,0
452,4,2,0.4208,9.67326,0,0
452,5,1,0.4208,30.0314,0,0
452,6,2,0.4208,30.0321,0,0
452,7,3,0.4208,9.95897,0,0
452,8,0,0,0,0,0
452,9,3,0.4208,10.0304,0,0
452,10,1,0.4208,30.0313,0,0
452,11,1,0.4208,10.0304,0,0
452,12,2,0.4208,9.74468,0,0
452,13,3,0.4208,9.88754,0,0
452,14,1,0.4208,29.9598,0,0
452,15,2,0.4208,29.9598,0,0
452,16,2,0.4208,29.6018,0,0
452,17,2,0.50496,20.0324,0,0
452,18,3,0.4208,10.0304,0,0
452,19,3,0.4208,10.0313,0,0
453,0,3,0.4208,10.0304,0,0
453,1,3,0.4208,9.95897,0,0
453,2,3,0.4208,9.95897,0,0
453,3,2,0.4208,30.0321,0,0
453,4,2,0.4208,9.67326,0,0
453,5,1,0.4208,30.0316,0,0
453,6,2,0.4208,30.0321,0,0
453,7,3,0.4208,9.95897,0,0
453,8,0,0,0,0,0
453,9,3,0.4208,10.0304,0,0
453,10,1,0.4208,30.0313,0,0
453,11,1,0.4208,10.0304,0,0
453,12,2,0.4208,9.74468,0,0
453,13,3,0.4208,9.88754,0,0
453,14,1,0.4208,29.9598,0,0
453,15,2,0.4208,29.9598,0,0
453,16,2,0.4208,29.6018,0,0
453,17,2,0.33664,20.0321,0,0
453,18,3,0.4208,10.0304,0,0
453,19,3,0.4208,10.0313,0,0
454,0,3,0.4208,10.0304,0,0
454,1,3,0.4208,9.95897,0,0
454,2,3,0.4208,9.95897,0,0
454,3,2,0.4208,30.0321,0,0
454,4,2,0.4208,9.65897,0,0
454,5,1,0.4208,30.0314,0,0
454,6,2,0.4208,30.0321,0,0
454,7,3,0.4208,9.95897,0,0
454,8,0,0,0,0,0
454,9,3,0.4208,10.0304,0,0
454,10,1,0.4208,30.0313,0,0
454,11,1,0.4208,10.0304,0,0
454,12,2,0.4208,9.7304,0,0
454,13,3,0.4208,9.88754,0,0
454,14,1,0.4208,29.9598,0,0
454,15,2,0.4208,29.9598,0,0
454,16,2,0.4208,29.5875,0,0
454,17,2,0.50496,20.0324,0,0
454,18,3,0.4208,10.0304,0,0
454,19,3,0.4208,10.0313,0,0
455,0,3,0.4208,10.0304,0,0
455,1,3,0.4208,9.95897,0,0
455,2,3,0.4208,9.95897,0,0
455,3,2,0.4208,30.0321,0,0
455,4,2,0.4208,9.64469,0,0
455,5,1,0.4208,30.0313,0,0
455,6,2,0.4208,30.0321,0,0
455,7,3,0.4208,9.95897,0,0
455,8,0,0,0,0,0
455,9,3,0.4208,10.0304,0,0
455,10,1,0.4208,30.0313,0,0
455,11,1,0.4208,10.0304,0,0
455,12,2,0.4208,9.71611,0,0
455,13,3,0.4208,9.88754,0,0
455,14,1,0.4208,29.9598,0,0
455,15,2,0.4208,29.9598,0,0
455,16,2,0.4208,29.5733,0,0
455,17,2,0.33664,20.0326,0,0
455,18,3,0.4208,10.0304,0,0
455,19,3,0.4208,10.0313,0,0
456,0,3,0.4208,10.0304,0,0
456,1,3,0.4208,9.95897,0,0
456,2,3,0.4208,9.95897,0,0
456,3,2,0.4208,30.0321,0,0
456,4,2,0.4208,9.64469,0,0
456,5,1,0.4208,30.0313,0,0
456,6,2,0.4208,30.0321,0,0
456,7,3,0.4208,9.95897,0,0
456,8,0,0,0,0,0
456,9,3,0.4208,10.0304,0,0
456,10,1,0.4208,30.0313,0,0
456,11,1,0.4208,10.0304,0,0
456,12,2,0.4208,9.71611,0,0
456,13,3,0.4208,9.88754,0,0
456,14,1,0.4208,29.9598,0,0
456,15,2,0.4208,29.9598,0,0
456,16,2,0.4208,29.5733,0,0
456,17,2,0.50496,20.0326,0,0
456,18,3,0.4208,10.0304,0,0
456,19,3,0.4208,10.0313,0,0
457,0,3,0.4208,10.0304,0,0
457,1,3,0.4208,9.95897,0,0
457,2,3,0.4208,9.95897,0,0
457,3,2,0.4208,30.0321,0,0
457,4,2,0.4208,9.6304,0,0
457,5,1,0.4208,30.0313,0,0
457,6,2,0.4208,30.0321,0,0
457,7,3,0.4208,9.95897,0,0
457,8,0,0,0,0,0
457,9,3,0.4208,10.0304,0,0
457,10,1,0.4208,30.0313,0,0
457,11,1,0.4208,10.0304,0,0
457,12,2,0.4208,9.70183,0,0
457,13,3,0.4208,9.88754,0,0
457,14,1,0.4208,29.9598,0,0
457,15,2,0.4208,29.9598,0,0
457,16,2,0.4208,29.559,0,0
457,17,2,0.33664,20.0326,0,0
457,18,3,0.4208,10.0304,0,0
457,19,3,0.4208,10.0313,0,0
458,0,3,0.4208,10.0304,0,0
458,1,3,0.4208,9.95897,0,0
458,2,3,0.4208,9.95897,0,0
458,3,2,0.4208,30.0321,0,0
458,4,2,0.4208,9.6304,0,0
458,5,1,0.4208,30.0313,0,0
458,6,2,0.4208,30.0321,0,0
458,7,3,0.4208,9.95897,0,0
458,8,0,0,0,0.4,0
458,9,3,0.4208,10.0304,0,0
458,10,1,0.4208,30.0313,0,0
458,11,1,0.4208,10.0304,0,0
458,12,2,0.4208,9.70183,0,0
458,13,3,0.4208,9.88754,0,0
458,14,1,0.4208,29.9598,0,0
458,15,2,0.4208,29.9598,0,0
458,16,2,0.4208,29.559,0,0
458,17,2,0.50496,20.0326,0,0
458,18,3,0.4208,10.0304,0,0
458,19,3,0.4208,10.0313,0,0
459,0,3,0.4208,10.0304,0,0
459,1,3,0.4208,9.95897,0,0
459,2,3,0.4208,9.95897,0,0
459,3,2,0.4208,30.0321,0,0
459,4,2,0.33664,29.6197,0,0
459,5,1,0.4208,30.0313,0,0
459,6,2,0.4208,30.0321,0,0
459,7,3,0.4208,9.95897,0,0
459,8,0,0,0,1,0
459,9,3,0.4208,10.0304,0,0
459,10,1,0.4208,30.0313,0,0
459,11,1,0.4208,10.0304,0,0
459,12,2,0.4208,9.70183,0,0
459,13,3,0.4208,9.88754,0,0
459,14,1,0.4208,29.9598,0.4,0
459,15,2,0.4208,29.9598,0,0
459,16,2,0.4208,29.559,0,0
459,17,2,0.33664,20.0326,0,0
459,18,3,0.4208,10.0304,0,0
459,19,3,0.4208,10.0313,0,0
460,0,3,0.4208,10.0304,0,0
460,1,3,0.4208,9.95897,0,0
460,2,3,0.4208,9.95897,0,0
460,3,2,0.4208,30.0321,0,0
460,4,2,0.4208,29.6018,0,0
460,5,1,0.4208,30.0313,0,0
460,6,2,0.4208,30.0321,0,0
460,7,3,0.4208,9.95897,0,0
460,8,0,0,0,1,0
460,9,3,0.4208,10.0304,0,0
460,10,1,0.4208,30.0313,0,0
460,11,1,0.4208,10.0304,0,0
460,12,2,0.4208,9.67326,0,0
460,13,3,0.4208,9.88754,0,0
460,14,1,0.4208,29.9598,0.2,0
460,15,2,0.4208,29.9598,0,0
460,16,2,0.4208,29.5304,0,0
460,17,2,0.50496,20.0326,0,0
460,18,3,0.4208,10.0304,0,0
460,19,3,0.4208,10.0313,0,0
461,0,3,0.4208,10.0304,0,0
461,1,3,0.4208,9.95897,0,0
461,2,3,0.4208,9.95897,0,0
461,3,2,0.4208,30.0321,0,0
461,4,2,0.4208,29.6018,0,0
461,5,1,0.4208,30.0313,0,0
461,6,2,0.4208,30.0321,0,0
461,7,3,0.4208,9.95897,0,0
461,8,0,0,0,1,0
461,9,3,0.4208,10.0304,0,0
461,10,1,0.4208,30.0313,0,0
461,11,1,0.4208,10.0304,0,0
461,12,2,0.4208,9.67326,0,0
461,13,3,0.4208,9.88754,0,0
461,14,1,0.4208,29.9598,0,0
461,15,2,0.4208,29.9598,0,0
461,16,2,0.4208,29.5304,0,0
461,17,2,0.33664,20.0326,0,0
461,18,3,0.4208,10.0304,0,0
461,19,3,0.4208,10.0313,0,0
462,0,3,0.4208,10.0304,0,0
462,1,3,0.4208,9.95897,0,0
462,2,3,0.4208,9.95897,0,0
462,3,2,0.4208,30.0321,0,0
462,4,2,0.4208,29.6018,0,0
462,5,1,0.4208,30.0313,0,0
462,6,2,0.4208,30.0321,0,0
462,7,3,0.4208,9.95897,0,0
462,8,0,0,0,0.6,0
462,9,3,0.4208,10.0304,0,0
462,10,1,0.4208,30.0313,0,0
462,11,1,0.4208,10.0304,0,0
462,12,2,0.4208,9.67326,0,0
462,13,3,0.4208,9.88754,0,0
462,14,1,0.4208,29.9598,0,0
462,15,2,0.4208,29.9598,0,0
462,16,2,0.4208,29.5304,0,0
462,17,2,0.50496,20.0326,0,0
462,18,3,0.4208,10.0304,0,0
462,19,3,0.4208,10.0313,0,0
463,0,3,0.4208,10.0304,0,0
463,1,3,0.4208,9.95897,0,0
463,2,3,0.4208,9.95897,0,0
463,3,2,0.4208,30.0321,0,0
463,4,2,0.4208,29.6018,0,0
463,5,1,0.4208,30.0313,0,0
463,6,2,0.4208,30.0321,0,0
463,7,3,0.4208,9.95897,0,0
463,8,0,0,0,0,0
463,9,3,0.4208,10.0304,0,0
463,10,1,0.4208,30.0313,0,0
463,11,1,0.4208,10.0304,0,0
463,12,2,0.4208,9.67326,0,0
463,13,3,0.4208,9.88754,0,0
463,14,1,0.4208,29.9598,0,0
463,15,2,0.4208,29.9598,0,0
463,16,2,0.4208,29.5304,0.2,0
463,17,2,0.33664,20.0326,0,0
463,18,3,0.4208,10.0304,0,0
463,19,3,0.4208,10.0313,0,0
464,0,3,0.4208,10.0304,0,0
464,1,3,0.4208,9.95897,0,0
464,2,3,0.4208,9.95897,0,0
464,3,2,0.4208,30.0321,0,0
464,4,2,0.4208,29.6018,0,0
464,5,1,0.4208,30.0313,0,0
464,6,2,0.4208,30.0321,0,0
464,7,3,0.4208,9.95897,0,0
464,8,0,0,0,0,0
464,9,3,0.4208,10.0304,0,0
464,10,1,0.4208,30.0313,0,0
464,11,1,0.4208,10.0304,0,0
464,12,2,0.4208,9.67326,0,0
464,13,3,0.4208,9.88754,0,0
464,14,1,0.4208,29.9598,0,0
464,15,2,0.4208,29.9598,0,0
464,16,2,0.4208,29.5304,1,0
464,17,2,0.50496,20.0326,0,0
464,18,3,0.4208,10.0304,0,0
464,19,3,0.4208,10.0313,0,0
465,0,3,0.4208,10.0304,0,0
465,1,3,0.4208,9.95897,0,0
465,2,3,0.4208,9.95897,0,0
465,3,2,0.4208,30.0321,0.4,0
465,4,2,0.4208,29.6018,0,0
465,5,1,0.4208,30.0313,0,0
465,6,2,0.4208,30.0321,0,0
465,7,3,0.4208,9.95897,0,0
465,8,0,0,0,0,0
465,9,3,0.4208,10.0304,0,0
465,10,1,0.4208,30.0313,0,0
465,11,1,0.4208,10.0304,0,0
465,12,2,0.4208,9.67326,0,0
465,13,3,0.4208,9.88754,0,0
465,14,1,0.4208,29.9598,0,0
465,15,2,0.4208,29.9598,0,0
465,16,0,0.16832,29.5304,1,0
465,17,2,0.33664,20.0326,0,0
465,18,3,0.4208,10.0304,0,0
465,19,3,0.4208,10.0313,0,0
466,0,3,0.4208,10.0304,0,0
466,1,3,0.4208,9.95897,0,0
466,2,3,0.4208,9.95897,0,0
466,3,2,0.4208,30.0321,0.6,0
466,4,2,0.4208,29.6018,0,0
466,5,1,0.4208,30.0313,0,0
466,6,2,0.4208,30.0321,0,0
466,7,3,0.4208,9.95897,0,0
466,8,0,0,0,0,0
466,9,3,0.4208,10.0304,0,0
466,10,1,0.4208,30.0313,0,0
466,11,1,0.4208,10.0304,0,0
466,12,2,0.4208,9.67326,0,0
466,13,3,0.4208,9.88754,0,0
466,14,1,0.4208,29.9598,0,0
466,15,2,0.4208,29.9598,0,0
466,16,0,0,0,1,0
466,17,2,0.50496,20.0326,0,0
466,18,3,0.4208,10.0304,0,0
466,19,3,0.4208,10.0313,0,0
467,0,3,0.4208,10.0304,0,0
467,1,3,0.4208,9.95897,0,0
467,2,3,0.4208,9.95897,0,0
467,3,2,0.4208,30.0318,0,0
467,4,2,0.4208,29.6018,0,0
467,5,1,0.4208,30.0313,0,0
467,6,2,0.4208,30.0321,0,0
467,7,3,0.4208,9.95897,0,0
467,8,0,0,0,0,0
467,9,3,0.4208,10.0304,0,0
467,10,1,0.4208,30.0313,0,0
467,11,1,0.4208,14.0316,0,0
467,12,2,0.4208,9.67326,0,0
467,13,3,0.4208,9.88754,0,0
467,14,1,0.4208,29.9598,0,0
467,15,2,0.4208,29.9598,0,0
467,16,0,0,0,1,0
467,17,2,0.33664,20.0326,0,0
467,18,3,0.4208,10.0304,0,0
467,19,3,0.4208,10.0306,0,0
468,0,3,0.33664,25.0304,0,0
468,1,3,0.4208,9.95897,0,0
468,2,3,0.4208,9.95897,0,0
468,3,2,0.4208,30.0318,0,0
468,4,2,0.4208,29.6018,0,0
468,5,1,0.4208,30.0313,0,0
468,6,2,0.4208,30.0321,0,0
468,7,3,0.4208,9.95897,0,0
468,8,0,0,0,0,0
468,9,3,0.4208,10.0304,0,0
468,10,1,0.4208,30.0313,0,0
468,11,1,0.4208,14.0318,0,0
468,12,2,0.4208,9.67326,0,0
468,13,3,0.4208,9.88754,0,0
468,14,1,0.4208,29.9598,0,0
468,15,2,0.4208,29.9598,0,0
468,16,0,0,0,0.2,0
468,17,2,0.50496,20.0326,0,0
468,18,3,0.4208,10.0304,0,0
468,19,3,0.4208,10.0304,0,0
469,0,3,0.50496,16.6972,0,0
469,1,3,0.4208,9.95897,0,0
469,2,3,0.4208,9.95897,0,0
469,3,2,0.4208,30.0321,0,0
469,4,2,0.4208,29.6018,0,0
469,5,1,0.4208,30.0313,0,0
469,6,2,0.4208,30.0321,0,0
469,7,3,0.4208,9.95897,0,0
469,8,0,0,0,0,0
469,9,3,0.4208,10.0304,0,0
469,10,1,0.4208,30.0313,0,0
469,11,1,0.4208,10.0313,0,0
469,12,2,0.4208,9.67326,0,0
469,13,3,0.4208,9.88754,0,0
469,14,1,0.4208,29.9598,0,0
469,15,2,0.4208,29.9598,0,0
469,16,0,0,0,0,0
469,17,2,0.33664,20.0326,0,0
469,18,3,0.4208,10.0304,0,0
469,19,3,0.4208,10.0304,0,0
470,0,3,0.4208,10.0304,0,0
470,1,3,0.4208,9.95897,0,0
470,2,3,0.4208,9.95897,0,0
470,3,2,0.4208,30.0321,0,0
470,4,2,0.4208,29.5447,0,0
470,5,1,0.4208,30.0314,0,0
470,6,2,0.4208,30.0321,0,0
470,7,3,0.4208,9.95897,0,0
470,8,0,0,0,0,0
470,9,3,0.4208,10.0304,0,0
470,10,1,0.4208,30.0313,0,0
470,11,1,0.4208,10.0313,0,0
470,12,2,0.4208,9.61611,0,0
470,13,3,0.4208,9.88754,0,0
470,14,1,0.4208,29.9598,0,0
470,15,2,0.4208,29.9598,0,0
470,16,0,0,0,0,0
470,17,2,0.4208,18.0323,0,0
470,18,3,0.4208,10.0304,0,0
470,19,3,0.4208,10.0304,0,0
471,0,3,0.4208,10.0304,0,0
471,1,3,0.4208,9.95897,0,0
471,2,3,0.4208,9.95897,0,0
471,3,2,0.4208,30.0314,0,0
471,4,2,0.4208,29.5447,0,0
471,5,1,0.4208,30.032,0,0
471,6,2,0.4208,30.0321,0,0
471,7,3,0.4208,9.95897,0,0
471,8,0,0,0,0,0
471,9,3,0.4208,10.0304,0,0
471,10,1,0.4208,30.0313,0,0
471,11,1,0.4208,18.0323,0,0
471,12,2,0.4208,9.61611,0,0
471,13,3,0.4208,9.88754,0,0
471,14,1,0.4208,29.9598,0,0
471,15,2,0.4208,29.9598,0,0
471,16,0,0,0,0,0
471,17,2,0.50496,13.365,0,0
471,18,3,0.4208,10.0304,0,0
471,19,3,0.4208,10.0304,0,0
472,0,3,0.4208,10.0304,0,0
472,1,3,0.4208,9.95897,0,0
472,2,3,0.4208,9.95897,0,0
472,3,2,0.4208,30.0316,0,0
472,4,2,0.4208,29.5447,0,0
472,5,1,0.4208,30.0321,0,0
472,6,2,0.4208,30.0321,0,0
472,7,3,0.4208,9.95897,0,0
472,8,0,0,0,0,0
472,9,3,0.4208,10.0304,0,0
472,10,1,0.4208,30.0313,0,0
472,11,1,0.33664,15.0319,0,0
472,12,2,0.4208,9.61611,0,0
472,13,3,0.4208,9.88754,0,0
472,14,1,0.4208,29.9598,0,0
472,15,2,0.4208,29.9598,0,0
472,16,0,0,0,0,0
472,17,2,0.4208,10.0313,0,0
472,18,3,0.4208,10.0304,0,0
472,19,3,0.4208,10.0304,0,0
473,0,3,0.4208,10.0304,0,0
473,1,3,0.4208,9.95897,0,0
473,2,3,0.4208,9.95897,0,0
473,3,2,0.4208,30.0313,0,0
473,4,2,0.4208,29.4875,0,0
473,5,1,0.4208,30.0321,0,0
473,6,2,0.4208,30.0321,0,0
473,7,3,0.4208,9.95897,0,0
473,8,0,0,0,0,0
473,9,3,0.4208,10.0304,0,0
473,10,1,0.4208,30.0313,0,0
473,11,1,0.50496,20.0326,0,0
473,12,2,0.4208,9.55897,0,0
473,13,3,0.4208,9.88754,0,0
473,14,1,0.4208,29.9598,0,0
473,15,2,0.4208,29.9598,0,0
473,16,0,0,0,0,0
473,17,2,0.4208,10.0313,0,0
473,18,3,0.4208,10.0304,0,0
473,19,3,0.4208,10.0304,0,0
474,0,3,0.4208,10.0304,0,0
474,1,3,0.4208,9.95897,0,0
474,2,3,0.4208,9.95897,0,0
474,3,2,0.4208,30.0314,0,0
474,4,2,0.4208,29.459,0,0
474,5,1,0.4208,30.0321,0,0
474,6,2,0.4208,30.0321,0,0
474,7,3,0.4208,9.95897,0,0
474,8,0,0,0,0,0
474,9,3,0.4208,10.0304,0,0
474,10,1,0.4208,30.0313,0,0
474,11,1,0.4208,18.0323,0,0
474,12,2,0.4208,9.5304,0,0
474,13,3,0.4208,9.88754,0,0
474,14,1,0.4208,29.9598,0,0
474,15,2,0.4208,29.9598,0,0
474,16,0,0,0,0,0
474,17,2,0.4208,10.0313,0,0
474,18,3,0.4208,10.0304,0,0
474,19,3,0.4208,10.0304,0,0
475,0,3,0.4208,10.0304,0,0
475,1,3,0.4208,9.95897,0,0
475,2,3,0.4208,9.95897,0,0
475,3,2,0.4208,30.0313,0,0
475,4,2,0.4208,29.459,0,0
475,5,1,0.4208,30.0321,0,0
475,6,2,0.4208,30.0321,0,0
475,7,3,0.4208,9.95897,0,0
475,8,0,0,0,0,0
475,9,3,0.4208,10.0304,0,0
475,10,1,0.4208,30.0313,0,0
475,11,1,0.33664,20.0326,0,0
475,12,2,0.4208,9.5304,0,0
475,13,3,0.4208,9.88754,0,0
475,14,1,0.4208,29.9598,0,0
475,15,2,0.4208,29.9598,0,0
475,16,0,0,0,0,0
475,17,2,0.4208,10.0313,0,0
475,18,3,0.4208,10.0304,0,0
475,19,3,0.4208,10.0304,0,0
476,0,3,0.4208,10.0304,0,0
476,1,3,0.4208,9.95897,0,0
476,2,3,0.4208,9.95897,0,0
476,3,2,0.4208,30.0313,0,0
476,4,2,0.4208,29.459,0,0
476,5,1,0.4208,30.0321,0,0
476,6,2,0.4208,30.0321,0,0
476,7,3,0.4208,9.95897,0,0
476,8,0,0,0,0,0
476,9,3,0.4208,10.0304,0,0
476,10,1,0.4208,30.0313,0,0
476,11,1,0.50496,20.0326,0,0
476,12,2,0.4208,9.5304,0,0
476,13,3,0.4208,9.88754,0,0
476,14,2,0.33664,29.9598,0,1
476,15,2,0.4208,29.9598,0,0
476,16,0,0,0,0,0
476,17,2,0.4208,10.0313,0,0
476,18,3,0.4208,10.0304,0,0
476,19,3,0.4208,10.0304,0,0
477,0,3,0.4208,10.0304,0,0
477,1,3,0.4208,9.95897,0,0
477,2,3,0.4208,9.95897,0,0
477,3,2,0.4208,29.3875,0,0
477,4,2,0.4208,30.0313,0,0
477,5,1,0.4208,30.0313,0,0
477,6,2,0.4208,30.0321,0,0
477,7,3,0.4208,9.95897,0,0
477,8,0,0,0,0,0
477,9,3,0.4208,10.0304,0,0
477,10,1,0.4208,30.0313,0,0
477,11,1,0.33664,20.0317,0,0
477,12,2,0.4208,9.24469,0,0
477,13,3,0.4208,9.88754,0,0
477,14,2,0.4208,29.9598,0,0
477,15,2,0.4208,29.3161,0,0
477,16,0,0,0,0,0
477,17,2,0.4208,9.6304,0,0
477,18,3,0.4208,10.0304,0,0
477,19,3,0.4208,10.0304,0,0
478,0,3,0.4208,10.0304,0,0
478,1,3,0.4208,9.95897,0,0
478,2,3,0.4208,9.95897,0,0
478,3,2,0.4208,29.3875,0,0
478,4,2,0.4208,30.0313,0,0
478,5,1,0.4208,30.0313,0,0
478,6,2,0.4208,30.0321,0,0
478,7,3,0.4208,9.95897,0,0
478,8,0,0,0,0,0
478,9,3,0.4208,10.0304,0,0
478,10,1,0.4208,30.0313,0,0
478,11,1,0.50496,20.0317,0,0
478,12,2,0.4208,9.24469,0,0
478,13,3,0.4208,9.88754,0,0
478,14,2,0.4208,29.9598,0,0
478,15,2,0.4208,29.3161,0,0
478,16,0,0,0,0,0
478,17,2,0.4208,9.60183,0,0
478,18,3,0.4208,10.0304,0,0
478,19,3,0.4208,10.0304,0,0
479,0,3,0.4208,10.0304,0,0
479,1,3,0.4208,9.95897,0,0
479,2,3,0.4208,9.95897,0,0
479,3,2,0.4208,29.3875,0,0
479,4,2,0.4208,30.0313,0,0
479,5,1,0.4208,30.0313,0,0
479,6,2,0.4208,30.0321,0,0
479,7,3,0.4208,9.95897,0,0
479,8,0,0,0,0,0
479,9,3,0.4208,10.0304,0,0
479,10,1,0.4208,30.0313,0,0
479,11,1,0.33664,20.0317,0,0
479,12,2,0.4208,9.24469,0,0
479,13,3,0.4208,9.88754,0,0
479,14,2,0.4208,29.9598,0,0
479,15,2,0.4208,29.3161,0,0
479,16,0,0,0,0,0
479,17,2,0.4208,9.60183,0,0
479,18,3,0.4208,10.0304,0,0
479,19,3,0.4208,10.0304,0,0
480,0,3,0.4208,10.0304,0,0
480,1,3,0.4208,9.95897,0,0
480,2,3,0.4208,9.95897,0,0
480,3,2,0.4208,29.3875,0,0
480,4,2,0.4208,30.0313,0,0
480,5,1,0.4208,30.0313,0,0
480,6,2,0.4208,30.0321,0,0
480,7,3,0.4208,9.95897,0,0
480,8,0,0,0,0,0
480,9,3,0.4208,10.0304,0,0
480,10,1,0.4208,30.0313,0,0
480,11,1,0.50496,20.0317,0,0
480,12,2,0.4208,9.24469,0,0
480,13,3,0.4208,9.88754,0,0
480,14,2,0.4208,29.9598,0,0
480,15,2,0.4208,29.3161,0,0
480,16,0,0,0,0,0
480,17,2,0.4208,9.60183,0,0
480,18,3,0.4208,10.0304,0,0
480,19,3,0.4208,10.0304,0,0
481,0,3,0.4208,10.0304,0,0
481,1,3,0.4208,9.95897,0,0
481,2,3,0.4208,9.95897,0,0
481,3,2,0.4208,29.3875,0,0
481,4,2,0.4208,30.0313,0,0
481,5,1,0.4208,30.0313,0,0
481,6,2,0.4208,30.0321,0,0
481,7,3,0.4208,9.95897,0,0
481,8,0,0,0,0,0
481,9,3,0.4208,10.0304,0,0
481,10,1,0.4208,30.0313,0,0
481,11,1,0.33664,20.0317,0,0
481,12,2,0.4208,9.24469,0,0
481,13,3,0.4208,9.88754,0,0
481,14,2,0.4208,29.9598,0,0
481,15,2,0.4208,29.3161,0,0
481,16,0,0,0,0,0
481,17,2,0.4208,9.60183,0,0
481,18,3,0.4208,10.0304,0,0
481,19,3,0.4208,10.0304,0,0
482,0,3,0.4208,10.0304,0,0
482,1,3,0.4208,9.95897,0,0
482,2,3,0.4208,9.95897,0,0
482,3,2,0.4208,29.3875,0,0
482,4,2,0.4208,30.0313,0,0
482,5,1,0.4208,30.0313,0,0
482,6,2,0.4208,30.0321,0,0
482,7,3,0.4208,9.95897,0,0
482,8,0,0,0,0,0
482,9,3,0.4208,10.0304,0,0
482,10,1,0.4208,30.0313,0,0
482,11,1,0.50496,20.0317,0,0
482,12,2,0.4208,9.24469,0,0
482,13,3,0.4208,9.88754,0,0
482,14,2,0.4208,29.9598,0,0
482,15,2,0.4208,29.3161,0,0
482,16,0,0,0,0,0
482,17,2,0.4208,9.60183,0,0
482,18,3,0.4208,10.0304,0,0
482,19,3,0.4208,10.0304,0,0
483,0,3,0.4208,10.0304,0,0
483,1,3,0.4208,9.95897,0,0
483,2,3,0.4208,9.95897,0,0
483,3,2,0.4208,29.3875,0,0
483,4,2,0.4208,30.0313,0,0
483,5,1,0.4208,30.0313,0,0
483,6,2,0.4208,30.0321,0,0
483,7,3,0.4208,9.95897,0,0
483,8,0,0,0,0,0
483,9,3,0.4208,10.0304,0,0
483,10,1,0.4208,30.0313,0,0
483,11,1,0.33664,20.0317,0,0
483,12,2,0.4208,9.24469,0,0
483,13,3,0.4208,9.88754,0,0
483,14,2,0.4208,29.9598,0,0
483,15,2,0.4208,29.3161,0,0
483,16,0,0,0,0,0
483,17,2,0.4208,9.60183,0,0
483,18,3,0.4208,10.0304,0,0
483,19,3,0.4208,10.0304,0,0
484,0,3,0.4208,10.0304,0,0
484,1,3,0.4208,9.95897,0,0
484,2,3,0.4208,9.95897,0,0
484,3,2,0.4208,29.3875,0,0
484,4,2,0.4208,30.0313,0,0
484,5,1,0.4208,30.0313,0,0
484,6,2,0.4208,30.0321,0,0
484,7,3,0.4208,9.95897,0,0
484,8,0,0,0,0,0
484,9,3,0.4208,10.0304,0,0
484,10,1,0.4208,30.0313,0,0
484,11,1,0.50496,20.0317,0,0
484,12,2,0.4208,9.24469,0,0
484,13,3,0.4208,9.88754,0,0
484,14,2,0.4208,29.9598,0,0
484,15,2,0.4208,29.3161,0,0
484,16,0,0,0,0,0
484,17,2,0.4208,9.60183,0,0
484,18,3,0.4208,10.0304,0,0
484,19,3,0.4208,10.0304,0,0
485,0,3,0.4208,10.0304,0,0
485,1,3,0.4208,9.95897,0,0
485,2,3,0.4208,9.95897,0,0
485,3,2,0.4208,29.3875,0,0
485,4,2,0.4208,30.0313,0,0
485,5,1,0.4208,30.0306,0,0
485,6,2,0.4208,30.0321,0,0
485,7,3,0.4208,9.95897,0,0
485,8,0,0,0,0,0
485,9,3,0.33664,25.0311,0,0
485,10,1,0.4208,30.0313,0,0
485,11,1,0.33664,20.0317,0,0
485,12,2,0.4208,9.24469,0,0
485,13,3,0.4208,9.88754,0,0
485,14,2,0.4208,29.9598,0,0
485,15,2,0.4208,29.3161,0,0
485,16,0,0,0,0,0
485,17,2,0.4208,9.60183,0,0
485,18,3,0.4208,10.0304,0,0
485,19,3,0.4208,10.0304,0,0
486,0,3,0.4208,10.0304,0,0
486,1,3,0.4208,9.95897,0,0
486,2,3,0.4208,9.95897,0,0
486,3,2,0.4208,29.3875,0,0
486,4,2,0.4208,30.0313,0,0
486,5,1,0.4208,30.0311,0,0
486,6,2,0.4208,30.0321,0,0
486,7,3,0.4208,9.95897,0,0
486,8,0,0,0,0,0
486,9,3,0.50496,13.3642,0,0
486,10,1,0.4208,30.0313,0,0
486,11,1,0.50496,20.0317,0,0
486,12,2,0.4208,9.24469,0,0
486,13,3,0.4208,9.88754,0,0
486,14,2,0.4208,29.9598,0,0
486,15,2,0.4208,29.3161,0,0
486,16,0,0,0,0,0
486,17,2,0.4208,9.60183,0,0
486,18,3,0.4208,10.0304,0,0
486,19,3,0.4208,10.0304,0,0
487,0,3,0.4208,10.0304,0,0
487,1,3,0.4208,9.95897,0,0
487,2,3,0.4208,9.95897,0,0
487,3,2,0.4208,29.3875,0,0
487,4,2,0.4208,30.0313,0,0
487,5,1,0.4208,30.0313,0,0
487,6,2,0.4208,30.0321,0,0
487,7,3,0.4208,9.95897,0,0
487,8,0,0,0,0,0
487,9,3,0.4208,10.0304,0,0
487,10,1,0.4208,30.0313,0,0
487,11,1,0.33664,20.0317,0,0
487,12,2,0.4208,9.24469,0,0
487,13,3,0.4208,9.88754,0,0
487,14,2,0.4208,29.9598,0,0
487,15,2,0.4208,29.3161,0,0
487,16,0,0,0,0,0
487,17,2,0.4208,9.60183,0,0
487,18,3,0.4208,10.0304,0,0
487,19,3,0.4208,10.0304,0,0
488,0,3,0.4208,10.0304,0,0
488,1,3,0.4208,9.95897,0,0
488,2,3,0.4208,9.95897,0,0
488,3,2,0.4208,29.3875,0,0
488,4,2,0.4208,30.0313,0,0
488,5,1,0.4208,30.0306,0,0
488,6,2,0.4208,30.0321,0,0
488,7,3,0.4208,9.95897,0,0
488,8,0,0,0,0,0
488,9,3,0.33664,25.0311,0,0
488,10,1,0.4208,30.0313,0,0
488,11,1,0.50496,20.0317,0,0
488,12,2,0.4208,9.24469,0,0
488,13,3,0.4208,9.88754,0,0
488,14,2,0.4208,29.9598,0,0
488,15,2,0.4208,29.3161,0,0
488,16,0,0,0,0,0
488,17,2,0.4208,9.60183,0,0
488,18,3,0.4208,10.0304,0,0
488,19,3,0.4208,10.0304,0,0
489,0,3,0.4208,10.0304,0,0
489,1,3,0.4208,9.95897,0,0
489,2,3,0.4208,9.95897,0,0
489,3,2,0.4208,29.3875,0,0
489,4,2,0.4208,30.0313,0,0
489,5,1,0.4208,30.0309,0,0
489,6,2,0.4208,30.0321,0,0
489,7,3,0.4208,9.95897,0,0
489,8,0,0,0,0,0
489,9,3,0.50496,16.6976,0,0
489,10,1,0.4208,30.0313,0.6,0
489,11,1,0.4208,22.0316,0,0
489,12,2,0.4208,9.24469,0,0
489,13,3,0.4208,9.88754,0,0
489,14,2,0.4208,29.9598,0,0
489,15,2,0.4208,29.3161,0,0
489,16,0,0,0,0,0
489,17,2,0.4208,9.60183,0,0
489,18,3,0.4208,10.0304,0,0
489,19,3,0.4208,10.0304,0,0
490,0,3,0.4208,10.0304,0,0
490,1,3,0.4208,9.95897,0,0
490,2,3,0.4208,9.95897,0,0
490,3,2,0.4208,29.3875,0,0
490,4,2,0.4208,30.0313,0,0
490,5,1,0.4208,30.0313,0,0
490,6,2,0.4208,30.0321,0,0
490,7,3,0.4208,9.95897,0,0
490,8,0,0,0,0,0
490,9,3,0.4208,10.0304,0,0
490,10,1,0.4208,30.0313,0.6,0
490,11,1,0.4208,26.0314,0,0
490,12,2,0.4208,9.24469,0,0
490,13,3,0.4208,9.88754,0,0
490,14,2,0.4208,29.9598,0,0
490,15,2,0.4208,29.3161,0,0
490,16,0,0,0,0,0
490,17,2,0.4208,9.58754,0,0
490,18,3,0.4208,10.0304,0,0
490,19,3,0.4208,10.0304,0,0
491,0,3,0.4208,10.0304,0,0
491,1,3,0.4208,9.95897,0,0
491,2,3,0.4208,9.95897,0,0
491,3,2,0.4208,29.3875,0,0
491,4,2,0.4208,30.0313,0,0
491,5,1,0.4208,30.0311,0,0
491,6,2,0.4208,30.032,0,0
491,7,3,0.4208,9.95897,0,0
491,8,0,0,0,0,0
491,9,3,0.33664,25.0304,0,0
491,10,0,0.33664,30.0313,0,0
491,11,1,0.33664,25.0315,0,0
491,12,2,0.4208,9.24469,0,0
491,13,3,0.4208,9.88754,0,0
491,14,2,0.4208,29.9598,0,0
491,15,2,0.4208,29.3161,0,0
491,16,0,0,0,0,0
491,17,2,0.4208,9.57326,0,0
491,18,3,0.4208,10.0304,0,0
491,19,3,0.4208,10.0304,0,0
492,0,3,0.4208,10.0304,0,0
492,1,3,0.4208,9.95897,0,0
492,2,3,0.4208,9.95897,0,0
492,3,2,0.4208,29.6452,0,0
492,4,2,0.4208,29.7738,0,0
492,5,1,0.4208,30.0314,0,0
492,6,2,0.4208,30.0314,0,0
492,7,3,0.4208,9.95897,0,0
492,8,0,0,0,0,0
492,9,3,0.50496,16.6978,0,0
492,10,1,0.25248,29.9598,0,0
492,11,1,0.4208,30.0172,0,0
492,12,2,0.4208,9.3304,0,0
492,13,3,0.4208,9.88754,0,0
492,14,1,0.25248,29.9837,0,1
492,15,2,0.4208,29.5736,0,0
492,16,0,0,0,0,0
492,17,2,0.4208,9.74468,0,0
492,18,3,0.4208,10.0304,0,0
492,19,3,0.4208,10.0304,0,0
493,0,3,0.4208,10.0304,0,0
493,1,3,0.4208,9.95897,0,0
493,2,3,0.4208,9.95897,0,0
493,3,2,0.4208,30.0313,0,0
493,4,2,0.4208,29.3304,0,0
493,5,1,0.4208,30.0321,0,0
493,6,2,0.4208,30.0321,0,0
493,7,3,0.4208,9.95897,0,0
493,8,0,0,0,0,0
493,9,3,0.4208,10.0313,0,0
493,10,1,0.4208,29.9598,0,0
493,11,1,0.4208,26.0323,0,0
493,12,2,0.4208,9.40183,0,0
493,13,3,0.4208,9.88754,0,0
493,14,1,0.4208,30.0313,0,0
493,15,2,0.4208,29.9598,0,0
493,16,0,0,0,0,0
493,17,2,0.4208,10.0304,0,0
493,18,3,0.4208,10.0304,0,0
493,19,3,0.4208,10.0304,0,0
494,0,3,0.4208,10.0304,0,0
494,1,3,0.4208,9.95897,0,0
494,2,3,0.4208,9.95897,0,0
494,3,2,0.4208,30.0313,0,0
494,4,2,0.4208,29.3447,0,0
494,5,1,0.4208,30.0321,0,0
494,6,2,0.4208,30.0321,0,0
494,7,3,0.4208,9.95897,0,0
494,8,0,0,0,0,0
494,9,3,0.4208,10.0313,0,0
494,10,1,0.4208,29.9598,0,0
494,11,1,0.4208,26.0323,0,0
494,12,2,0.4208,9.41612,0,0
494,13,3,0.4208,9.88754,0,0
494,14,1,0.4208,30.0313,0,0
494,15,2,0.4208,29.9598,0,0
494,16,0,0,0,0,0
494,17,2,0.4208,10.0304,0,0
494,18,3,0.4208,10.0304,0,0
494,19,3,0.4208,10.0304,0,0
495,0,3,0.4208,10.0304,0,0
495,1,3,0.4208,9.95897,0,0
495,2,3,0.4208,9.95897,0,0
495,3,2,0.4208,30.0313,0,0
495,4,2,0.4208,29.3447,0,0
495,5,1,0.4208,30.032,0,0
495,6,2,0.4208,30.0321,0,0
495,7,3,0.4208,9.95897,0,0
495,8,0,0,0,0,0
495,9,3,0.33664,25.0313,0,0
495,10,1,0.4208,29.9598,0,0
495,11,1,0.4208,26.0323,0,0
495,12,2,0.4208,9.41612,0,0
495,13,3,0.4208,9.88754,0,0
495,14,1,0.4208,30.0313,0,0
495,15,2,0.4208,29.9598,0,0
495,16,0,0,0,0,0
495,17,2,0.4208,10.0304,0,0
495,18,3,0.4208,10.0304,0,0
495,19,3,0.4208,10.0304,0,0
496,0,3,0.4208,10.0304,0,0
496,1,3,0.4208,9.95897,0,0
496,2,3,0.4208,9.95897,0,0
496,3,2,0.4208,30.0313,0,0
496,4,2,0.4208,29.359,0,0
496,5,1,0.4208,30.032,0,0
496,6,2,0.4208,30.0321,0,0
496,7,3,0.4208,9.95897,0,0
496,8,0,0,0,0,0
496,9,3,0.50496,16.6984,0,0
496,10,1,0.4208,29.9598,0,0
496,11,1,0.4208,30.0321,0,0
496,12,2,0.4208,9.4304,0,0
496,13,3,0.4208,9.88754,0,0
496,14,1,0.4208,30.0313,0,0
496,15,2,0.4208,29.9598,0,0
496,16,0,0,0,0,0
496,17,2,0.4208,10.0304,0,0
496,18,3,0.4208,10.0304,0,0
496,19,3,0.4208,10.0304,0,0
497,0,3,0.4208,10.0309,0,0
497,1,3,0.4208,9.95897,0,0
497,2,3,0.4208,9.95897,0,0
497,3,0,0.08416,30.0313,0,0
497,4,2,0.4208,29.7161,0,0
497,5,1,0.4208,30.032,0,0
497,6,2,0.4208,30.0321,0,0
497,7,3,0.4208,9.95897,0,0
497,8,0,0,0,0,0
497,9,3,0.33664,25.0313,0,0
497,10,1,0.4208,29.9598,0,0
497,11,1,0.4208,22.0325,0,0
497,12,2,0.4208,9.78754,0,0
497,13,3,0.4208,9.88754,0,0
497,14,1,0.4208,30.0313,0,0
497,15,2,0.4208,30.0027,0,0
497,16,0,0,0,0,0
497,17,2,0.4208,10.0304,0,0
497,18,3,0.4208,10.0304,0,0
497,19,3,0.4208,10.0304,0,0
498,0,3,0.4208,10.0311,0,0
498,1,3,0.4208,9.95897,0,0
498,2,3,0.4208,9.95897,0,0
498,3,2,0.08416,9.95984,0,0
498,4,2,0.4208,29.8447,0,0
498,5,1,0.4208,30.0318,0,0
498,6,2,0.4208,30.0321,0,0
498,7,3,0.4208,9.95897,0,0
498,8,0,0,0,0,0
498,9,3,0.50496,16.6982,0,0
498,10,1,0.4208,29.9598,0,0
498,11,1,0.50496,23.3656,0,0
498,12,2,0.4208,9.91611,0,0
498,13,3,0.4208,9.88754,0,0
498,14,1,0.4208,30.0313,0,0
498,15,2,0.4208,30.017,0,0
498,16,0,0,0,0,0
498,17,2,0.4208,10.0307,0,0
498,18,3,0.4208,10.0304,0,0
498,19,3,0.4208,10.0304,0,0
499,0,3,0.4208,10.0313,0,0
499,1,3,0.4208,9.95897,0,0
499,2,3,0.4208,9.95897,0,0
499,3,2,0.4208,9.95984,0,0
499,4,2,0.4208,29.959,0,0
499,5,1,0.4208,30.0307,0,0
499,6,2,0.4208,30.0321,0,0
499,7,3,0.4208,9.95897,0,0
499,8,0,0,0,0,0
499,9,3,0.33664,15.0313,0,0
499,10,1,0.4208,29.9598,0,0
499,11,1,0.4208,22.0325,0,0
499,12,2,0.4208,10.0304,0,0
499,13,3,0.4208,9.88754,0,0
499,14,1,0.4208,30.0313,0,0
499,15,2,0.4208,30.0313,0,0
499,16,0,0,0,0,0
499,17,2,0.4208,10.0318,0,0
499,18,3,0.4208,10.0304,0,0
499,19,3,0.4208,10.0304,0,0
